2026-04-13 15:43:08.367 INFO  [main] ServerStartUp [org.sunrise.game.utils.IdGenerator:18] - IdGenerator init, WorkerId = { 2000 } 
2026-04-13 15:43:08.649 DEBUG [main] RpcUtils [org.sunrise.game.rpc.function.CallUtils:85] - CallUtils init end, took 279 ms 
2026-04-13 15:43:08.650 DEBUG [main] RpcUtils [org.sunrise.game.rpc.service.BaseService:32] - Service init start, name = { org.sunrise.game.global.service.mail.MailService } 
2026-04-13 15:43:08.650 DEBUG [main] RpcUtils [org.sunrise.game.rpc.service.BaseService:32] - Service init start, name = { org.sunrise.game.global.service.friend.FriendService } 
2026-04-13 15:43:08.651 DEBUG [main] RpcUtils [org.sunrise.game.rpc.service.BaseService:32] - Service init start, name = { org.sunrise.game.global.service.playerinfo.PlayerInfoService } 
2026-04-13 15:43:08.651 DEBUG [main] RpcUtils [org.sunrise.game.rpc.service.BaseService:32] - Service init start, name = { org.sunrise.game.global.service.chat.ChatService } 
2026-04-13 15:43:08.816 DEBUG [main] RpcUtils [org.sunrise.game.rpc.service.ServiceManager:55] - Load All Service end, took 166 ms 
2026-04-13 15:43:09.062 INFO  [nioEventLoopGroup-2-1] BaseServer [org.sunrise.game.core.server.BaseServer:92] - BaseServer start, nodeId = { RpcNode2000 }, messageManager = { RpcServerMessageManager }, BaseServerHandler = { RpcServerHandler }, localAddress = { /[0:0:0:0:0:0:0:0]:20001 } 
2026-04-13 15:43:09.064 INFO  [nioEventLoopGroup-2-1] ServerStartUp [org.sunrise.game.thread.DispatchThread:40] - DispatchThread Start, name = { RpcServerMessageManager }, { Thread[#46,RpcServerMessageManager,10,main] } 
2026-04-13 15:43:09.070 INFO  [CheckMemory] ServerStartUp [org.sunrise.game.utils.Utils:125] - Memory : {  total memory: 256 MB, free memory: 221 MB, used memory: 34 MB } 
2026-04-13 15:43:09.070 INFO  [main] ServerStartUp [org.sunrise.game.thread.DispatchThread:40] - DispatchThread Start, name = { CheckMemory }, { Thread[#49,CheckMemory,5,main] } 
2026-04-13 15:43:09.078 INFO  [nioEventLoopGroup-4-1] BaseClient [org.sunrise.game.core.client.BaseClient:137] - BaseClient start, nodeId = { RpcNode2000-ReportClient }, messageManager = { ReportClientMessageManager }, baseClientHandler = { ReportClientHandler }, remoteAddress = { /127.0.0.1:8000 } 
2026-04-13 15:43:09.079 INFO  [nioEventLoopGroup-4-1] ServerStartUp [org.sunrise.game.thread.DispatchThread:40] - DispatchThread Start, name = { ReportClientMessageManager }, { Thread[#51,ReportClientMessageManager,10,main] } 
2026-04-13 15:43:09.179 INFO  [nioEventLoopGroup-4-1] BaseClient [org.sunrise.game.core.client.BaseClientHandler:36] - connected to server success, cur NodeId = { RpcNode2000-ReportClient }, serverNodeId = { CenterServer1 } remoteAddress = { /127.0.0.1:8000 } 
2026-04-13 15:43:09.183 INFO  [nioEventLoopGroup-4-1] ReportClient [org.sunrise.game.rpc.center.NodeManager:107] - report, cur NodeId = { RpcNode2000-ReportClient }, serverNodeId = { CenterServer1 }, data = { BaseMessage(nodeId=RpcNode2000-ReportClient, toNodeId=null, messageId=202812169092284421, msg={"port":20001,"ip":"127.0.0.1","id":2000}) } 
2026-04-13 15:43:09.408 DEBUG [ReportClientMessageManager] BaseClient [org.sunrise.game.rpc.report.ReportClientMessageManager:37] - recv msg, cur NodeId = { RpcNode2000-ReportClient }, from NodeId = { CenterServer1 }, messageId = { 202812169782297605 }, data = { {"port":20000,"ip":"127.0.0.1","id":100} } 
2026-04-13 15:43:09.433 INFO  [nioEventLoopGroup-5-1] BaseClient [org.sunrise.game.core.client.BaseClient:137] - BaseClient start, nodeId = { RpcNode2000-ConnectTo-RpcNode100 }, messageManager = { RpcClientMessageManager }, baseClientHandler = { ToOtherRpcNodeHandler }, remoteAddress = { /127.0.0.1:20000 } 
2026-04-13 15:43:09.434 INFO  [nioEventLoopGroup-5-1] ServerStartUp [org.sunrise.game.thread.DispatchThread:40] - DispatchThread Start, name = { RpcClientMessageManager }, { Thread[#57,RpcClientMessageManager,10,main] } 
2026-04-13 15:43:09.438 INFO  [nioEventLoopGroup-3-1] BaseServer [org.sunrise.game.core.server.BaseServerHandler:59] - recv connection success, connectNode = { RpcNode100-ConnectTo-RpcNode2000 }, remoteAddress = { /127.0.0.1:59407 } 
2026-04-13 15:43:09.449 INFO  [nioEventLoopGroup-5-1] BaseClient [org.sunrise.game.core.client.BaseClientHandler:36] - connected to server success, cur NodeId = { RpcNode2000-ConnectTo-RpcNode100 }, serverNodeId = { RpcNode100 } remoteAddress = { /127.0.0.1:20000 } 
2026-04-13 15:43:09.467 DEBUG [RpcClientMessageManager] RpcClient [org.sunrise.game.rpc.function.RpcFunction:215] - rpc update, from NodeId = { RpcNode100 }, rpcId = 0, data = {[4]} 
2026-04-13 15:43:11.447 DEBUG [ReportClientMessageManager] BaseClient [org.sunrise.game.rpc.report.ReportClientMessageManager:37] - recv msg, cur NodeId = { RpcNode2000-ReportClient }, from NodeId = { CenterServer1 }, messageId = { 202812178590336005 }, data = { {"port":20002,"ip":"127.0.0.1","id":1000} } 
2026-04-13 15:43:11.456 INFO  [nioEventLoopGroup-6-1] BaseClient [org.sunrise.game.core.client.BaseClient:137] - BaseClient start, nodeId = { RpcNode2000-ConnectTo-RpcNode1000 }, messageManager = { RpcClientMessageManager }, baseClientHandler = { ToOtherRpcNodeHandler }, remoteAddress = { /127.0.0.1:20002 } 
2026-04-13 15:43:11.457 WARN  [nioEventLoopGroup-6-1] ServerStartUp [org.sunrise.game.core.message.BaseMessageManager:96] - DispatchThread Start Failed, name = { RpcClientMessageManager }, reason = { repeat run }) 
2026-04-13 15:43:11.476 INFO  [nioEventLoopGroup-6-1] BaseClient [org.sunrise.game.core.client.BaseClientHandler:36] - connected to server success, cur NodeId = { RpcNode2000-ConnectTo-RpcNode1000 }, serverNodeId = { RpcNode1000 } remoteAddress = { /127.0.0.1:20002 } 
2026-04-13 15:43:11.499 DEBUG [RpcClientMessageManager] RpcClient [org.sunrise.game.rpc.function.RpcFunction:215] - rpc update, from NodeId = { RpcNode1000 }, rpcId = 0, data = {[1, 17, 5, 6, 7, 13, 14]} 
2026-04-13 15:43:11.521 INFO  [nioEventLoopGroup-3-2] BaseServer [org.sunrise.game.core.server.BaseServerHandler:59] - recv connection success, connectNode = { RpcNode1000-ConnectTo-RpcNode2000 }, remoteAddress = { /127.0.0.1:59423 } 
2026-04-13 15:43:13.704 DEBUG [ReportClientMessageManager] BaseClient [org.sunrise.game.rpc.report.ReportClientMessageManager:37] - recv msg, cur NodeId = { RpcNode2000-ReportClient }, from NodeId = { CenterServer1 }, messageId = { 202812188048491526 }, data = { {"port":20003,"ip":"127.0.0.1","id":3} } 
2026-04-13 15:43:13.712 INFO  [nioEventLoopGroup-7-1] BaseClient [org.sunrise.game.core.client.BaseClient:137] - BaseClient start, nodeId = { RpcNode2000-ConnectTo-RpcNode3 }, messageManager = { RpcClientMessageManager }, baseClientHandler = { ToOtherRpcNodeHandler }, remoteAddress = { /127.0.0.1:20003 } 
2026-04-13 15:43:13.714 WARN  [nioEventLoopGroup-7-1] ServerStartUp [org.sunrise.game.core.message.BaseMessageManager:96] - DispatchThread Start Failed, name = { RpcClientMessageManager }, reason = { repeat run }) 
2026-04-13 15:43:13.727 INFO  [nioEventLoopGroup-7-1] BaseClient [org.sunrise.game.core.client.BaseClientHandler:36] - connected to server success, cur NodeId = { RpcNode2000-ConnectTo-RpcNode3 }, serverNodeId = { RpcNode3 } remoteAddress = { /127.0.0.1:20003 } 
2026-04-13 15:43:13.744 DEBUG [RpcClientMessageManager] RpcClient [org.sunrise.game.rpc.function.RpcFunction:215] - rpc update, from NodeId = { RpcNode3 }, rpcId = 0, data = {[16]} 
2026-04-13 15:43:13.779 INFO  [nioEventLoopGroup-3-3] BaseServer [org.sunrise.game.core.server.BaseServerHandler:59] - recv connection success, connectNode = { RpcNode3-ConnectTo-RpcNode2000 }, remoteAddress = { /127.0.0.1:59438 } 
2026-04-13 15:43:15.801 DEBUG [ReportClientMessageManager] BaseClient [org.sunrise.game.rpc.report.ReportClientMessageManager:37] - recv msg, cur NodeId = { RpcNode2000-ReportClient }, from NodeId = { CenterServer1 }, messageId = { 202812196843947014 }, data = { {"port":20004,"ip":"127.0.0.1","id":2} } 
2026-04-13 15:43:15.808 INFO  [nioEventLoopGroup-8-1] BaseClient [org.sunrise.game.core.client.BaseClient:137] - BaseClient start, nodeId = { RpcNode2000-ConnectTo-RpcNode2 }, messageManager = { RpcClientMessageManager }, baseClientHandler = { ToOtherRpcNodeHandler }, remoteAddress = { /127.0.0.1:20004 } 
2026-04-13 15:43:15.809 WARN  [nioEventLoopGroup-8-1] ServerStartUp [org.sunrise.game.core.message.BaseMessageManager:96] - DispatchThread Start Failed, name = { RpcClientMessageManager }, reason = { repeat run }) 
2026-04-13 15:43:15.829 INFO  [nioEventLoopGroup-8-1] BaseClient [org.sunrise.game.core.client.BaseClientHandler:36] - connected to server success, cur NodeId = { RpcNode2000-ConnectTo-RpcNode2 }, serverNodeId = { RpcNode2 } remoteAddress = { /127.0.0.1:20004 } 
2026-04-13 15:43:15.846 DEBUG [RpcClientMessageManager] RpcClient [org.sunrise.game.rpc.function.RpcFunction:215] - rpc update, from NodeId = { RpcNode2 }, rpcId = 0, data = {[15]} 
2026-04-13 15:43:15.871 INFO  [nioEventLoopGroup-3-4] BaseServer [org.sunrise.game.core.server.BaseServerHandler:59] - recv connection success, connectNode = { RpcNode2-ConnectTo-RpcNode2000 }, remoteAddress = { /127.0.0.1:59460 } 
2026-04-13 15:43:19.428 DEBUG [nioEventLoopGroup-3-1] BaseServer [org.sunrise.game.core.server.BaseServerPulseHandler:22] - recv ping, cur NodeId = { RpcNode2000 }, from NodeId = { RpcNode100-ConnectTo-RpcNode2000 }, delay = 1 ms 
2026-04-13 15:43:19.436 DEBUG [nioEventLoopGroup-5-1] BaseClient [org.sunrise.game.core.client.BaseClientPulseHandler:27] - send ping, cur NodeId = { RpcNode2000-ConnectTo-RpcNode100 } 
2026-04-13 15:43:21.461 DEBUG [nioEventLoopGroup-6-1] BaseClient [org.sunrise.game.core.client.BaseClientPulseHandler:27] - send ping, cur NodeId = { RpcNode2000-ConnectTo-RpcNode1000 } 
2026-04-13 15:43:21.521 DEBUG [nioEventLoopGroup-3-2] BaseServer [org.sunrise.game.core.server.BaseServerPulseHandler:22] - recv ping, cur NodeId = { RpcNode2000 }, from NodeId = { RpcNode1000-ConnectTo-RpcNode2000 }, delay = 1 ms 
2026-04-13 15:43:23.717 DEBUG [nioEventLoopGroup-7-1] BaseClient [org.sunrise.game.core.client.BaseClientPulseHandler:27] - send ping, cur NodeId = { RpcNode2000-ConnectTo-RpcNode3 } 
2026-04-13 15:43:23.780 DEBUG [nioEventLoopGroup-3-3] BaseServer [org.sunrise.game.core.server.BaseServerPulseHandler:22] - recv ping, cur NodeId = { RpcNode2000 }, from NodeId = { RpcNode3-ConnectTo-RpcNode2000 }, delay = 1 ms 
2026-04-13 15:43:25.815 DEBUG [nioEventLoopGroup-8-1] BaseClient [org.sunrise.game.core.client.BaseClientPulseHandler:27] - send ping, cur NodeId = { RpcNode2000-ConnectTo-RpcNode2 } 
2026-04-13 15:43:25.868 DEBUG [nioEventLoopGroup-3-4] BaseServer [org.sunrise.game.core.server.BaseServerPulseHandler:22] - recv ping, cur NodeId = { RpcNode2000 }, from NodeId = { RpcNode2-ConnectTo-RpcNode2000 }, delay = 1 ms 
2026-04-13 15:43:29.430 DEBUG [nioEventLoopGroup-3-1] BaseServer [org.sunrise.game.core.server.BaseServerPulseHandler:22] - recv ping, cur NodeId = { RpcNode2000 }, from NodeId = { RpcNode100-ConnectTo-RpcNode2000 }, delay = 0 ms 
2026-04-13 15:43:29.438 DEBUG [nioEventLoopGroup-5-1] BaseClient [org.sunrise.game.core.client.BaseClientPulseHandler:27] - send ping, cur NodeId = { RpcNode2000-ConnectTo-RpcNode100 } 
2026-04-13 15:43:31.462 DEBUG [nioEventLoopGroup-6-1] BaseClient [org.sunrise.game.core.client.BaseClientPulseHandler:27] - send ping, cur NodeId = { RpcNode2000-ConnectTo-RpcNode1000 } 
2026-04-13 15:43:31.523 DEBUG [nioEventLoopGroup-3-2] BaseServer [org.sunrise.game.core.server.BaseServerPulseHandler:22] - recv ping, cur NodeId = { RpcNode2000 }, from NodeId = { RpcNode1000-ConnectTo-RpcNode2000 }, delay = 1 ms 
2026-04-13 15:43:33.717 DEBUG [nioEventLoopGroup-7-1] BaseClient [org.sunrise.game.core.client.BaseClientPulseHandler:27] - send ping, cur NodeId = { RpcNode2000-ConnectTo-RpcNode3 } 
2026-04-13 15:43:33.781 DEBUG [nioEventLoopGroup-3-3] BaseServer [org.sunrise.game.core.server.BaseServerPulseHandler:22] - recv ping, cur NodeId = { RpcNode2000 }, from NodeId = { RpcNode3-ConnectTo-RpcNode2000 }, delay = 0 ms 
2026-04-13 15:43:35.815 DEBUG [nioEventLoopGroup-8-1] BaseClient [org.sunrise.game.core.client.BaseClientPulseHandler:27] - send ping, cur NodeId = { RpcNode2000-ConnectTo-RpcNode2 } 
2026-04-13 15:43:35.869 DEBUG [nioEventLoopGroup-3-4] BaseServer [org.sunrise.game.core.server.BaseServerPulseHandler:22] - recv ping, cur NodeId = { RpcNode2000 }, from NodeId = { RpcNode2-ConnectTo-RpcNode2000 }, delay = 1 ms 
2026-04-13 15:43:39.431 DEBUG [nioEventLoopGroup-3-1] BaseServer [org.sunrise.game.core.server.BaseServerPulseHandler:22] - recv ping, cur NodeId = { RpcNode2000 }, from NodeId = { RpcNode100-ConnectTo-RpcNode2000 }, delay = 0 ms 
2026-04-13 15:43:39.438 DEBUG [nioEventLoopGroup-5-1] BaseClient [org.sunrise.game.core.client.BaseClientPulseHandler:27] - send ping, cur NodeId = { RpcNode2000-ConnectTo-RpcNode100 } 
2026-04-13 15:43:41.463 DEBUG [nioEventLoopGroup-6-1] BaseClient [org.sunrise.game.core.client.BaseClientPulseHandler:27] - send ping, cur NodeId = { RpcNode2000-ConnectTo-RpcNode1000 } 
2026-04-13 15:43:41.523 DEBUG [nioEventLoopGroup-3-2] BaseServer [org.sunrise.game.core.server.BaseServerPulseHandler:22] - recv ping, cur NodeId = { RpcNode2000 }, from NodeId = { RpcNode1000-ConnectTo-RpcNode2000 }, delay = 1 ms 
2026-04-13 15:43:43.718 DEBUG [nioEventLoopGroup-7-1] BaseClient [org.sunrise.game.core.client.BaseClientPulseHandler:27] - send ping, cur NodeId = { RpcNode2000-ConnectTo-RpcNode3 } 
2026-04-13 15:43:43.782 DEBUG [nioEventLoopGroup-3-3] BaseServer [org.sunrise.game.core.server.BaseServerPulseHandler:22] - recv ping, cur NodeId = { RpcNode2000 }, from NodeId = { RpcNode3-ConnectTo-RpcNode2000 }, delay = 1 ms 
2026-04-13 15:43:45.817 DEBUG [nioEventLoopGroup-8-1] BaseClient [org.sunrise.game.core.client.BaseClientPulseHandler:27] - send ping, cur NodeId = { RpcNode2000-ConnectTo-RpcNode2 } 
2026-04-13 15:43:45.870 DEBUG [nioEventLoopGroup-3-4] BaseServer [org.sunrise.game.core.server.BaseServerPulseHandler:22] - recv ping, cur NodeId = { RpcNode2000 }, from NodeId = { RpcNode2-ConnectTo-RpcNode2000 }, delay = 1 ms 
2026-04-13 15:43:49.431 DEBUG [nioEventLoopGroup-3-1] BaseServer [org.sunrise.game.core.server.BaseServerPulseHandler:22] - recv ping, cur NodeId = { RpcNode2000 }, from NodeId = { RpcNode100-ConnectTo-RpcNode2000 }, delay = 1 ms 
2026-04-13 15:43:49.438 DEBUG [nioEventLoopGroup-5-1] BaseClient [org.sunrise.game.core.client.BaseClientPulseHandler:27] - send ping, cur NodeId = { RpcNode2000-ConnectTo-RpcNode100 } 
2026-04-13 15:43:51.464 DEBUG [nioEventLoopGroup-6-1] BaseClient [org.sunrise.game.core.client.BaseClientPulseHandler:27] - send ping, cur NodeId = { RpcNode2000-ConnectTo-RpcNode1000 } 
2026-04-13 15:43:51.523 DEBUG [nioEventLoopGroup-3-2] BaseServer [org.sunrise.game.core.server.BaseServerPulseHandler:22] - recv ping, cur NodeId = { RpcNode2000 }, from NodeId = { RpcNode1000-ConnectTo-RpcNode2000 }, delay = 0 ms 
2026-04-13 15:43:53.719 DEBUG [nioEventLoopGroup-7-1] BaseClient [org.sunrise.game.core.client.BaseClientPulseHandler:27] - send ping, cur NodeId = { RpcNode2000-ConnectTo-RpcNode3 } 
2026-04-13 15:43:53.782 DEBUG [nioEventLoopGroup-3-3] BaseServer [org.sunrise.game.core.server.BaseServerPulseHandler:22] - recv ping, cur NodeId = { RpcNode2000 }, from NodeId = { RpcNode3-ConnectTo-RpcNode2000 }, delay = 0 ms 
2026-04-13 15:43:55.817 DEBUG [nioEventLoopGroup-8-1] BaseClient [org.sunrise.game.core.client.BaseClientPulseHandler:27] - send ping, cur NodeId = { RpcNode2000-ConnectTo-RpcNode2 } 
2026-04-13 15:43:55.870 DEBUG [nioEventLoopGroup-3-4] BaseServer [org.sunrise.game.core.server.BaseServerPulseHandler:22] - recv ping, cur NodeId = { RpcNode2000 }, from NodeId = { RpcNode2-ConnectTo-RpcNode2000 }, delay = 1 ms 
2026-04-13 15:43:59.432 DEBUG [nioEventLoopGroup-3-1] BaseServer [org.sunrise.game.core.server.BaseServerPulseHandler:22] - recv ping, cur NodeId = { RpcNode2000 }, from NodeId = { RpcNode100-ConnectTo-RpcNode2000 }, delay = 1 ms 
2026-04-13 15:43:59.439 DEBUG [nioEventLoopGroup-5-1] BaseClient [org.sunrise.game.core.client.BaseClientPulseHandler:27] - send ping, cur NodeId = { RpcNode2000-ConnectTo-RpcNode100 } 
2026-04-13 15:44:01.464 DEBUG [nioEventLoopGroup-6-1] BaseClient [org.sunrise.game.core.client.BaseClientPulseHandler:27] - send ping, cur NodeId = { RpcNode2000-ConnectTo-RpcNode1000 } 
2026-04-13 15:44:01.524 DEBUG [nioEventLoopGroup-3-2] BaseServer [org.sunrise.game.core.server.BaseServerPulseHandler:22] - recv ping, cur NodeId = { RpcNode2000 }, from NodeId = { RpcNode1000-ConnectTo-RpcNode2000 }, delay = 1 ms 
2026-04-13 15:44:03.719 DEBUG [nioEventLoopGroup-7-1] BaseClient [org.sunrise.game.core.client.BaseClientPulseHandler:27] - send ping, cur NodeId = { RpcNode2000-ConnectTo-RpcNode3 } 
2026-04-13 15:44:03.783 DEBUG [nioEventLoopGroup-3-3] BaseServer [org.sunrise.game.core.server.BaseServerPulseHandler:22] - recv ping, cur NodeId = { RpcNode2000 }, from NodeId = { RpcNode3-ConnectTo-RpcNode2000 }, delay = 1 ms 
2026-04-13 15:44:05.817 DEBUG [nioEventLoopGroup-8-1] BaseClient [org.sunrise.game.core.client.BaseClientPulseHandler:27] - send ping, cur NodeId = { RpcNode2000-ConnectTo-RpcNode2 } 
2026-04-13 15:44:05.869 DEBUG [nioEventLoopGroup-3-4] BaseServer [org.sunrise.game.core.server.BaseServerPulseHandler:22] - recv ping, cur NodeId = { RpcNode2000 }, from NodeId = { RpcNode2-ConnectTo-RpcNode2000 }, delay = 0 ms 
2026-04-13 15:44:09.071 INFO  [CheckMemory] ServerStartUp [org.sunrise.game.utils.Utils:125] - Memory : {  total memory: 256 MB, free memory: 226 MB, used memory: 29 MB } 
2026-04-13 15:44:09.432 DEBUG [nioEventLoopGroup-3-1] BaseServer [org.sunrise.game.core.server.BaseServerPulseHandler:22] - recv ping, cur NodeId = { RpcNode2000 }, from NodeId = { RpcNode100-ConnectTo-RpcNode2000 }, delay = 1 ms 
2026-04-13 15:44:09.440 DEBUG [nioEventLoopGroup-5-1] BaseClient [org.sunrise.game.core.client.BaseClientPulseHandler:27] - send ping, cur NodeId = { RpcNode2000-ConnectTo-RpcNode100 } 
2026-04-13 15:44:11.465 DEBUG [nioEventLoopGroup-6-1] BaseClient [org.sunrise.game.core.client.BaseClientPulseHandler:27] - send ping, cur NodeId = { RpcNode2000-ConnectTo-RpcNode1000 } 
2026-04-13 15:44:11.524 DEBUG [nioEventLoopGroup-3-2] BaseServer [org.sunrise.game.core.server.BaseServerPulseHandler:22] - recv ping, cur NodeId = { RpcNode2000 }, from NodeId = { RpcNode1000-ConnectTo-RpcNode2000 }, delay = 1 ms 
2026-04-13 15:44:13.720 DEBUG [nioEventLoopGroup-7-1] BaseClient [org.sunrise.game.core.client.BaseClientPulseHandler:27] - send ping, cur NodeId = { RpcNode2000-ConnectTo-RpcNode3 } 
2026-04-13 15:44:13.783 DEBUG [nioEventLoopGroup-3-3] BaseServer [org.sunrise.game.core.server.BaseServerPulseHandler:22] - recv ping, cur NodeId = { RpcNode2000 }, from NodeId = { RpcNode3-ConnectTo-RpcNode2000 }, delay = 1 ms 
2026-04-13 15:44:15.817 DEBUG [nioEventLoopGroup-8-1] BaseClient [org.sunrise.game.core.client.BaseClientPulseHandler:27] - send ping, cur NodeId = { RpcNode2000-ConnectTo-RpcNode2 } 
2026-04-13 15:44:15.870 DEBUG [nioEventLoopGroup-3-4] BaseServer [org.sunrise.game.core.server.BaseServerPulseHandler:22] - recv ping, cur NodeId = { RpcNode2000 }, from NodeId = { RpcNode2-ConnectTo-RpcNode2000 }, delay = 0 ms 
2026-04-13 15:44:19.432 DEBUG [nioEventLoopGroup-3-1] BaseServer [org.sunrise.game.core.server.BaseServerPulseHandler:22] - recv ping, cur NodeId = { RpcNode2000 }, from NodeId = { RpcNode100-ConnectTo-RpcNode2000 }, delay = 0 ms 
2026-04-13 15:44:19.440 DEBUG [nioEventLoopGroup-5-1] BaseClient [org.sunrise.game.core.client.BaseClientPulseHandler:27] - send ping, cur NodeId = { RpcNode2000-ConnectTo-RpcNode100 } 
2026-04-13 15:44:21.465 DEBUG [nioEventLoopGroup-6-1] BaseClient [org.sunrise.game.core.client.BaseClientPulseHandler:27] - send ping, cur NodeId = { RpcNode2000-ConnectTo-RpcNode1000 } 
2026-04-13 15:44:21.524 DEBUG [nioEventLoopGroup-3-2] BaseServer [org.sunrise.game.core.server.BaseServerPulseHandler:22] - recv ping, cur NodeId = { RpcNode2000 }, from NodeId = { RpcNode1000-ConnectTo-RpcNode2000 }, delay = 1 ms 
2026-04-13 15:44:23.720 DEBUG [nioEventLoopGroup-7-1] BaseClient [org.sunrise.game.core.client.BaseClientPulseHandler:27] - send ping, cur NodeId = { RpcNode2000-ConnectTo-RpcNode3 } 
2026-04-13 15:44:23.783 DEBUG [nioEventLoopGroup-3-3] BaseServer [org.sunrise.game.core.server.BaseServerPulseHandler:22] - recv ping, cur NodeId = { RpcNode2000 }, from NodeId = { RpcNode3-ConnectTo-RpcNode2000 }, delay = 0 ms 
2026-04-13 15:44:25.818 DEBUG [nioEventLoopGroup-8-1] BaseClient [org.sunrise.game.core.client.BaseClientPulseHandler:27] - send ping, cur NodeId = { RpcNode2000-ConnectTo-RpcNode2 } 
2026-04-13 15:44:25.872 DEBUG [nioEventLoopGroup-3-4] BaseServer [org.sunrise.game.core.server.BaseServerPulseHandler:22] - recv ping, cur NodeId = { RpcNode2000 }, from NodeId = { RpcNode2-ConnectTo-RpcNode2000 }, delay = 0 ms 
2026-04-13 15:44:29.433 DEBUG [nioEventLoopGroup-3-1] BaseServer [org.sunrise.game.core.server.BaseServerPulseHandler:22] - recv ping, cur NodeId = { RpcNode2000 }, from NodeId = { RpcNode100-ConnectTo-RpcNode2000 }, delay = 1 ms 
2026-04-13 15:44:29.440 DEBUG [nioEventLoopGroup-5-1] BaseClient [org.sunrise.game.core.client.BaseClientPulseHandler:27] - send ping, cur NodeId = { RpcNode2000-ConnectTo-RpcNode100 } 
2026-04-13 15:44:31.466 DEBUG [nioEventLoopGroup-6-1] BaseClient [org.sunrise.game.core.client.BaseClientPulseHandler:27] - send ping, cur NodeId = { RpcNode2000-ConnectTo-RpcNode1000 } 
2026-04-13 15:44:31.525 DEBUG [nioEventLoopGroup-3-2] BaseServer [org.sunrise.game.core.server.BaseServerPulseHandler:22] - recv ping, cur NodeId = { RpcNode2000 }, from NodeId = { RpcNode1000-ConnectTo-RpcNode2000 }, delay = 1 ms 
2026-04-13 15:44:33.722 DEBUG [nioEventLoopGroup-7-1] BaseClient [org.sunrise.game.core.client.BaseClientPulseHandler:27] - send ping, cur NodeId = { RpcNode2000-ConnectTo-RpcNode3 } 
2026-04-13 15:44:33.784 DEBUG [nioEventLoopGroup-3-3] BaseServer [org.sunrise.game.core.server.BaseServerPulseHandler:22] - recv ping, cur NodeId = { RpcNode2000 }, from NodeId = { RpcNode3-ConnectTo-RpcNode2000 }, delay = 0 ms 
2026-04-13 15:44:35.819 DEBUG [nioEventLoopGroup-8-1] BaseClient [org.sunrise.game.core.client.BaseClientPulseHandler:27] - send ping, cur NodeId = { RpcNode2000-ConnectTo-RpcNode2 } 
2026-04-13 15:44:35.872 DEBUG [nioEventLoopGroup-3-4] BaseServer [org.sunrise.game.core.server.BaseServerPulseHandler:22] - recv ping, cur NodeId = { RpcNode2000 }, from NodeId = { RpcNode2-ConnectTo-RpcNode2000 }, delay = 1 ms 
2026-04-13 15:44:39.433 DEBUG [nioEventLoopGroup-3-1] BaseServer [org.sunrise.game.core.server.BaseServerPulseHandler:22] - recv ping, cur NodeId = { RpcNode2000 }, from NodeId = { RpcNode100-ConnectTo-RpcNode2000 }, delay = 0 ms 
2026-04-13 15:44:39.441 DEBUG [nioEventLoopGroup-5-1] BaseClient [org.sunrise.game.core.client.BaseClientPulseHandler:27] - send ping, cur NodeId = { RpcNode2000-ConnectTo-RpcNode100 } 
2026-04-13 15:44:41.467 DEBUG [nioEventLoopGroup-6-1] BaseClient [org.sunrise.game.core.client.BaseClientPulseHandler:27] - send ping, cur NodeId = { RpcNode2000-ConnectTo-RpcNode1000 } 
2026-04-13 15:44:41.525 DEBUG [nioEventLoopGroup-3-2] BaseServer [org.sunrise.game.core.server.BaseServerPulseHandler:22] - recv ping, cur NodeId = { RpcNode2000 }, from NodeId = { RpcNode1000-ConnectTo-RpcNode2000 }, delay = 1 ms 
2026-04-13 15:44:43.723 DEBUG [nioEventLoopGroup-7-1] BaseClient [org.sunrise.game.core.client.BaseClientPulseHandler:27] - send ping, cur NodeId = { RpcNode2000-ConnectTo-RpcNode3 } 
2026-04-13 15:44:43.785 DEBUG [nioEventLoopGroup-3-3] BaseServer [org.sunrise.game.core.server.BaseServerPulseHandler:22] - recv ping, cur NodeId = { RpcNode2000 }, from NodeId = { RpcNode3-ConnectTo-RpcNode2000 }, delay = 1 ms 
2026-04-13 15:44:45.820 DEBUG [nioEventLoopGroup-8-1] BaseClient [org.sunrise.game.core.client.BaseClientPulseHandler:27] - send ping, cur NodeId = { RpcNode2000-ConnectTo-RpcNode2 } 
2026-04-13 15:44:45.872 DEBUG [nioEventLoopGroup-3-4] BaseServer [org.sunrise.game.core.server.BaseServerPulseHandler:22] - recv ping, cur NodeId = { RpcNode2000 }, from NodeId = { RpcNode2-ConnectTo-RpcNode2000 }, delay = 0 ms 
2026-04-13 15:44:49.435 DEBUG [nioEventLoopGroup-3-1] BaseServer [org.sunrise.game.core.server.BaseServerPulseHandler:22] - recv ping, cur NodeId = { RpcNode2000 }, from NodeId = { RpcNode100-ConnectTo-RpcNode2000 }, delay = 1 ms 
2026-04-13 15:44:49.441 DEBUG [nioEventLoopGroup-5-1] BaseClient [org.sunrise.game.core.client.BaseClientPulseHandler:27] - send ping, cur NodeId = { RpcNode2000-ConnectTo-RpcNode100 } 
2026-04-13 15:44:51.467 DEBUG [nioEventLoopGroup-6-1] BaseClient [org.sunrise.game.core.client.BaseClientPulseHandler:27] - send ping, cur NodeId = { RpcNode2000-ConnectTo-RpcNode1000 } 
2026-04-13 15:44:51.525 DEBUG [nioEventLoopGroup-3-2] BaseServer [org.sunrise.game.core.server.BaseServerPulseHandler:22] - recv ping, cur NodeId = { RpcNode2000 }, from NodeId = { RpcNode1000-ConnectTo-RpcNode2000 }, delay = 0 ms 
2026-04-13 15:44:53.722 DEBUG [nioEventLoopGroup-7-1] BaseClient [org.sunrise.game.core.client.BaseClientPulseHandler:27] - send ping, cur NodeId = { RpcNode2000-ConnectTo-RpcNode3 } 
2026-04-13 15:44:53.785 DEBUG [nioEventLoopGroup-3-3] BaseServer [org.sunrise.game.core.server.BaseServerPulseHandler:22] - recv ping, cur NodeId = { RpcNode2000 }, from NodeId = { RpcNode3-ConnectTo-RpcNode2000 }, delay = 0 ms 
2026-04-13 15:44:55.820 DEBUG [nioEventLoopGroup-8-1] BaseClient [org.sunrise.game.core.client.BaseClientPulseHandler:27] - send ping, cur NodeId = { RpcNode2000-ConnectTo-RpcNode2 } 
2026-04-13 15:44:55.873 DEBUG [nioEventLoopGroup-3-4] BaseServer [org.sunrise.game.core.server.BaseServerPulseHandler:22] - recv ping, cur NodeId = { RpcNode2000 }, from NodeId = { RpcNode2-ConnectTo-RpcNode2000 }, delay = 1 ms 
2026-04-13 15:44:59.435 DEBUG [nioEventLoopGroup-3-1] BaseServer [org.sunrise.game.core.server.BaseServerPulseHandler:22] - recv ping, cur NodeId = { RpcNode2000 }, from NodeId = { RpcNode100-ConnectTo-RpcNode2000 }, delay = 0 ms 
2026-04-13 15:44:59.442 DEBUG [nioEventLoopGroup-5-1] BaseClient [org.sunrise.game.core.client.BaseClientPulseHandler:27] - send ping, cur NodeId = { RpcNode2000-ConnectTo-RpcNode100 } 
2026-04-13 15:45:01.469 DEBUG [nioEventLoopGroup-6-1] BaseClient [org.sunrise.game.core.client.BaseClientPulseHandler:27] - send ping, cur NodeId = { RpcNode2000-ConnectTo-RpcNode1000 } 
2026-04-13 15:45:01.526 DEBUG [nioEventLoopGroup-3-2] BaseServer [org.sunrise.game.core.server.BaseServerPulseHandler:22] - recv ping, cur NodeId = { RpcNode2000 }, from NodeId = { RpcNode1000-ConnectTo-RpcNode2000 }, delay = 0 ms 
2026-04-13 15:45:03.724 DEBUG [nioEventLoopGroup-7-1] BaseClient [org.sunrise.game.core.client.BaseClientPulseHandler:27] - send ping, cur NodeId = { RpcNode2000-ConnectTo-RpcNode3 } 
2026-04-13 15:45:03.786 DEBUG [nioEventLoopGroup-3-3] BaseServer [org.sunrise.game.core.server.BaseServerPulseHandler:22] - recv ping, cur NodeId = { RpcNode2000 }, from NodeId = { RpcNode3-ConnectTo-RpcNode2000 }, delay = 0 ms 
2026-04-13 15:45:05.820 DEBUG [nioEventLoopGroup-8-1] BaseClient [org.sunrise.game.core.client.BaseClientPulseHandler:27] - send ping, cur NodeId = { RpcNode2000-ConnectTo-RpcNode2 } 
2026-04-13 15:45:05.873 DEBUG [nioEventLoopGroup-3-4] BaseServer [org.sunrise.game.core.server.BaseServerPulseHandler:22] - recv ping, cur NodeId = { RpcNode2000 }, from NodeId = { RpcNode2-ConnectTo-RpcNode2000 }, delay = 0 ms 
2026-04-13 15:45:09.072 INFO  [CheckMemory] ServerStartUp [org.sunrise.game.utils.Utils:125] - Memory : {  total memory: 256 MB, free memory: 225 MB, used memory: 30 MB } 
2026-04-13 15:45:09.436 DEBUG [nioEventLoopGroup-3-1] BaseServer [org.sunrise.game.core.server.BaseServerPulseHandler:22] - recv ping, cur NodeId = { RpcNode2000 }, from NodeId = { RpcNode100-ConnectTo-RpcNode2000 }, delay = 1 ms 
2026-04-13 15:45:09.442 DEBUG [nioEventLoopGroup-5-1] BaseClient [org.sunrise.game.core.client.BaseClientPulseHandler:27] - send ping, cur NodeId = { RpcNode2000-ConnectTo-RpcNode100 } 
2026-04-13 15:45:11.469 DEBUG [nioEventLoopGroup-6-1] BaseClient [org.sunrise.game.core.client.BaseClientPulseHandler:27] - send ping, cur NodeId = { RpcNode2000-ConnectTo-RpcNode1000 } 
2026-04-13 15:45:11.527 DEBUG [nioEventLoopGroup-3-2] BaseServer [org.sunrise.game.core.server.BaseServerPulseHandler:22] - recv ping, cur NodeId = { RpcNode2000 }, from NodeId = { RpcNode1000-ConnectTo-RpcNode2000 }, delay = 1 ms 
2026-04-13 15:45:13.723 DEBUG [nioEventLoopGroup-7-1] BaseClient [org.sunrise.game.core.client.BaseClientPulseHandler:27] - send ping, cur NodeId = { RpcNode2000-ConnectTo-RpcNode3 } 
2026-04-13 15:45:13.787 DEBUG [nioEventLoopGroup-3-3] BaseServer [org.sunrise.game.core.server.BaseServerPulseHandler:22] - recv ping, cur NodeId = { RpcNode2000 }, from NodeId = { RpcNode3-ConnectTo-RpcNode2000 }, delay = 0 ms 
2026-04-13 15:45:15.820 DEBUG [nioEventLoopGroup-8-1] BaseClient [org.sunrise.game.core.client.BaseClientPulseHandler:27] - send ping, cur NodeId = { RpcNode2000-ConnectTo-RpcNode2 } 
2026-04-13 15:45:15.874 DEBUG [nioEventLoopGroup-3-4] BaseServer [org.sunrise.game.core.server.BaseServerPulseHandler:22] - recv ping, cur NodeId = { RpcNode2000 }, from NodeId = { RpcNode2-ConnectTo-RpcNode2000 }, delay = 0 ms 
2026-04-13 15:45:19.436 DEBUG [nioEventLoopGroup-3-1] BaseServer [org.sunrise.game.core.server.BaseServerPulseHandler:22] - recv ping, cur NodeId = { RpcNode2000 }, from NodeId = { RpcNode100-ConnectTo-RpcNode2000 }, delay = 1 ms 
2026-04-13 15:45:19.443 DEBUG [nioEventLoopGroup-5-1] BaseClient [org.sunrise.game.core.client.BaseClientPulseHandler:27] - send ping, cur NodeId = { RpcNode2000-ConnectTo-RpcNode100 } 
2026-04-13 15:45:21.469 DEBUG [nioEventLoopGroup-6-1] BaseClient [org.sunrise.game.core.client.BaseClientPulseHandler:27] - send ping, cur NodeId = { RpcNode2000-ConnectTo-RpcNode1000 } 
2026-04-13 15:45:21.527 DEBUG [nioEventLoopGroup-3-2] BaseServer [org.sunrise.game.core.server.BaseServerPulseHandler:22] - recv ping, cur NodeId = { RpcNode2000 }, from NodeId = { RpcNode1000-ConnectTo-RpcNode2000 }, delay = 1 ms 
2026-04-13 15:45:23.724 DEBUG [nioEventLoopGroup-7-1] BaseClient [org.sunrise.game.core.client.BaseClientPulseHandler:27] - send ping, cur NodeId = { RpcNode2000-ConnectTo-RpcNode3 } 
2026-04-13 15:45:23.788 DEBUG [nioEventLoopGroup-3-3] BaseServer [org.sunrise.game.core.server.BaseServerPulseHandler:22] - recv ping, cur NodeId = { RpcNode2000 }, from NodeId = { RpcNode3-ConnectTo-RpcNode2000 }, delay = 0 ms 
2026-04-13 15:45:25.821 DEBUG [nioEventLoopGroup-8-1] BaseClient [org.sunrise.game.core.client.BaseClientPulseHandler:27] - send ping, cur NodeId = { RpcNode2000-ConnectTo-RpcNode2 } 
2026-04-13 15:45:25.875 DEBUG [nioEventLoopGroup-3-4] BaseServer [org.sunrise.game.core.server.BaseServerPulseHandler:22] - recv ping, cur NodeId = { RpcNode2000 }, from NodeId = { RpcNode2-ConnectTo-RpcNode2000 }, delay = 1 ms 
2026-04-13 15:45:29.437 DEBUG [nioEventLoopGroup-3-1] BaseServer [org.sunrise.game.core.server.BaseServerPulseHandler:22] - recv ping, cur NodeId = { RpcNode2000 }, from NodeId = { RpcNode100-ConnectTo-RpcNode2000 }, delay = 0 ms 
2026-04-13 15:45:29.443 DEBUG [nioEventLoopGroup-5-1] BaseClient [org.sunrise.game.core.client.BaseClientPulseHandler:27] - send ping, cur NodeId = { RpcNode2000-ConnectTo-RpcNode100 } 
2026-04-13 15:45:31.470 DEBUG [nioEventLoopGroup-6-1] BaseClient [org.sunrise.game.core.client.BaseClientPulseHandler:27] - send ping, cur NodeId = { RpcNode2000-ConnectTo-RpcNode1000 } 
2026-04-13 15:45:31.528 DEBUG [nioEventLoopGroup-3-2] BaseServer [org.sunrise.game.core.server.BaseServerPulseHandler:22] - recv ping, cur NodeId = { RpcNode2000 }, from NodeId = { RpcNode1000-ConnectTo-RpcNode2000 }, delay = 1 ms 
2026-04-13 15:45:33.725 DEBUG [nioEventLoopGroup-7-1] BaseClient [org.sunrise.game.core.client.BaseClientPulseHandler:27] - send ping, cur NodeId = { RpcNode2000-ConnectTo-RpcNode3 } 
2026-04-13 15:45:33.790 DEBUG [nioEventLoopGroup-3-3] BaseServer [org.sunrise.game.core.server.BaseServerPulseHandler:22] - recv ping, cur NodeId = { RpcNode2000 }, from NodeId = { RpcNode3-ConnectTo-RpcNode2000 }, delay = 1 ms 
2026-04-13 15:45:35.821 DEBUG [nioEventLoopGroup-8-1] BaseClient [org.sunrise.game.core.client.BaseClientPulseHandler:27] - send ping, cur NodeId = { RpcNode2000-ConnectTo-RpcNode2 } 
2026-04-13 15:45:35.875 DEBUG [nioEventLoopGroup-3-4] BaseServer [org.sunrise.game.core.server.BaseServerPulseHandler:22] - recv ping, cur NodeId = { RpcNode2000 }, from NodeId = { RpcNode2-ConnectTo-RpcNode2000 }, delay = 1 ms 
2026-04-13 15:45:39.438 DEBUG [nioEventLoopGroup-3-1] BaseServer [org.sunrise.game.core.server.BaseServerPulseHandler:22] - recv ping, cur NodeId = { RpcNode2000 }, from NodeId = { RpcNode100-ConnectTo-RpcNode2000 }, delay = 1 ms 
2026-04-13 15:45:39.443 DEBUG [nioEventLoopGroup-5-1] BaseClient [org.sunrise.game.core.client.BaseClientPulseHandler:27] - send ping, cur NodeId = { RpcNode2000-ConnectTo-RpcNode100 } 
2026-04-13 15:45:41.471 DEBUG [nioEventLoopGroup-6-1] BaseClient [org.sunrise.game.core.client.BaseClientPulseHandler:27] - send ping, cur NodeId = { RpcNode2000-ConnectTo-RpcNode1000 } 
2026-04-13 15:45:41.530 DEBUG [nioEventLoopGroup-3-2] BaseServer [org.sunrise.game.core.server.BaseServerPulseHandler:22] - recv ping, cur NodeId = { RpcNode2000 }, from NodeId = { RpcNode1000-ConnectTo-RpcNode2000 }, delay = 1 ms 
2026-04-13 15:45:43.725 DEBUG [nioEventLoopGroup-7-1] BaseClient [org.sunrise.game.core.client.BaseClientPulseHandler:27] - send ping, cur NodeId = { RpcNode2000-ConnectTo-RpcNode3 } 
2026-04-13 15:45:43.790 DEBUG [nioEventLoopGroup-3-3] BaseServer [org.sunrise.game.core.server.BaseServerPulseHandler:22] - recv ping, cur NodeId = { RpcNode2000 }, from NodeId = { RpcNode3-ConnectTo-RpcNode2000 }, delay = 0 ms 
2026-04-13 15:45:45.822 DEBUG [nioEventLoopGroup-8-1] BaseClient [org.sunrise.game.core.client.BaseClientPulseHandler:27] - send ping, cur NodeId = { RpcNode2000-ConnectTo-RpcNode2 } 
2026-04-13 15:45:45.875 DEBUG [nioEventLoopGroup-3-4] BaseServer [org.sunrise.game.core.server.BaseServerPulseHandler:22] - recv ping, cur NodeId = { RpcNode2000 }, from NodeId = { RpcNode2-ConnectTo-RpcNode2000 }, delay = 1 ms 
2026-04-13 15:45:49.440 DEBUG [nioEventLoopGroup-3-1] BaseServer [org.sunrise.game.core.server.BaseServerPulseHandler:22] - recv ping, cur NodeId = { RpcNode2000 }, from NodeId = { RpcNode100-ConnectTo-RpcNode2000 }, delay = 1 ms 
2026-04-13 15:45:49.444 DEBUG [nioEventLoopGroup-5-1] BaseClient [org.sunrise.game.core.client.BaseClientPulseHandler:27] - send ping, cur NodeId = { RpcNode2000-ConnectTo-RpcNode100 } 
2026-04-13 15:45:51.473 DEBUG [nioEventLoopGroup-6-1] BaseClient [org.sunrise.game.core.client.BaseClientPulseHandler:27] - send ping, cur NodeId = { RpcNode2000-ConnectTo-RpcNode1000 } 
2026-04-13 15:45:51.531 DEBUG [nioEventLoopGroup-3-2] BaseServer [org.sunrise.game.core.server.BaseServerPulseHandler:22] - recv ping, cur NodeId = { RpcNode2000 }, from NodeId = { RpcNode1000-ConnectTo-RpcNode2000 }, delay = 0 ms 
2026-04-13 15:45:53.725 DEBUG [nioEventLoopGroup-7-1] BaseClient [org.sunrise.game.core.client.BaseClientPulseHandler:27] - send ping, cur NodeId = { RpcNode2000-ConnectTo-RpcNode3 } 
2026-04-13 15:45:53.791 DEBUG [nioEventLoopGroup-3-3] BaseServer [org.sunrise.game.core.server.BaseServerPulseHandler:22] - recv ping, cur NodeId = { RpcNode2000 }, from NodeId = { RpcNode3-ConnectTo-RpcNode2000 }, delay = 0 ms 
2026-04-13 15:45:55.822 DEBUG [nioEventLoopGroup-8-1] BaseClient [org.sunrise.game.core.client.BaseClientPulseHandler:27] - send ping, cur NodeId = { RpcNode2000-ConnectTo-RpcNode2 } 
2026-04-13 15:45:55.876 DEBUG [nioEventLoopGroup-3-4] BaseServer [org.sunrise.game.core.server.BaseServerPulseHandler:22] - recv ping, cur NodeId = { RpcNode2000 }, from NodeId = { RpcNode2-ConnectTo-RpcNode2000 }, delay = 1 ms 
2026-04-13 15:45:59.440 DEBUG [nioEventLoopGroup-3-1] BaseServer [org.sunrise.game.core.server.BaseServerPulseHandler:22] - recv ping, cur NodeId = { RpcNode2000 }, from NodeId = { RpcNode100-ConnectTo-RpcNode2000 }, delay = 0 ms 
2026-04-13 15:45:59.445 DEBUG [nioEventLoopGroup-5-1] BaseClient [org.sunrise.game.core.client.BaseClientPulseHandler:27] - send ping, cur NodeId = { RpcNode2000-ConnectTo-RpcNode100 } 
2026-04-13 15:46:01.474 DEBUG [nioEventLoopGroup-6-1] BaseClient [org.sunrise.game.core.client.BaseClientPulseHandler:27] - send ping, cur NodeId = { RpcNode2000-ConnectTo-RpcNode1000 } 
2026-04-13 15:46:01.532 DEBUG [nioEventLoopGroup-3-2] BaseServer [org.sunrise.game.core.server.BaseServerPulseHandler:22] - recv ping, cur NodeId = { RpcNode2000 }, from NodeId = { RpcNode1000-ConnectTo-RpcNode2000 }, delay = 0 ms 
2026-04-13 15:46:03.726 DEBUG [nioEventLoopGroup-7-1] BaseClient [org.sunrise.game.core.client.BaseClientPulseHandler:27] - send ping, cur NodeId = { RpcNode2000-ConnectTo-RpcNode3 } 
2026-04-13 15:46:03.793 DEBUG [nioEventLoopGroup-3-3] BaseServer [org.sunrise.game.core.server.BaseServerPulseHandler:22] - recv ping, cur NodeId = { RpcNode2000 }, from NodeId = { RpcNode3-ConnectTo-RpcNode2000 }, delay = 1 ms 
2026-04-13 15:46:05.823 DEBUG [nioEventLoopGroup-8-1] BaseClient [org.sunrise.game.core.client.BaseClientPulseHandler:27] - send ping, cur NodeId = { RpcNode2000-ConnectTo-RpcNode2 } 
2026-04-13 15:46:05.876 DEBUG [nioEventLoopGroup-3-4] BaseServer [org.sunrise.game.core.server.BaseServerPulseHandler:22] - recv ping, cur NodeId = { RpcNode2000 }, from NodeId = { RpcNode2-ConnectTo-RpcNode2000 }, delay = 0 ms 
2026-04-13 15:46:09.073 INFO  [CheckMemory] ServerStartUp [org.sunrise.game.utils.Utils:125] - Memory : {  total memory: 256 MB, free memory: 225 MB, used memory: 30 MB } 
2026-04-13 15:46:09.441 DEBUG [nioEventLoopGroup-3-1] BaseServer [org.sunrise.game.core.server.BaseServerPulseHandler:22] - recv ping, cur NodeId = { RpcNode2000 }, from NodeId = { RpcNode100-ConnectTo-RpcNode2000 }, delay = 0 ms 
2026-04-13 15:46:09.446 DEBUG [nioEventLoopGroup-5-1] BaseClient [org.sunrise.game.core.client.BaseClientPulseHandler:27] - send ping, cur NodeId = { RpcNode2000-ConnectTo-RpcNode100 } 
2026-04-13 15:46:11.475 DEBUG [nioEventLoopGroup-6-1] BaseClient [org.sunrise.game.core.client.BaseClientPulseHandler:27] - send ping, cur NodeId = { RpcNode2000-ConnectTo-RpcNode1000 } 
2026-04-13 15:46:11.532 DEBUG [nioEventLoopGroup-3-2] BaseServer [org.sunrise.game.core.server.BaseServerPulseHandler:22] - recv ping, cur NodeId = { RpcNode2000 }, from NodeId = { RpcNode1000-ConnectTo-RpcNode2000 }, delay = 0 ms 
2026-04-13 15:46:13.726 DEBUG [nioEventLoopGroup-7-1] BaseClient [org.sunrise.game.core.client.BaseClientPulseHandler:27] - send ping, cur NodeId = { RpcNode2000-ConnectTo-RpcNode3 } 
2026-04-13 15:46:13.793 DEBUG [nioEventLoopGroup-3-3] BaseServer [org.sunrise.game.core.server.BaseServerPulseHandler:22] - recv ping, cur NodeId = { RpcNode2000 }, from NodeId = { RpcNode3-ConnectTo-RpcNode2000 }, delay = 0 ms 
2026-04-13 15:46:15.823 DEBUG [nioEventLoopGroup-8-1] BaseClient [org.sunrise.game.core.client.BaseClientPulseHandler:27] - send ping, cur NodeId = { RpcNode2000-ConnectTo-RpcNode2 } 
2026-04-13 15:46:15.877 DEBUG [nioEventLoopGroup-3-4] BaseServer [org.sunrise.game.core.server.BaseServerPulseHandler:22] - recv ping, cur NodeId = { RpcNode2000 }, from NodeId = { RpcNode2-ConnectTo-RpcNode2000 }, delay = 1 ms 
2026-04-13 15:46:19.442 DEBUG [nioEventLoopGroup-3-1] BaseServer [org.sunrise.game.core.server.BaseServerPulseHandler:22] - recv ping, cur NodeId = { RpcNode2000 }, from NodeId = { RpcNode100-ConnectTo-RpcNode2000 }, delay = 0 ms 
2026-04-13 15:46:19.446 DEBUG [nioEventLoopGroup-5-1] BaseClient [org.sunrise.game.core.client.BaseClientPulseHandler:27] - send ping, cur NodeId = { RpcNode2000-ConnectTo-RpcNode100 } 
2026-04-13 15:46:21.475 DEBUG [nioEventLoopGroup-6-1] BaseClient [org.sunrise.game.core.client.BaseClientPulseHandler:27] - send ping, cur NodeId = { RpcNode2000-ConnectTo-RpcNode1000 } 
2026-04-13 15:46:21.533 DEBUG [nioEventLoopGroup-3-2] BaseServer [org.sunrise.game.core.server.BaseServerPulseHandler:22] - recv ping, cur NodeId = { RpcNode2000 }, from NodeId = { RpcNode1000-ConnectTo-RpcNode2000 }, delay = 1 ms 
2026-04-13 15:46:23.726 DEBUG [nioEventLoopGroup-7-1] BaseClient [org.sunrise.game.core.client.BaseClientPulseHandler:27] - send ping, cur NodeId = { RpcNode2000-ConnectTo-RpcNode3 } 
2026-04-13 15:46:23.794 DEBUG [nioEventLoopGroup-3-3] BaseServer [org.sunrise.game.core.server.BaseServerPulseHandler:22] - recv ping, cur NodeId = { RpcNode2000 }, from NodeId = { RpcNode3-ConnectTo-RpcNode2000 }, delay = 0 ms 
2026-04-13 15:46:25.823 DEBUG [nioEventLoopGroup-8-1] BaseClient [org.sunrise.game.core.client.BaseClientPulseHandler:27] - send ping, cur NodeId = { RpcNode2000-ConnectTo-RpcNode2 } 
2026-04-13 15:46:25.877 DEBUG [nioEventLoopGroup-3-4] BaseServer [org.sunrise.game.core.server.BaseServerPulseHandler:22] - recv ping, cur NodeId = { RpcNode2000 }, from NodeId = { RpcNode2-ConnectTo-RpcNode2000 }, delay = 1 ms 
2026-04-13 15:46:29.443 DEBUG [nioEventLoopGroup-3-1] BaseServer [org.sunrise.game.core.server.BaseServerPulseHandler:22] - recv ping, cur NodeId = { RpcNode2000 }, from NodeId = { RpcNode100-ConnectTo-RpcNode2000 }, delay = 0 ms 
2026-04-13 15:46:29.446 DEBUG [nioEventLoopGroup-5-1] BaseClient [org.sunrise.game.core.client.BaseClientPulseHandler:27] - send ping, cur NodeId = { RpcNode2000-ConnectTo-RpcNode100 } 
2026-04-13 15:46:31.476 DEBUG [nioEventLoopGroup-6-1] BaseClient [org.sunrise.game.core.client.BaseClientPulseHandler:27] - send ping, cur NodeId = { RpcNode2000-ConnectTo-RpcNode1000 } 
2026-04-13 15:46:31.534 DEBUG [nioEventLoopGroup-3-2] BaseServer [org.sunrise.game.core.server.BaseServerPulseHandler:22] - recv ping, cur NodeId = { RpcNode2000 }, from NodeId = { RpcNode1000-ConnectTo-RpcNode2000 }, delay = 0 ms 
2026-04-13 15:46:33.727 DEBUG [nioEventLoopGroup-7-1] BaseClient [org.sunrise.game.core.client.BaseClientPulseHandler:27] - send ping, cur NodeId = { RpcNode2000-ConnectTo-RpcNode3 } 
2026-04-13 15:46:33.795 DEBUG [nioEventLoopGroup-3-3] BaseServer [org.sunrise.game.core.server.BaseServerPulseHandler:22] - recv ping, cur NodeId = { RpcNode2000 }, from NodeId = { RpcNode3-ConnectTo-RpcNode2000 }, delay = 0 ms 
2026-04-13 15:46:35.824 DEBUG [nioEventLoopGroup-8-1] BaseClient [org.sunrise.game.core.client.BaseClientPulseHandler:27] - send ping, cur NodeId = { RpcNode2000-ConnectTo-RpcNode2 } 
2026-04-13 15:46:35.877 DEBUG [nioEventLoopGroup-3-4] BaseServer [org.sunrise.game.core.server.BaseServerPulseHandler:22] - recv ping, cur NodeId = { RpcNode2000 }, from NodeId = { RpcNode2-ConnectTo-RpcNode2000 }, delay = 1 ms 
2026-04-13 15:46:39.444 DEBUG [nioEventLoopGroup-3-1] BaseServer [org.sunrise.game.core.server.BaseServerPulseHandler:22] - recv ping, cur NodeId = { RpcNode2000 }, from NodeId = { RpcNode100-ConnectTo-RpcNode2000 }, delay = 0 ms 
2026-04-13 15:46:39.447 DEBUG [nioEventLoopGroup-5-1] BaseClient [org.sunrise.game.core.client.BaseClientPulseHandler:27] - send ping, cur NodeId = { RpcNode2000-ConnectTo-RpcNode100 } 
2026-04-13 15:46:41.476 DEBUG [nioEventLoopGroup-6-1] BaseClient [org.sunrise.game.core.client.BaseClientPulseHandler:27] - send ping, cur NodeId = { RpcNode2000-ConnectTo-RpcNode1000 } 
2026-04-13 15:46:41.534 DEBUG [nioEventLoopGroup-3-2] BaseServer [org.sunrise.game.core.server.BaseServerPulseHandler:22] - recv ping, cur NodeId = { RpcNode2000 }, from NodeId = { RpcNode1000-ConnectTo-RpcNode2000 }, delay = 0 ms 
2026-04-13 15:46:43.728 DEBUG [nioEventLoopGroup-7-1] BaseClient [org.sunrise.game.core.client.BaseClientPulseHandler:27] - send ping, cur NodeId = { RpcNode2000-ConnectTo-RpcNode3 } 
2026-04-13 15:46:43.796 DEBUG [nioEventLoopGroup-3-3] BaseServer [org.sunrise.game.core.server.BaseServerPulseHandler:22] - recv ping, cur NodeId = { RpcNode2000 }, from NodeId = { RpcNode3-ConnectTo-RpcNode2000 }, delay = 1 ms 
2026-04-13 15:46:45.824 DEBUG [nioEventLoopGroup-8-1] BaseClient [org.sunrise.game.core.client.BaseClientPulseHandler:27] - send ping, cur NodeId = { RpcNode2000-ConnectTo-RpcNode2 } 
2026-04-13 15:46:45.878 DEBUG [nioEventLoopGroup-3-4] BaseServer [org.sunrise.game.core.server.BaseServerPulseHandler:22] - recv ping, cur NodeId = { RpcNode2000 }, from NodeId = { RpcNode2-ConnectTo-RpcNode2000 }, delay = 0 ms 
2026-04-13 15:46:49.445 DEBUG [nioEventLoopGroup-3-1] BaseServer [org.sunrise.game.core.server.BaseServerPulseHandler:22] - recv ping, cur NodeId = { RpcNode2000 }, from NodeId = { RpcNode100-ConnectTo-RpcNode2000 }, delay = 1 ms 
2026-04-13 15:46:49.447 DEBUG [nioEventLoopGroup-5-1] BaseClient [org.sunrise.game.core.client.BaseClientPulseHandler:27] - send ping, cur NodeId = { RpcNode2000-ConnectTo-RpcNode100 } 
2026-04-13 15:46:51.476 DEBUG [nioEventLoopGroup-6-1] BaseClient [org.sunrise.game.core.client.BaseClientPulseHandler:27] - send ping, cur NodeId = { RpcNode2000-ConnectTo-RpcNode1000 } 
2026-04-13 15:46:51.535 DEBUG [nioEventLoopGroup-3-2] BaseServer [org.sunrise.game.core.server.BaseServerPulseHandler:22] - recv ping, cur NodeId = { RpcNode2000 }, from NodeId = { RpcNode1000-ConnectTo-RpcNode2000 }, delay = 0 ms 
2026-04-13 15:46:53.729 DEBUG [nioEventLoopGroup-7-1] BaseClient [org.sunrise.game.core.client.BaseClientPulseHandler:27] - send ping, cur NodeId = { RpcNode2000-ConnectTo-RpcNode3 } 
2026-04-13 15:46:53.796 DEBUG [nioEventLoopGroup-3-3] BaseServer [org.sunrise.game.core.server.BaseServerPulseHandler:22] - recv ping, cur NodeId = { RpcNode2000 }, from NodeId = { RpcNode3-ConnectTo-RpcNode2000 }, delay = 1 ms 
2026-04-13 15:46:55.825 DEBUG [nioEventLoopGroup-8-1] BaseClient [org.sunrise.game.core.client.BaseClientPulseHandler:27] - send ping, cur NodeId = { RpcNode2000-ConnectTo-RpcNode2 } 
2026-04-13 15:46:55.879 DEBUG [nioEventLoopGroup-3-4] BaseServer [org.sunrise.game.core.server.BaseServerPulseHandler:22] - recv ping, cur NodeId = { RpcNode2000 }, from NodeId = { RpcNode2-ConnectTo-RpcNode2000 }, delay = 0 ms 
2026-04-13 15:46:59.445 DEBUG [nioEventLoopGroup-3-1] BaseServer [org.sunrise.game.core.server.BaseServerPulseHandler:22] - recv ping, cur NodeId = { RpcNode2000 }, from NodeId = { RpcNode100-ConnectTo-RpcNode2000 }, delay = 0 ms 
2026-04-13 15:46:59.447 DEBUG [nioEventLoopGroup-5-1] BaseClient [org.sunrise.game.core.client.BaseClientPulseHandler:27] - send ping, cur NodeId = { RpcNode2000-ConnectTo-RpcNode100 } 
2026-04-13 15:47:01.476 DEBUG [nioEventLoopGroup-6-1] BaseClient [org.sunrise.game.core.client.BaseClientPulseHandler:27] - send ping, cur NodeId = { RpcNode2000-ConnectTo-RpcNode1000 } 
2026-04-13 15:47:01.536 DEBUG [nioEventLoopGroup-3-2] BaseServer [org.sunrise.game.core.server.BaseServerPulseHandler:22] - recv ping, cur NodeId = { RpcNode2000 }, from NodeId = { RpcNode1000-ConnectTo-RpcNode2000 }, delay = 0 ms 
2026-04-13 15:47:03.730 DEBUG [nioEventLoopGroup-7-1] BaseClient [org.sunrise.game.core.client.BaseClientPulseHandler:27] - send ping, cur NodeId = { RpcNode2000-ConnectTo-RpcNode3 } 
2026-04-13 15:47:03.797 DEBUG [nioEventLoopGroup-3-3] BaseServer [org.sunrise.game.core.server.BaseServerPulseHandler:22] - recv ping, cur NodeId = { RpcNode2000 }, from NodeId = { RpcNode3-ConnectTo-RpcNode2000 }, delay = 1 ms 
2026-04-13 15:47:05.825 DEBUG [nioEventLoopGroup-8-1] BaseClient [org.sunrise.game.core.client.BaseClientPulseHandler:27] - send ping, cur NodeId = { RpcNode2000-ConnectTo-RpcNode2 } 
2026-04-13 15:47:05.879 DEBUG [nioEventLoopGroup-3-4] BaseServer [org.sunrise.game.core.server.BaseServerPulseHandler:22] - recv ping, cur NodeId = { RpcNode2000 }, from NodeId = { RpcNode2-ConnectTo-RpcNode2000 }, delay = 0 ms 
2026-04-13 15:47:09.073 INFO  [CheckMemory] ServerStartUp [org.sunrise.game.utils.Utils:125] - Memory : {  total memory: 256 MB, free memory: 224 MB, used memory: 31 MB } 
2026-04-13 15:47:09.446 DEBUG [nioEventLoopGroup-3-1] BaseServer [org.sunrise.game.core.server.BaseServerPulseHandler:22] - recv ping, cur NodeId = { RpcNode2000 }, from NodeId = { RpcNode100-ConnectTo-RpcNode2000 }, delay = 1 ms 
2026-04-13 15:47:09.449 DEBUG [nioEventLoopGroup-5-1] BaseClient [org.sunrise.game.core.client.BaseClientPulseHandler:27] - send ping, cur NodeId = { RpcNode2000-ConnectTo-RpcNode100 } 
2026-04-13 15:47:11.477 DEBUG [nioEventLoopGroup-6-1] BaseClient [org.sunrise.game.core.client.BaseClientPulseHandler:27] - send ping, cur NodeId = { RpcNode2000-ConnectTo-RpcNode1000 } 
2026-04-13 15:47:11.537 DEBUG [nioEventLoopGroup-3-2] BaseServer [org.sunrise.game.core.server.BaseServerPulseHandler:22] - recv ping, cur NodeId = { RpcNode2000 }, from NodeId = { RpcNode1000-ConnectTo-RpcNode2000 }, delay = 1 ms 
2026-04-13 15:47:13.731 DEBUG [nioEventLoopGroup-7-1] BaseClient [org.sunrise.game.core.client.BaseClientPulseHandler:27] - send ping, cur NodeId = { RpcNode2000-ConnectTo-RpcNode3 } 
2026-04-13 15:47:13.796 DEBUG [nioEventLoopGroup-3-3] BaseServer [org.sunrise.game.core.server.BaseServerPulseHandler:22] - recv ping, cur NodeId = { RpcNode2000 }, from NodeId = { RpcNode3-ConnectTo-RpcNode2000 }, delay = 0 ms 
2026-04-13 15:47:15.825 DEBUG [nioEventLoopGroup-8-1] BaseClient [org.sunrise.game.core.client.BaseClientPulseHandler:27] - send ping, cur NodeId = { RpcNode2000-ConnectTo-RpcNode2 } 
2026-04-13 15:47:15.881 DEBUG [nioEventLoopGroup-3-4] BaseServer [org.sunrise.game.core.server.BaseServerPulseHandler:22] - recv ping, cur NodeId = { RpcNode2000 }, from NodeId = { RpcNode2-ConnectTo-RpcNode2000 }, delay = 0 ms 
2026-04-13 15:47:19.446 DEBUG [nioEventLoopGroup-3-1] BaseServer [org.sunrise.game.core.server.BaseServerPulseHandler:22] - recv ping, cur NodeId = { RpcNode2000 }, from NodeId = { RpcNode100-ConnectTo-RpcNode2000 }, delay = 1 ms 
2026-04-13 15:47:19.449 DEBUG [nioEventLoopGroup-5-1] BaseClient [org.sunrise.game.core.client.BaseClientPulseHandler:27] - send ping, cur NodeId = { RpcNode2000-ConnectTo-RpcNode100 } 
2026-04-13 15:47:21.478 DEBUG [nioEventLoopGroup-6-1] BaseClient [org.sunrise.game.core.client.BaseClientPulseHandler:27] - send ping, cur NodeId = { RpcNode2000-ConnectTo-RpcNode1000 } 
2026-04-13 15:47:21.537 DEBUG [nioEventLoopGroup-3-2] BaseServer [org.sunrise.game.core.server.BaseServerPulseHandler:22] - recv ping, cur NodeId = { RpcNode2000 }, from NodeId = { RpcNode1000-ConnectTo-RpcNode2000 }, delay = 0 ms 
2026-04-13 15:47:23.730 DEBUG [nioEventLoopGroup-7-1] BaseClient [org.sunrise.game.core.client.BaseClientPulseHandler:27] - send ping, cur NodeId = { RpcNode2000-ConnectTo-RpcNode3 } 
2026-04-13 15:47:23.797 DEBUG [nioEventLoopGroup-3-3] BaseServer [org.sunrise.game.core.server.BaseServerPulseHandler:22] - recv ping, cur NodeId = { RpcNode2000 }, from NodeId = { RpcNode3-ConnectTo-RpcNode2000 }, delay = 0 ms 
2026-04-13 15:47:25.826 DEBUG [nioEventLoopGroup-8-1] BaseClient [org.sunrise.game.core.client.BaseClientPulseHandler:27] - send ping, cur NodeId = { RpcNode2000-ConnectTo-RpcNode2 } 
2026-04-13 15:47:25.882 DEBUG [nioEventLoopGroup-3-4] BaseServer [org.sunrise.game.core.server.BaseServerPulseHandler:22] - recv ping, cur NodeId = { RpcNode2000 }, from NodeId = { RpcNode2-ConnectTo-RpcNode2000 }, delay = 0 ms 
2026-04-13 15:47:29.446 DEBUG [nioEventLoopGroup-3-1] BaseServer [org.sunrise.game.core.server.BaseServerPulseHandler:22] - recv ping, cur NodeId = { RpcNode2000 }, from NodeId = { RpcNode100-ConnectTo-RpcNode2000 }, delay = 1 ms 
2026-04-13 15:47:29.450 DEBUG [nioEventLoopGroup-5-1] BaseClient [org.sunrise.game.core.client.BaseClientPulseHandler:27] - send ping, cur NodeId = { RpcNode2000-ConnectTo-RpcNode100 } 
2026-04-13 15:47:31.479 DEBUG [nioEventLoopGroup-6-1] BaseClient [org.sunrise.game.core.client.BaseClientPulseHandler:27] - send ping, cur NodeId = { RpcNode2000-ConnectTo-RpcNode1000 } 
2026-04-13 15:47:31.538 DEBUG [nioEventLoopGroup-3-2] BaseServer [org.sunrise.game.core.server.BaseServerPulseHandler:22] - recv ping, cur NodeId = { RpcNode2000 }, from NodeId = { RpcNode1000-ConnectTo-RpcNode2000 }, delay = 0 ms 
2026-04-13 15:47:33.731 DEBUG [nioEventLoopGroup-7-1] BaseClient [org.sunrise.game.core.client.BaseClientPulseHandler:27] - send ping, cur NodeId = { RpcNode2000-ConnectTo-RpcNode3 } 
2026-04-13 15:47:33.799 DEBUG [nioEventLoopGroup-3-3] BaseServer [org.sunrise.game.core.server.BaseServerPulseHandler:22] - recv ping, cur NodeId = { RpcNode2000 }, from NodeId = { RpcNode3-ConnectTo-RpcNode2000 }, delay = 0 ms 
2026-04-13 15:47:35.827 DEBUG [nioEventLoopGroup-8-1] BaseClient [org.sunrise.game.core.client.BaseClientPulseHandler:27] - send ping, cur NodeId = { RpcNode2000-ConnectTo-RpcNode2 } 
2026-04-13 15:47:35.883 DEBUG [nioEventLoopGroup-3-4] BaseServer [org.sunrise.game.core.server.BaseServerPulseHandler:22] - recv ping, cur NodeId = { RpcNode2000 }, from NodeId = { RpcNode2-ConnectTo-RpcNode2000 }, delay = 0 ms 
2026-04-13 15:47:39.447 DEBUG [nioEventLoopGroup-3-1] BaseServer [org.sunrise.game.core.server.BaseServerPulseHandler:22] - recv ping, cur NodeId = { RpcNode2000 }, from NodeId = { RpcNode100-ConnectTo-RpcNode2000 }, delay = 1 ms 
2026-04-13 15:47:39.451 DEBUG [nioEventLoopGroup-5-1] BaseClient [org.sunrise.game.core.client.BaseClientPulseHandler:27] - send ping, cur NodeId = { RpcNode2000-ConnectTo-RpcNode100 } 
2026-04-13 15:47:41.479 DEBUG [nioEventLoopGroup-6-1] BaseClient [org.sunrise.game.core.client.BaseClientPulseHandler:27] - send ping, cur NodeId = { RpcNode2000-ConnectTo-RpcNode1000 } 
2026-04-13 15:47:41.539 DEBUG [nioEventLoopGroup-3-2] BaseServer [org.sunrise.game.core.server.BaseServerPulseHandler:22] - recv ping, cur NodeId = { RpcNode2000 }, from NodeId = { RpcNode1000-ConnectTo-RpcNode2000 }, delay = 0 ms 
2026-04-13 15:47:43.732 DEBUG [nioEventLoopGroup-7-1] BaseClient [org.sunrise.game.core.client.BaseClientPulseHandler:27] - send ping, cur NodeId = { RpcNode2000-ConnectTo-RpcNode3 } 
2026-04-13 15:47:43.799 DEBUG [nioEventLoopGroup-3-3] BaseServer [org.sunrise.game.core.server.BaseServerPulseHandler:22] - recv ping, cur NodeId = { RpcNode2000 }, from NodeId = { RpcNode3-ConnectTo-RpcNode2000 }, delay = 1 ms 
2026-04-13 15:47:45.827 DEBUG [nioEventLoopGroup-8-1] BaseClient [org.sunrise.game.core.client.BaseClientPulseHandler:27] - send ping, cur NodeId = { RpcNode2000-ConnectTo-RpcNode2 } 
2026-04-13 15:47:45.884 DEBUG [nioEventLoopGroup-3-4] BaseServer [org.sunrise.game.core.server.BaseServerPulseHandler:22] - recv ping, cur NodeId = { RpcNode2000 }, from NodeId = { RpcNode2-ConnectTo-RpcNode2000 }, delay = 0 ms 
2026-04-13 15:47:49.447 DEBUG [nioEventLoopGroup-3-1] BaseServer [org.sunrise.game.core.server.BaseServerPulseHandler:22] - recv ping, cur NodeId = { RpcNode2000 }, from NodeId = { RpcNode100-ConnectTo-RpcNode2000 }, delay = 1 ms 
2026-04-13 15:47:49.452 DEBUG [nioEventLoopGroup-5-1] BaseClient [org.sunrise.game.core.client.BaseClientPulseHandler:27] - send ping, cur NodeId = { RpcNode2000-ConnectTo-RpcNode100 } 
2026-04-13 15:47:51.479 DEBUG [nioEventLoopGroup-6-1] BaseClient [org.sunrise.game.core.client.BaseClientPulseHandler:27] - send ping, cur NodeId = { RpcNode2000-ConnectTo-RpcNode1000 } 
2026-04-13 15:47:51.540 DEBUG [nioEventLoopGroup-3-2] BaseServer [org.sunrise.game.core.server.BaseServerPulseHandler:22] - recv ping, cur NodeId = { RpcNode2000 }, from NodeId = { RpcNode1000-ConnectTo-RpcNode2000 }, delay = 0 ms 
2026-04-13 15:47:53.733 DEBUG [nioEventLoopGroup-7-1] BaseClient [org.sunrise.game.core.client.BaseClientPulseHandler:27] - send ping, cur NodeId = { RpcNode2000-ConnectTo-RpcNode3 } 
2026-04-13 15:47:53.800 DEBUG [nioEventLoopGroup-3-3] BaseServer [org.sunrise.game.core.server.BaseServerPulseHandler:22] - recv ping, cur NodeId = { RpcNode2000 }, from NodeId = { RpcNode3-ConnectTo-RpcNode2000 }, delay = 1 ms 
2026-04-13 15:47:55.829 DEBUG [nioEventLoopGroup-8-1] BaseClient [org.sunrise.game.core.client.BaseClientPulseHandler:27] - send ping, cur NodeId = { RpcNode2000-ConnectTo-RpcNode2 } 
2026-04-13 15:47:55.885 DEBUG [nioEventLoopGroup-3-4] BaseServer [org.sunrise.game.core.server.BaseServerPulseHandler:22] - recv ping, cur NodeId = { RpcNode2000 }, from NodeId = { RpcNode2-ConnectTo-RpcNode2000 }, delay = 0 ms 
2026-04-13 15:47:59.447 DEBUG [nioEventLoopGroup-3-1] BaseServer [org.sunrise.game.core.server.BaseServerPulseHandler:22] - recv ping, cur NodeId = { RpcNode2000 }, from NodeId = { RpcNode100-ConnectTo-RpcNode2000 }, delay = 0 ms 
2026-04-13 15:47:59.453 DEBUG [nioEventLoopGroup-5-1] BaseClient [org.sunrise.game.core.client.BaseClientPulseHandler:27] - send ping, cur NodeId = { RpcNode2000-ConnectTo-RpcNode100 } 
2026-04-13 15:48:01.480 DEBUG [nioEventLoopGroup-6-1] BaseClient [org.sunrise.game.core.client.BaseClientPulseHandler:27] - send ping, cur NodeId = { RpcNode2000-ConnectTo-RpcNode1000 } 
2026-04-13 15:48:01.541 DEBUG [nioEventLoopGroup-3-2] BaseServer [org.sunrise.game.core.server.BaseServerPulseHandler:22] - recv ping, cur NodeId = { RpcNode2000 }, from NodeId = { RpcNode1000-ConnectTo-RpcNode2000 }, delay = 0 ms 
2026-04-13 15:48:03.734 DEBUG [nioEventLoopGroup-7-1] BaseClient [org.sunrise.game.core.client.BaseClientPulseHandler:27] - send ping, cur NodeId = { RpcNode2000-ConnectTo-RpcNode3 } 
2026-04-13 15:48:03.799 DEBUG [nioEventLoopGroup-3-3] BaseServer [org.sunrise.game.core.server.BaseServerPulseHandler:22] - recv ping, cur NodeId = { RpcNode2000 }, from NodeId = { RpcNode3-ConnectTo-RpcNode2000 }, delay = 0 ms 
2026-04-13 15:48:05.829 DEBUG [nioEventLoopGroup-8-1] BaseClient [org.sunrise.game.core.client.BaseClientPulseHandler:27] - send ping, cur NodeId = { RpcNode2000-ConnectTo-RpcNode2 } 
2026-04-13 15:48:05.886 DEBUG [nioEventLoopGroup-3-4] BaseServer [org.sunrise.game.core.server.BaseServerPulseHandler:22] - recv ping, cur NodeId = { RpcNode2000 }, from NodeId = { RpcNode2-ConnectTo-RpcNode2000 }, delay = 0 ms 
2026-04-13 15:48:09.077 INFO  [CheckMemory] ServerStartUp [org.sunrise.game.utils.Utils:125] - Memory : {  total memory: 256 MB, free memory: 223 MB, used memory: 32 MB } 
2026-04-13 15:48:09.447 DEBUG [nioEventLoopGroup-3-1] BaseServer [org.sunrise.game.core.server.BaseServerPulseHandler:22] - recv ping, cur NodeId = { RpcNode2000 }, from NodeId = { RpcNode100-ConnectTo-RpcNode2000 }, delay = 0 ms 
2026-04-13 15:48:09.453 DEBUG [nioEventLoopGroup-5-1] BaseClient [org.sunrise.game.core.client.BaseClientPulseHandler:27] - send ping, cur NodeId = { RpcNode2000-ConnectTo-RpcNode100 } 
2026-04-13 15:48:11.480 DEBUG [nioEventLoopGroup-6-1] BaseClient [org.sunrise.game.core.client.BaseClientPulseHandler:27] - send ping, cur NodeId = { RpcNode2000-ConnectTo-RpcNode1000 } 
2026-04-13 15:48:11.541 DEBUG [nioEventLoopGroup-3-2] BaseServer [org.sunrise.game.core.server.BaseServerPulseHandler:22] - recv ping, cur NodeId = { RpcNode2000 }, from NodeId = { RpcNode1000-ConnectTo-RpcNode2000 }, delay = 0 ms 
2026-04-13 15:48:13.735 DEBUG [nioEventLoopGroup-7-1] BaseClient [org.sunrise.game.core.client.BaseClientPulseHandler:27] - send ping, cur NodeId = { RpcNode2000-ConnectTo-RpcNode3 } 
2026-04-13 15:48:13.800 DEBUG [nioEventLoopGroup-3-3] BaseServer [org.sunrise.game.core.server.BaseServerPulseHandler:22] - recv ping, cur NodeId = { RpcNode2000 }, from NodeId = { RpcNode3-ConnectTo-RpcNode2000 }, delay = 0 ms 
2026-04-13 15:48:15.830 DEBUG [nioEventLoopGroup-8-1] BaseClient [org.sunrise.game.core.client.BaseClientPulseHandler:27] - send ping, cur NodeId = { RpcNode2000-ConnectTo-RpcNode2 } 
2026-04-13 15:48:15.887 DEBUG [nioEventLoopGroup-3-4] BaseServer [org.sunrise.game.core.server.BaseServerPulseHandler:22] - recv ping, cur NodeId = { RpcNode2000 }, from NodeId = { RpcNode2-ConnectTo-RpcNode2000 }, delay = 1 ms 
2026-04-13 15:48:19.448 DEBUG [nioEventLoopGroup-3-1] BaseServer [org.sunrise.game.core.server.BaseServerPulseHandler:22] - recv ping, cur NodeId = { RpcNode2000 }, from NodeId = { RpcNode100-ConnectTo-RpcNode2000 }, delay = 0 ms 
2026-04-13 15:48:19.455 DEBUG [nioEventLoopGroup-5-1] BaseClient [org.sunrise.game.core.client.BaseClientPulseHandler:27] - send ping, cur NodeId = { RpcNode2000-ConnectTo-RpcNode100 } 
2026-04-13 15:48:21.480 DEBUG [nioEventLoopGroup-6-1] BaseClient [org.sunrise.game.core.client.BaseClientPulseHandler:27] - send ping, cur NodeId = { RpcNode2000-ConnectTo-RpcNode1000 } 
2026-04-13 15:48:21.542 DEBUG [nioEventLoopGroup-3-2] BaseServer [org.sunrise.game.core.server.BaseServerPulseHandler:22] - recv ping, cur NodeId = { RpcNode2000 }, from NodeId = { RpcNode1000-ConnectTo-RpcNode2000 }, delay = 1 ms 
2026-04-13 15:48:23.737 DEBUG [nioEventLoopGroup-7-1] BaseClient [org.sunrise.game.core.client.BaseClientPulseHandler:27] - send ping, cur NodeId = { RpcNode2000-ConnectTo-RpcNode3 } 
2026-04-13 15:48:23.801 DEBUG [nioEventLoopGroup-3-3] BaseServer [org.sunrise.game.core.server.BaseServerPulseHandler:22] - recv ping, cur NodeId = { RpcNode2000 }, from NodeId = { RpcNode3-ConnectTo-RpcNode2000 }, delay = 0 ms 
2026-04-13 15:48:25.830 DEBUG [nioEventLoopGroup-8-1] BaseClient [org.sunrise.game.core.client.BaseClientPulseHandler:27] - send ping, cur NodeId = { RpcNode2000-ConnectTo-RpcNode2 } 
2026-04-13 15:48:25.888 DEBUG [nioEventLoopGroup-3-4] BaseServer [org.sunrise.game.core.server.BaseServerPulseHandler:22] - recv ping, cur NodeId = { RpcNode2000 }, from NodeId = { RpcNode2-ConnectTo-RpcNode2000 }, delay = 1 ms 
2026-04-13 15:48:29.449 DEBUG [nioEventLoopGroup-3-1] BaseServer [org.sunrise.game.core.server.BaseServerPulseHandler:22] - recv ping, cur NodeId = { RpcNode2000 }, from NodeId = { RpcNode100-ConnectTo-RpcNode2000 }, delay = 0 ms 
2026-04-13 15:48:29.455 DEBUG [nioEventLoopGroup-5-1] BaseClient [org.sunrise.game.core.client.BaseClientPulseHandler:27] - send ping, cur NodeId = { RpcNode2000-ConnectTo-RpcNode100 } 
2026-04-13 15:48:31.481 DEBUG [nioEventLoopGroup-6-1] BaseClient [org.sunrise.game.core.client.BaseClientPulseHandler:27] - send ping, cur NodeId = { RpcNode2000-ConnectTo-RpcNode1000 } 
2026-04-13 15:48:31.543 DEBUG [nioEventLoopGroup-3-2] BaseServer [org.sunrise.game.core.server.BaseServerPulseHandler:22] - recv ping, cur NodeId = { RpcNode2000 }, from NodeId = { RpcNode1000-ConnectTo-RpcNode2000 }, delay = 0 ms 
2026-04-13 15:48:33.736 DEBUG [nioEventLoopGroup-7-1] BaseClient [org.sunrise.game.core.client.BaseClientPulseHandler:27] - send ping, cur NodeId = { RpcNode2000-ConnectTo-RpcNode3 } 
2026-04-13 15:48:33.803 DEBUG [nioEventLoopGroup-3-3] BaseServer [org.sunrise.game.core.server.BaseServerPulseHandler:22] - recv ping, cur NodeId = { RpcNode2000 }, from NodeId = { RpcNode3-ConnectTo-RpcNode2000 }, delay = 1 ms 
2026-04-13 15:48:35.830 DEBUG [nioEventLoopGroup-8-1] BaseClient [org.sunrise.game.core.client.BaseClientPulseHandler:27] - send ping, cur NodeId = { RpcNode2000-ConnectTo-RpcNode2 } 
2026-04-13 15:48:35.888 DEBUG [nioEventLoopGroup-3-4] BaseServer [org.sunrise.game.core.server.BaseServerPulseHandler:22] - recv ping, cur NodeId = { RpcNode2000 }, from NodeId = { RpcNode2-ConnectTo-RpcNode2000 }, delay = 0 ms 
2026-04-13 15:48:39.450 DEBUG [nioEventLoopGroup-3-1] BaseServer [org.sunrise.game.core.server.BaseServerPulseHandler:22] - recv ping, cur NodeId = { RpcNode2000 }, from NodeId = { RpcNode100-ConnectTo-RpcNode2000 }, delay = 0 ms 
2026-04-13 15:48:39.455 DEBUG [nioEventLoopGroup-5-1] BaseClient [org.sunrise.game.core.client.BaseClientPulseHandler:27] - send ping, cur NodeId = { RpcNode2000-ConnectTo-RpcNode100 } 
2026-04-13 15:48:41.481 DEBUG [nioEventLoopGroup-6-1] BaseClient [org.sunrise.game.core.client.BaseClientPulseHandler:27] - send ping, cur NodeId = { RpcNode2000-ConnectTo-RpcNode1000 } 
2026-04-13 15:48:41.544 DEBUG [nioEventLoopGroup-3-2] BaseServer [org.sunrise.game.core.server.BaseServerPulseHandler:22] - recv ping, cur NodeId = { RpcNode2000 }, from NodeId = { RpcNode1000-ConnectTo-RpcNode2000 }, delay = 1 ms 
2026-04-13 15:48:43.737 DEBUG [nioEventLoopGroup-7-1] BaseClient [org.sunrise.game.core.client.BaseClientPulseHandler:27] - send ping, cur NodeId = { RpcNode2000-ConnectTo-RpcNode3 } 
2026-04-13 15:48:43.803 DEBUG [nioEventLoopGroup-3-3] BaseServer [org.sunrise.game.core.server.BaseServerPulseHandler:22] - recv ping, cur NodeId = { RpcNode2000 }, from NodeId = { RpcNode3-ConnectTo-RpcNode2000 }, delay = 1 ms 
2026-04-13 15:48:45.830 DEBUG [nioEventLoopGroup-8-1] BaseClient [org.sunrise.game.core.client.BaseClientPulseHandler:27] - send ping, cur NodeId = { RpcNode2000-ConnectTo-RpcNode2 } 
2026-04-13 15:48:45.889 DEBUG [nioEventLoopGroup-3-4] BaseServer [org.sunrise.game.core.server.BaseServerPulseHandler:22] - recv ping, cur NodeId = { RpcNode2000 }, from NodeId = { RpcNode2-ConnectTo-RpcNode2000 }, delay = 1 ms 
2026-04-13 15:48:49.450 DEBUG [nioEventLoopGroup-3-1] BaseServer [org.sunrise.game.core.server.BaseServerPulseHandler:22] - recv ping, cur NodeId = { RpcNode2000 }, from NodeId = { RpcNode100-ConnectTo-RpcNode2000 }, delay = 0 ms 
2026-04-13 15:48:49.455 DEBUG [nioEventLoopGroup-5-1] BaseClient [org.sunrise.game.core.client.BaseClientPulseHandler:27] - send ping, cur NodeId = { RpcNode2000-ConnectTo-RpcNode100 } 
2026-04-13 15:48:51.481 DEBUG [nioEventLoopGroup-6-1] BaseClient [org.sunrise.game.core.client.BaseClientPulseHandler:27] - send ping, cur NodeId = { RpcNode2000-ConnectTo-RpcNode1000 } 
2026-04-13 15:48:51.543 DEBUG [nioEventLoopGroup-3-2] BaseServer [org.sunrise.game.core.server.BaseServerPulseHandler:22] - recv ping, cur NodeId = { RpcNode2000 }, from NodeId = { RpcNode1000-ConnectTo-RpcNode2000 }, delay = 0 ms 
2026-04-13 15:48:53.737 DEBUG [nioEventLoopGroup-7-1] BaseClient [org.sunrise.game.core.client.BaseClientPulseHandler:27] - send ping, cur NodeId = { RpcNode2000-ConnectTo-RpcNode3 } 
2026-04-13 15:48:53.803 DEBUG [nioEventLoopGroup-3-3] BaseServer [org.sunrise.game.core.server.BaseServerPulseHandler:22] - recv ping, cur NodeId = { RpcNode2000 }, from NodeId = { RpcNode3-ConnectTo-RpcNode2000 }, delay = 0 ms 
2026-04-13 15:48:55.831 DEBUG [nioEventLoopGroup-8-1] BaseClient [org.sunrise.game.core.client.BaseClientPulseHandler:27] - send ping, cur NodeId = { RpcNode2000-ConnectTo-RpcNode2 } 
2026-04-13 15:48:55.888 DEBUG [nioEventLoopGroup-3-4] BaseServer [org.sunrise.game.core.server.BaseServerPulseHandler:22] - recv ping, cur NodeId = { RpcNode2000 }, from NodeId = { RpcNode2-ConnectTo-RpcNode2000 }, delay = 0 ms 
2026-04-13 15:48:59.450 DEBUG [nioEventLoopGroup-3-1] BaseServer [org.sunrise.game.core.server.BaseServerPulseHandler:22] - recv ping, cur NodeId = { RpcNode2000 }, from NodeId = { RpcNode100-ConnectTo-RpcNode2000 }, delay = 0 ms 
2026-04-13 15:48:59.456 DEBUG [nioEventLoopGroup-5-1] BaseClient [org.sunrise.game.core.client.BaseClientPulseHandler:27] - send ping, cur NodeId = { RpcNode2000-ConnectTo-RpcNode100 } 
2026-04-13 15:49:01.481 DEBUG [nioEventLoopGroup-6-1] BaseClient [org.sunrise.game.core.client.BaseClientPulseHandler:27] - send ping, cur NodeId = { RpcNode2000-ConnectTo-RpcNode1000 } 
2026-04-13 15:49:01.544 DEBUG [nioEventLoopGroup-3-2] BaseServer [org.sunrise.game.core.server.BaseServerPulseHandler:22] - recv ping, cur NodeId = { RpcNode2000 }, from NodeId = { RpcNode1000-ConnectTo-RpcNode2000 }, delay = 1 ms 
2026-04-13 15:49:03.738 DEBUG [nioEventLoopGroup-7-1] BaseClient [org.sunrise.game.core.client.BaseClientPulseHandler:27] - send ping, cur NodeId = { RpcNode2000-ConnectTo-RpcNode3 } 
2026-04-13 15:49:03.804 DEBUG [nioEventLoopGroup-3-3] BaseServer [org.sunrise.game.core.server.BaseServerPulseHandler:22] - recv ping, cur NodeId = { RpcNode2000 }, from NodeId = { RpcNode3-ConnectTo-RpcNode2000 }, delay = 0 ms 
2026-04-13 15:49:05.831 DEBUG [nioEventLoopGroup-8-1] BaseClient [org.sunrise.game.core.client.BaseClientPulseHandler:27] - send ping, cur NodeId = { RpcNode2000-ConnectTo-RpcNode2 } 
2026-04-13 15:49:05.889 DEBUG [nioEventLoopGroup-3-4] BaseServer [org.sunrise.game.core.server.BaseServerPulseHandler:22] - recv ping, cur NodeId = { RpcNode2000 }, from NodeId = { RpcNode2-ConnectTo-RpcNode2000 }, delay = 0 ms 
2026-04-13 15:49:09.078 INFO  [CheckMemory] ServerStartUp [org.sunrise.game.utils.Utils:125] - Memory : {  total memory: 256 MB, free memory: 222 MB, used memory: 33 MB } 
2026-04-13 15:49:09.451 DEBUG [nioEventLoopGroup-3-1] BaseServer [org.sunrise.game.core.server.BaseServerPulseHandler:22] - recv ping, cur NodeId = { RpcNode2000 }, from NodeId = { RpcNode100-ConnectTo-RpcNode2000 }, delay = 0 ms 
2026-04-13 15:49:09.457 DEBUG [nioEventLoopGroup-5-1] BaseClient [org.sunrise.game.core.client.BaseClientPulseHandler:27] - send ping, cur NodeId = { RpcNode2000-ConnectTo-RpcNode100 } 
2026-04-13 15:49:11.482 DEBUG [nioEventLoopGroup-6-1] BaseClient [org.sunrise.game.core.client.BaseClientPulseHandler:27] - send ping, cur NodeId = { RpcNode2000-ConnectTo-RpcNode1000 } 
2026-04-13 15:49:11.544 DEBUG [nioEventLoopGroup-3-2] BaseServer [org.sunrise.game.core.server.BaseServerPulseHandler:22] - recv ping, cur NodeId = { RpcNode2000 }, from NodeId = { RpcNode1000-ConnectTo-RpcNode2000 }, delay = 0 ms 
2026-04-13 15:49:13.737 DEBUG [nioEventLoopGroup-7-1] BaseClient [org.sunrise.game.core.client.BaseClientPulseHandler:27] - send ping, cur NodeId = { RpcNode2000-ConnectTo-RpcNode3 } 
2026-04-13 15:49:13.805 DEBUG [nioEventLoopGroup-3-3] BaseServer [org.sunrise.game.core.server.BaseServerPulseHandler:22] - recv ping, cur NodeId = { RpcNode2000 }, from NodeId = { RpcNode3-ConnectTo-RpcNode2000 }, delay = 1 ms 
2026-04-13 15:49:15.831 DEBUG [nioEventLoopGroup-8-1] BaseClient [org.sunrise.game.core.client.BaseClientPulseHandler:27] - send ping, cur NodeId = { RpcNode2000-ConnectTo-RpcNode2 } 
2026-04-13 15:49:15.890 DEBUG [nioEventLoopGroup-3-4] BaseServer [org.sunrise.game.core.server.BaseServerPulseHandler:22] - recv ping, cur NodeId = { RpcNode2000 }, from NodeId = { RpcNode2-ConnectTo-RpcNode2000 }, delay = 0 ms 
2026-04-13 15:49:19.451 DEBUG [nioEventLoopGroup-3-1] BaseServer [org.sunrise.game.core.server.BaseServerPulseHandler:22] - recv ping, cur NodeId = { RpcNode2000 }, from NodeId = { RpcNode100-ConnectTo-RpcNode2000 }, delay = 0 ms 
2026-04-13 15:49:19.458 DEBUG [nioEventLoopGroup-5-1] BaseClient [org.sunrise.game.core.client.BaseClientPulseHandler:27] - send ping, cur NodeId = { RpcNode2000-ConnectTo-RpcNode100 } 
2026-04-13 15:49:21.482 DEBUG [nioEventLoopGroup-6-1] BaseClient [org.sunrise.game.core.client.BaseClientPulseHandler:27] - send ping, cur NodeId = { RpcNode2000-ConnectTo-RpcNode1000 } 
2026-04-13 15:49:21.545 DEBUG [nioEventLoopGroup-3-2] BaseServer [org.sunrise.game.core.server.BaseServerPulseHandler:22] - recv ping, cur NodeId = { RpcNode2000 }, from NodeId = { RpcNode1000-ConnectTo-RpcNode2000 }, delay = 1 ms 
2026-04-13 15:49:23.738 DEBUG [nioEventLoopGroup-7-1] BaseClient [org.sunrise.game.core.client.BaseClientPulseHandler:27] - send ping, cur NodeId = { RpcNode2000-ConnectTo-RpcNode3 } 
2026-04-13 15:49:23.805 DEBUG [nioEventLoopGroup-3-3] BaseServer [org.sunrise.game.core.server.BaseServerPulseHandler:22] - recv ping, cur NodeId = { RpcNode2000 }, from NodeId = { RpcNode3-ConnectTo-RpcNode2000 }, delay = 1 ms 
2026-04-13 15:49:25.832 DEBUG [nioEventLoopGroup-8-1] BaseClient [org.sunrise.game.core.client.BaseClientPulseHandler:27] - send ping, cur NodeId = { RpcNode2000-ConnectTo-RpcNode2 } 
2026-04-13 15:49:25.890 DEBUG [nioEventLoopGroup-3-4] BaseServer [org.sunrise.game.core.server.BaseServerPulseHandler:22] - recv ping, cur NodeId = { RpcNode2000 }, from NodeId = { RpcNode2-ConnectTo-RpcNode2000 }, delay = 0 ms 
2026-04-13 15:49:29.452 DEBUG [nioEventLoopGroup-3-1] BaseServer [org.sunrise.game.core.server.BaseServerPulseHandler:22] - recv ping, cur NodeId = { RpcNode2000 }, from NodeId = { RpcNode100-ConnectTo-RpcNode2000 }, delay = 0 ms 
2026-04-13 15:49:29.458 DEBUG [nioEventLoopGroup-5-1] BaseClient [org.sunrise.game.core.client.BaseClientPulseHandler:27] - send ping, cur NodeId = { RpcNode2000-ConnectTo-RpcNode100 } 
2026-04-13 15:49:31.483 DEBUG [nioEventLoopGroup-6-1] BaseClient [org.sunrise.game.core.client.BaseClientPulseHandler:27] - send ping, cur NodeId = { RpcNode2000-ConnectTo-RpcNode1000 } 
2026-04-13 15:49:31.546 DEBUG [nioEventLoopGroup-3-2] BaseServer [org.sunrise.game.core.server.BaseServerPulseHandler:22] - recv ping, cur NodeId = { RpcNode2000 }, from NodeId = { RpcNode1000-ConnectTo-RpcNode2000 }, delay = 0 ms 
2026-04-13 15:49:33.738 DEBUG [nioEventLoopGroup-7-1] BaseClient [org.sunrise.game.core.client.BaseClientPulseHandler:27] - send ping, cur NodeId = { RpcNode2000-ConnectTo-RpcNode3 } 
2026-04-13 15:49:33.806 DEBUG [nioEventLoopGroup-3-3] BaseServer [org.sunrise.game.core.server.BaseServerPulseHandler:22] - recv ping, cur NodeId = { RpcNode2000 }, from NodeId = { RpcNode3-ConnectTo-RpcNode2000 }, delay = 0 ms 
2026-04-13 15:49:35.832 DEBUG [nioEventLoopGroup-8-1] BaseClient [org.sunrise.game.core.client.BaseClientPulseHandler:27] - send ping, cur NodeId = { RpcNode2000-ConnectTo-RpcNode2 } 
2026-04-13 15:49:35.891 DEBUG [nioEventLoopGroup-3-4] BaseServer [org.sunrise.game.core.server.BaseServerPulseHandler:22] - recv ping, cur NodeId = { RpcNode2000 }, from NodeId = { RpcNode2-ConnectTo-RpcNode2000 }, delay = 1 ms 
2026-04-13 15:49:39.452 DEBUG [nioEventLoopGroup-3-1] BaseServer [org.sunrise.game.core.server.BaseServerPulseHandler:22] - recv ping, cur NodeId = { RpcNode2000 }, from NodeId = { RpcNode100-ConnectTo-RpcNode2000 }, delay = 0 ms 
2026-04-13 15:49:39.458 DEBUG [nioEventLoopGroup-5-1] BaseClient [org.sunrise.game.core.client.BaseClientPulseHandler:27] - send ping, cur NodeId = { RpcNode2000-ConnectTo-RpcNode100 } 
2026-04-13 15:49:41.483 DEBUG [nioEventLoopGroup-6-1] BaseClient [org.sunrise.game.core.client.BaseClientPulseHandler:27] - send ping, cur NodeId = { RpcNode2000-ConnectTo-RpcNode1000 } 
2026-04-13 15:49:41.547 DEBUG [nioEventLoopGroup-3-2] BaseServer [org.sunrise.game.core.server.BaseServerPulseHandler:22] - recv ping, cur NodeId = { RpcNode2000 }, from NodeId = { RpcNode1000-ConnectTo-RpcNode2000 }, delay = 0 ms 
2026-04-13 15:49:43.740 DEBUG [nioEventLoopGroup-7-1] BaseClient [org.sunrise.game.core.client.BaseClientPulseHandler:27] - send ping, cur NodeId = { RpcNode2000-ConnectTo-RpcNode3 } 
2026-04-13 15:49:43.806 DEBUG [nioEventLoopGroup-3-3] BaseServer [org.sunrise.game.core.server.BaseServerPulseHandler:22] - recv ping, cur NodeId = { RpcNode2000 }, from NodeId = { RpcNode3-ConnectTo-RpcNode2000 }, delay = 0 ms 
2026-04-13 15:49:45.833 DEBUG [nioEventLoopGroup-8-1] BaseClient [org.sunrise.game.core.client.BaseClientPulseHandler:27] - send ping, cur NodeId = { RpcNode2000-ConnectTo-RpcNode2 } 
2026-04-13 15:49:45.892 DEBUG [nioEventLoopGroup-3-4] BaseServer [org.sunrise.game.core.server.BaseServerPulseHandler:22] - recv ping, cur NodeId = { RpcNode2000 }, from NodeId = { RpcNode2-ConnectTo-RpcNode2000 }, delay = 0 ms 
2026-04-13 15:49:49.453 DEBUG [nioEventLoopGroup-3-1] BaseServer [org.sunrise.game.core.server.BaseServerPulseHandler:22] - recv ping, cur NodeId = { RpcNode2000 }, from NodeId = { RpcNode100-ConnectTo-RpcNode2000 }, delay = 1 ms 
2026-04-13 15:49:49.458 DEBUG [nioEventLoopGroup-5-1] BaseClient [org.sunrise.game.core.client.BaseClientPulseHandler:27] - send ping, cur NodeId = { RpcNode2000-ConnectTo-RpcNode100 } 
2026-04-13 15:49:51.483 DEBUG [nioEventLoopGroup-6-1] BaseClient [org.sunrise.game.core.client.BaseClientPulseHandler:27] - send ping, cur NodeId = { RpcNode2000-ConnectTo-RpcNode1000 } 
2026-04-13 15:49:51.548 DEBUG [nioEventLoopGroup-3-2] BaseServer [org.sunrise.game.core.server.BaseServerPulseHandler:22] - recv ping, cur NodeId = { RpcNode2000 }, from NodeId = { RpcNode1000-ConnectTo-RpcNode2000 }, delay = 0 ms 
2026-04-13 15:49:53.740 DEBUG [nioEventLoopGroup-7-1] BaseClient [org.sunrise.game.core.client.BaseClientPulseHandler:27] - send ping, cur NodeId = { RpcNode2000-ConnectTo-RpcNode3 } 
2026-04-13 15:49:53.807 DEBUG [nioEventLoopGroup-3-3] BaseServer [org.sunrise.game.core.server.BaseServerPulseHandler:22] - recv ping, cur NodeId = { RpcNode2000 }, from NodeId = { RpcNode3-ConnectTo-RpcNode2000 }, delay = 0 ms 
2026-04-13 15:49:55.835 DEBUG [nioEventLoopGroup-8-1] BaseClient [org.sunrise.game.core.client.BaseClientPulseHandler:27] - send ping, cur NodeId = { RpcNode2000-ConnectTo-RpcNode2 } 
2026-04-13 15:49:55.892 DEBUG [nioEventLoopGroup-3-4] BaseServer [org.sunrise.game.core.server.BaseServerPulseHandler:22] - recv ping, cur NodeId = { RpcNode2000 }, from NodeId = { RpcNode2-ConnectTo-RpcNode2000 }, delay = 0 ms 
2026-04-13 15:49:59.452 DEBUG [nioEventLoopGroup-3-1] BaseServer [org.sunrise.game.core.server.BaseServerPulseHandler:22] - recv ping, cur NodeId = { RpcNode2000 }, from NodeId = { RpcNode100-ConnectTo-RpcNode2000 }, delay = 0 ms 
2026-04-13 15:49:59.459 DEBUG [nioEventLoopGroup-5-1] BaseClient [org.sunrise.game.core.client.BaseClientPulseHandler:27] - send ping, cur NodeId = { RpcNode2000-ConnectTo-RpcNode100 } 
2026-04-13 15:50:01.484 DEBUG [nioEventLoopGroup-6-1] BaseClient [org.sunrise.game.core.client.BaseClientPulseHandler:27] - send ping, cur NodeId = { RpcNode2000-ConnectTo-RpcNode1000 } 
2026-04-13 15:50:01.548 DEBUG [nioEventLoopGroup-3-2] BaseServer [org.sunrise.game.core.server.BaseServerPulseHandler:22] - recv ping, cur NodeId = { RpcNode2000 }, from NodeId = { RpcNode1000-ConnectTo-RpcNode2000 }, delay = 0 ms 
2026-04-13 15:50:03.741 DEBUG [nioEventLoopGroup-7-1] BaseClient [org.sunrise.game.core.client.BaseClientPulseHandler:27] - send ping, cur NodeId = { RpcNode2000-ConnectTo-RpcNode3 } 
2026-04-13 15:50:03.809 DEBUG [nioEventLoopGroup-3-3] BaseServer [org.sunrise.game.core.server.BaseServerPulseHandler:22] - recv ping, cur NodeId = { RpcNode2000 }, from NodeId = { RpcNode3-ConnectTo-RpcNode2000 }, delay = 1 ms 
2026-04-13 15:50:05.836 DEBUG [nioEventLoopGroup-8-1] BaseClient [org.sunrise.game.core.client.BaseClientPulseHandler:27] - send ping, cur NodeId = { RpcNode2000-ConnectTo-RpcNode2 } 
2026-04-13 15:50:05.894 DEBUG [nioEventLoopGroup-3-4] BaseServer [org.sunrise.game.core.server.BaseServerPulseHandler:22] - recv ping, cur NodeId = { RpcNode2000 }, from NodeId = { RpcNode2-ConnectTo-RpcNode2000 }, delay = 0 ms 
2026-04-13 15:50:09.078 INFO  [CheckMemory] ServerStartUp [org.sunrise.game.utils.Utils:125] - Memory : {  total memory: 256 MB, free memory: 222 MB, used memory: 33 MB } 
2026-04-13 15:50:09.453 DEBUG [nioEventLoopGroup-3-1] BaseServer [org.sunrise.game.core.server.BaseServerPulseHandler:22] - recv ping, cur NodeId = { RpcNode2000 }, from NodeId = { RpcNode100-ConnectTo-RpcNode2000 }, delay = 1 ms 
2026-04-13 15:50:09.460 DEBUG [nioEventLoopGroup-5-1] BaseClient [org.sunrise.game.core.client.BaseClientPulseHandler:27] - send ping, cur NodeId = { RpcNode2000-ConnectTo-RpcNode100 } 
2026-04-13 15:50:11.485 DEBUG [nioEventLoopGroup-6-1] BaseClient [org.sunrise.game.core.client.BaseClientPulseHandler:27] - send ping, cur NodeId = { RpcNode2000-ConnectTo-RpcNode1000 } 
2026-04-13 15:50:11.549 DEBUG [nioEventLoopGroup-3-2] BaseServer [org.sunrise.game.core.server.BaseServerPulseHandler:22] - recv ping, cur NodeId = { RpcNode2000 }, from NodeId = { RpcNode1000-ConnectTo-RpcNode2000 }, delay = 1 ms 
2026-04-13 15:50:13.741 DEBUG [nioEventLoopGroup-7-1] BaseClient [org.sunrise.game.core.client.BaseClientPulseHandler:27] - send ping, cur NodeId = { RpcNode2000-ConnectTo-RpcNode3 } 
2026-04-13 15:50:13.809 DEBUG [nioEventLoopGroup-3-3] BaseServer [org.sunrise.game.core.server.BaseServerPulseHandler:22] - recv ping, cur NodeId = { RpcNode2000 }, from NodeId = { RpcNode3-ConnectTo-RpcNode2000 }, delay = 1 ms 
2026-04-13 15:50:15.836 DEBUG [nioEventLoopGroup-8-1] BaseClient [org.sunrise.game.core.client.BaseClientPulseHandler:27] - send ping, cur NodeId = { RpcNode2000-ConnectTo-RpcNode2 } 
2026-04-13 15:50:15.894 DEBUG [nioEventLoopGroup-3-4] BaseServer [org.sunrise.game.core.server.BaseServerPulseHandler:22] - recv ping, cur NodeId = { RpcNode2000 }, from NodeId = { RpcNode2-ConnectTo-RpcNode2000 }, delay = 0 ms 
2026-04-13 15:50:19.454 DEBUG [nioEventLoopGroup-3-1] BaseServer [org.sunrise.game.core.server.BaseServerPulseHandler:22] - recv ping, cur NodeId = { RpcNode2000 }, from NodeId = { RpcNode100-ConnectTo-RpcNode2000 }, delay = 1 ms 
2026-04-13 15:50:19.459 DEBUG [nioEventLoopGroup-5-1] BaseClient [org.sunrise.game.core.client.BaseClientPulseHandler:27] - send ping, cur NodeId = { RpcNode2000-ConnectTo-RpcNode100 } 
2026-04-13 15:50:21.486 DEBUG [nioEventLoopGroup-6-1] BaseClient [org.sunrise.game.core.client.BaseClientPulseHandler:27] - send ping, cur NodeId = { RpcNode2000-ConnectTo-RpcNode1000 } 
2026-04-13 15:50:21.549 DEBUG [nioEventLoopGroup-3-2] BaseServer [org.sunrise.game.core.server.BaseServerPulseHandler:22] - recv ping, cur NodeId = { RpcNode2000 }, from NodeId = { RpcNode1000-ConnectTo-RpcNode2000 }, delay = 0 ms 
2026-04-13 15:50:23.743 DEBUG [nioEventLoopGroup-7-1] BaseClient [org.sunrise.game.core.client.BaseClientPulseHandler:27] - send ping, cur NodeId = { RpcNode2000-ConnectTo-RpcNode3 } 
2026-04-13 15:50:23.810 DEBUG [nioEventLoopGroup-3-3] BaseServer [org.sunrise.game.core.server.BaseServerPulseHandler:22] - recv ping, cur NodeId = { RpcNode2000 }, from NodeId = { RpcNode3-ConnectTo-RpcNode2000 }, delay = 0 ms 
2026-04-13 15:50:25.836 DEBUG [nioEventLoopGroup-8-1] BaseClient [org.sunrise.game.core.client.BaseClientPulseHandler:27] - send ping, cur NodeId = { RpcNode2000-ConnectTo-RpcNode2 } 
2026-04-13 15:50:25.896 DEBUG [nioEventLoopGroup-3-4] BaseServer [org.sunrise.game.core.server.BaseServerPulseHandler:22] - recv ping, cur NodeId = { RpcNode2000 }, from NodeId = { RpcNode2-ConnectTo-RpcNode2000 }, delay = 0 ms 
2026-04-13 15:50:29.453 DEBUG [nioEventLoopGroup-3-1] BaseServer [org.sunrise.game.core.server.BaseServerPulseHandler:22] - recv ping, cur NodeId = { RpcNode2000 }, from NodeId = { RpcNode100-ConnectTo-RpcNode2000 }, delay = 0 ms 
2026-04-13 15:50:29.460 DEBUG [nioEventLoopGroup-5-1] BaseClient [org.sunrise.game.core.client.BaseClientPulseHandler:27] - send ping, cur NodeId = { RpcNode2000-ConnectTo-RpcNode100 } 
2026-04-13 15:50:31.487 DEBUG [nioEventLoopGroup-6-1] BaseClient [org.sunrise.game.core.client.BaseClientPulseHandler:27] - send ping, cur NodeId = { RpcNode2000-ConnectTo-RpcNode1000 } 
2026-04-13 15:50:31.549 DEBUG [nioEventLoopGroup-3-2] BaseServer [org.sunrise.game.core.server.BaseServerPulseHandler:22] - recv ping, cur NodeId = { RpcNode2000 }, from NodeId = { RpcNode1000-ConnectTo-RpcNode2000 }, delay = 1 ms 
2026-04-13 15:50:33.743 DEBUG [nioEventLoopGroup-7-1] BaseClient [org.sunrise.game.core.client.BaseClientPulseHandler:27] - send ping, cur NodeId = { RpcNode2000-ConnectTo-RpcNode3 } 
2026-04-13 15:50:33.811 DEBUG [nioEventLoopGroup-3-3] BaseServer [org.sunrise.game.core.server.BaseServerPulseHandler:22] - recv ping, cur NodeId = { RpcNode2000 }, from NodeId = { RpcNode3-ConnectTo-RpcNode2000 }, delay = 0 ms 
2026-04-13 15:50:35.837 DEBUG [nioEventLoopGroup-8-1] BaseClient [org.sunrise.game.core.client.BaseClientPulseHandler:27] - send ping, cur NodeId = { RpcNode2000-ConnectTo-RpcNode2 } 
2026-04-13 15:50:35.896 DEBUG [nioEventLoopGroup-3-4] BaseServer [org.sunrise.game.core.server.BaseServerPulseHandler:22] - recv ping, cur NodeId = { RpcNode2000 }, from NodeId = { RpcNode2-ConnectTo-RpcNode2000 }, delay = 1 ms 
2026-04-13 15:50:39.455 DEBUG [nioEventLoopGroup-3-1] BaseServer [org.sunrise.game.core.server.BaseServerPulseHandler:22] - recv ping, cur NodeId = { RpcNode2000 }, from NodeId = { RpcNode100-ConnectTo-RpcNode2000 }, delay = 0 ms 
2026-04-13 15:50:39.460 DEBUG [nioEventLoopGroup-5-1] BaseClient [org.sunrise.game.core.client.BaseClientPulseHandler:27] - send ping, cur NodeId = { RpcNode2000-ConnectTo-RpcNode100 } 
2026-04-13 15:50:41.487 DEBUG [nioEventLoopGroup-6-1] BaseClient [org.sunrise.game.core.client.BaseClientPulseHandler:27] - send ping, cur NodeId = { RpcNode2000-ConnectTo-RpcNode1000 } 
2026-04-13 15:50:41.550 DEBUG [nioEventLoopGroup-3-2] BaseServer [org.sunrise.game.core.server.BaseServerPulseHandler:22] - recv ping, cur NodeId = { RpcNode2000 }, from NodeId = { RpcNode1000-ConnectTo-RpcNode2000 }, delay = 1 ms 
2026-04-13 15:50:43.743 DEBUG [nioEventLoopGroup-7-1] BaseClient [org.sunrise.game.core.client.BaseClientPulseHandler:27] - send ping, cur NodeId = { RpcNode2000-ConnectTo-RpcNode3 } 
2026-04-13 15:50:43.811 DEBUG [nioEventLoopGroup-3-3] BaseServer [org.sunrise.game.core.server.BaseServerPulseHandler:22] - recv ping, cur NodeId = { RpcNode2000 }, from NodeId = { RpcNode3-ConnectTo-RpcNode2000 }, delay = 0 ms 
2026-04-13 15:50:45.837 DEBUG [nioEventLoopGroup-8-1] BaseClient [org.sunrise.game.core.client.BaseClientPulseHandler:27] - send ping, cur NodeId = { RpcNode2000-ConnectTo-RpcNode2 } 
2026-04-13 15:50:45.897 DEBUG [nioEventLoopGroup-3-4] BaseServer [org.sunrise.game.core.server.BaseServerPulseHandler:22] - recv ping, cur NodeId = { RpcNode2000 }, from NodeId = { RpcNode2-ConnectTo-RpcNode2000 }, delay = 1 ms 
2026-04-13 15:50:49.456 DEBUG [nioEventLoopGroup-3-1] BaseServer [org.sunrise.game.core.server.BaseServerPulseHandler:22] - recv ping, cur NodeId = { RpcNode2000 }, from NodeId = { RpcNode100-ConnectTo-RpcNode2000 }, delay = 0 ms 
2026-04-13 15:50:49.461 DEBUG [nioEventLoopGroup-5-1] BaseClient [org.sunrise.game.core.client.BaseClientPulseHandler:27] - send ping, cur NodeId = { RpcNode2000-ConnectTo-RpcNode100 } 
2026-04-13 15:50:51.488 DEBUG [nioEventLoopGroup-6-1] BaseClient [org.sunrise.game.core.client.BaseClientPulseHandler:27] - send ping, cur NodeId = { RpcNode2000-ConnectTo-RpcNode1000 } 
2026-04-13 15:50:51.550 DEBUG [nioEventLoopGroup-3-2] BaseServer [org.sunrise.game.core.server.BaseServerPulseHandler:22] - recv ping, cur NodeId = { RpcNode2000 }, from NodeId = { RpcNode1000-ConnectTo-RpcNode2000 }, delay = 1 ms 
2026-04-13 15:50:53.745 DEBUG [nioEventLoopGroup-7-1] BaseClient [org.sunrise.game.core.client.BaseClientPulseHandler:27] - send ping, cur NodeId = { RpcNode2000-ConnectTo-RpcNode3 } 
2026-04-13 15:50:53.813 DEBUG [nioEventLoopGroup-3-3] BaseServer [org.sunrise.game.core.server.BaseServerPulseHandler:22] - recv ping, cur NodeId = { RpcNode2000 }, from NodeId = { RpcNode3-ConnectTo-RpcNode2000 }, delay = 0 ms 
2026-04-13 15:50:55.837 DEBUG [nioEventLoopGroup-8-1] BaseClient [org.sunrise.game.core.client.BaseClientPulseHandler:27] - send ping, cur NodeId = { RpcNode2000-ConnectTo-RpcNode2 } 
2026-04-13 15:50:55.896 DEBUG [nioEventLoopGroup-3-4] BaseServer [org.sunrise.game.core.server.BaseServerPulseHandler:22] - recv ping, cur NodeId = { RpcNode2000 }, from NodeId = { RpcNode2-ConnectTo-RpcNode2000 }, delay = 0 ms 
2026-04-13 15:50:59.456 DEBUG [nioEventLoopGroup-3-1] BaseServer [org.sunrise.game.core.server.BaseServerPulseHandler:22] - recv ping, cur NodeId = { RpcNode2000 }, from NodeId = { RpcNode100-ConnectTo-RpcNode2000 }, delay = 1 ms 
2026-04-13 15:50:59.462 DEBUG [nioEventLoopGroup-5-1] BaseClient [org.sunrise.game.core.client.BaseClientPulseHandler:27] - send ping, cur NodeId = { RpcNode2000-ConnectTo-RpcNode100 } 
2026-04-13 15:51:01.488 DEBUG [nioEventLoopGroup-6-1] BaseClient [org.sunrise.game.core.client.BaseClientPulseHandler:27] - send ping, cur NodeId = { RpcNode2000-ConnectTo-RpcNode1000 } 
2026-04-13 15:51:01.550 DEBUG [nioEventLoopGroup-3-2] BaseServer [org.sunrise.game.core.server.BaseServerPulseHandler:22] - recv ping, cur NodeId = { RpcNode2000 }, from NodeId = { RpcNode1000-ConnectTo-RpcNode2000 }, delay = 1 ms 
2026-04-13 15:51:03.746 DEBUG [nioEventLoopGroup-7-1] BaseClient [org.sunrise.game.core.client.BaseClientPulseHandler:27] - send ping, cur NodeId = { RpcNode2000-ConnectTo-RpcNode3 } 
2026-04-13 15:51:03.813 DEBUG [nioEventLoopGroup-3-3] BaseServer [org.sunrise.game.core.server.BaseServerPulseHandler:22] - recv ping, cur NodeId = { RpcNode2000 }, from NodeId = { RpcNode3-ConnectTo-RpcNode2000 }, delay = 0 ms 
2026-04-13 15:51:05.839 DEBUG [nioEventLoopGroup-8-1] BaseClient [org.sunrise.game.core.client.BaseClientPulseHandler:27] - send ping, cur NodeId = { RpcNode2000-ConnectTo-RpcNode2 } 
2026-04-13 15:51:05.896 DEBUG [nioEventLoopGroup-3-4] BaseServer [org.sunrise.game.core.server.BaseServerPulseHandler:22] - recv ping, cur NodeId = { RpcNode2000 }, from NodeId = { RpcNode2-ConnectTo-RpcNode2000 }, delay = 0 ms 
2026-04-13 15:51:09.079 INFO  [CheckMemory] ServerStartUp [org.sunrise.game.utils.Utils:125] - Memory : {  total memory: 256 MB, free memory: 222 MB, used memory: 33 MB } 
2026-04-13 15:51:09.458 DEBUG [nioEventLoopGroup-3-1] BaseServer [org.sunrise.game.core.server.BaseServerPulseHandler:22] - recv ping, cur NodeId = { RpcNode2000 }, from NodeId = { RpcNode100-ConnectTo-RpcNode2000 }, delay = 1 ms 
2026-04-13 15:51:09.461 DEBUG [nioEventLoopGroup-5-1] BaseClient [org.sunrise.game.core.client.BaseClientPulseHandler:27] - send ping, cur NodeId = { RpcNode2000-ConnectTo-RpcNode100 } 
2026-04-13 15:51:11.489 DEBUG [nioEventLoopGroup-6-1] BaseClient [org.sunrise.game.core.client.BaseClientPulseHandler:27] - send ping, cur NodeId = { RpcNode2000-ConnectTo-RpcNode1000 } 
2026-04-13 15:51:11.550 DEBUG [nioEventLoopGroup-3-2] BaseServer [org.sunrise.game.core.server.BaseServerPulseHandler:22] - recv ping, cur NodeId = { RpcNode2000 }, from NodeId = { RpcNode1000-ConnectTo-RpcNode2000 }, delay = 0 ms 
2026-04-13 15:51:13.746 DEBUG [nioEventLoopGroup-7-1] BaseClient [org.sunrise.game.core.client.BaseClientPulseHandler:27] - send ping, cur NodeId = { RpcNode2000-ConnectTo-RpcNode3 } 
2026-04-13 15:51:13.813 DEBUG [nioEventLoopGroup-3-3] BaseServer [org.sunrise.game.core.server.BaseServerPulseHandler:22] - recv ping, cur NodeId = { RpcNode2000 }, from NodeId = { RpcNode3-ConnectTo-RpcNode2000 }, delay = 0 ms 
2026-04-13 15:51:15.838 DEBUG [nioEventLoopGroup-8-1] BaseClient [org.sunrise.game.core.client.BaseClientPulseHandler:27] - send ping, cur NodeId = { RpcNode2000-ConnectTo-RpcNode2 } 
2026-04-13 15:51:15.897 DEBUG [nioEventLoopGroup-3-4] BaseServer [org.sunrise.game.core.server.BaseServerPulseHandler:22] - recv ping, cur NodeId = { RpcNode2000 }, from NodeId = { RpcNode2-ConnectTo-RpcNode2000 }, delay = 0 ms 
2026-04-13 15:51:19.458 DEBUG [nioEventLoopGroup-3-1] BaseServer [org.sunrise.game.core.server.BaseServerPulseHandler:22] - recv ping, cur NodeId = { RpcNode2000 }, from NodeId = { RpcNode100-ConnectTo-RpcNode2000 }, delay = 0 ms 
2026-04-13 15:51:19.462 DEBUG [nioEventLoopGroup-5-1] BaseClient [org.sunrise.game.core.client.BaseClientPulseHandler:27] - send ping, cur NodeId = { RpcNode2000-ConnectTo-RpcNode100 } 
2026-04-13 15:51:21.489 DEBUG [nioEventLoopGroup-6-1] BaseClient [org.sunrise.game.core.client.BaseClientPulseHandler:27] - send ping, cur NodeId = { RpcNode2000-ConnectTo-RpcNode1000 } 
2026-04-13 15:51:21.550 DEBUG [nioEventLoopGroup-3-2] BaseServer [org.sunrise.game.core.server.BaseServerPulseHandler:22] - recv ping, cur NodeId = { RpcNode2000 }, from NodeId = { RpcNode1000-ConnectTo-RpcNode2000 }, delay = 1 ms 
2026-04-13 15:51:23.746 DEBUG [nioEventLoopGroup-7-1] BaseClient [org.sunrise.game.core.client.BaseClientPulseHandler:27] - send ping, cur NodeId = { RpcNode2000-ConnectTo-RpcNode3 } 
2026-04-13 15:51:23.813 DEBUG [nioEventLoopGroup-3-3] BaseServer [org.sunrise.game.core.server.BaseServerPulseHandler:22] - recv ping, cur NodeId = { RpcNode2000 }, from NodeId = { RpcNode3-ConnectTo-RpcNode2000 }, delay = 0 ms 
2026-04-13 15:51:25.840 DEBUG [nioEventLoopGroup-8-1] BaseClient [org.sunrise.game.core.client.BaseClientPulseHandler:27] - send ping, cur NodeId = { RpcNode2000-ConnectTo-RpcNode2 } 
2026-04-13 15:51:25.899 DEBUG [nioEventLoopGroup-3-4] BaseServer [org.sunrise.game.core.server.BaseServerPulseHandler:22] - recv ping, cur NodeId = { RpcNode2000 }, from NodeId = { RpcNode2-ConnectTo-RpcNode2000 }, delay = 0 ms 
2026-04-13 15:51:29.460 DEBUG [nioEventLoopGroup-3-1] BaseServer [org.sunrise.game.core.server.BaseServerPulseHandler:22] - recv ping, cur NodeId = { RpcNode2000 }, from NodeId = { RpcNode100-ConnectTo-RpcNode2000 }, delay = 0 ms 
2026-04-13 15:51:29.463 DEBUG [nioEventLoopGroup-5-1] BaseClient [org.sunrise.game.core.client.BaseClientPulseHandler:27] - send ping, cur NodeId = { RpcNode2000-ConnectTo-RpcNode100 } 
2026-04-13 15:51:31.491 DEBUG [nioEventLoopGroup-6-1] BaseClient [org.sunrise.game.core.client.BaseClientPulseHandler:27] - send ping, cur NodeId = { RpcNode2000-ConnectTo-RpcNode1000 } 
2026-04-13 15:51:31.551 DEBUG [nioEventLoopGroup-3-2] BaseServer [org.sunrise.game.core.server.BaseServerPulseHandler:22] - recv ping, cur NodeId = { RpcNode2000 }, from NodeId = { RpcNode1000-ConnectTo-RpcNode2000 }, delay = 1 ms 
2026-04-13 15:51:33.747 DEBUG [nioEventLoopGroup-7-1] BaseClient [org.sunrise.game.core.client.BaseClientPulseHandler:27] - send ping, cur NodeId = { RpcNode2000-ConnectTo-RpcNode3 } 
2026-04-13 15:51:33.814 DEBUG [nioEventLoopGroup-3-3] BaseServer [org.sunrise.game.core.server.BaseServerPulseHandler:22] - recv ping, cur NodeId = { RpcNode2000 }, from NodeId = { RpcNode3-ConnectTo-RpcNode2000 }, delay = 0 ms 
2026-04-13 15:51:35.841 DEBUG [nioEventLoopGroup-8-1] BaseClient [org.sunrise.game.core.client.BaseClientPulseHandler:27] - send ping, cur NodeId = { RpcNode2000-ConnectTo-RpcNode2 } 
2026-04-13 15:51:35.900 DEBUG [nioEventLoopGroup-3-4] BaseServer [org.sunrise.game.core.server.BaseServerPulseHandler:22] - recv ping, cur NodeId = { RpcNode2000 }, from NodeId = { RpcNode2-ConnectTo-RpcNode2000 }, delay = 0 ms 
2026-04-13 15:51:39.460 DEBUG [nioEventLoopGroup-3-1] BaseServer [org.sunrise.game.core.server.BaseServerPulseHandler:22] - recv ping, cur NodeId = { RpcNode2000 }, from NodeId = { RpcNode100-ConnectTo-RpcNode2000 }, delay = 0 ms 
2026-04-13 15:51:39.463 DEBUG [nioEventLoopGroup-5-1] BaseClient [org.sunrise.game.core.client.BaseClientPulseHandler:27] - send ping, cur NodeId = { RpcNode2000-ConnectTo-RpcNode100 } 
2026-04-13 15:51:41.492 DEBUG [nioEventLoopGroup-6-1] BaseClient [org.sunrise.game.core.client.BaseClientPulseHandler:27] - send ping, cur NodeId = { RpcNode2000-ConnectTo-RpcNode1000 } 
2026-04-13 15:51:41.551 DEBUG [nioEventLoopGroup-3-2] BaseServer [org.sunrise.game.core.server.BaseServerPulseHandler:22] - recv ping, cur NodeId = { RpcNode2000 }, from NodeId = { RpcNode1000-ConnectTo-RpcNode2000 }, delay = 1 ms 
2026-04-13 15:51:43.748 DEBUG [nioEventLoopGroup-7-1] BaseClient [org.sunrise.game.core.client.BaseClientPulseHandler:27] - send ping, cur NodeId = { RpcNode2000-ConnectTo-RpcNode3 } 
2026-04-13 15:51:43.814 DEBUG [nioEventLoopGroup-3-3] BaseServer [org.sunrise.game.core.server.BaseServerPulseHandler:22] - recv ping, cur NodeId = { RpcNode2000 }, from NodeId = { RpcNode3-ConnectTo-RpcNode2000 }, delay = 1 ms 
2026-04-13 15:51:45.841 DEBUG [nioEventLoopGroup-8-1] BaseClient [org.sunrise.game.core.client.BaseClientPulseHandler:27] - send ping, cur NodeId = { RpcNode2000-ConnectTo-RpcNode2 } 
2026-04-13 15:51:45.901 DEBUG [nioEventLoopGroup-3-4] BaseServer [org.sunrise.game.core.server.BaseServerPulseHandler:22] - recv ping, cur NodeId = { RpcNode2000 }, from NodeId = { RpcNode2-ConnectTo-RpcNode2000 }, delay = 0 ms 
2026-04-13 15:51:49.461 DEBUG [nioEventLoopGroup-3-1] BaseServer [org.sunrise.game.core.server.BaseServerPulseHandler:22] - recv ping, cur NodeId = { RpcNode2000 }, from NodeId = { RpcNode100-ConnectTo-RpcNode2000 }, delay = 0 ms 
2026-04-13 15:51:49.464 DEBUG [nioEventLoopGroup-5-1] BaseClient [org.sunrise.game.core.client.BaseClientPulseHandler:27] - send ping, cur NodeId = { RpcNode2000-ConnectTo-RpcNode100 } 
2026-04-13 15:51:51.491 DEBUG [nioEventLoopGroup-6-1] BaseClient [org.sunrise.game.core.client.BaseClientPulseHandler:27] - send ping, cur NodeId = { RpcNode2000-ConnectTo-RpcNode1000 } 
2026-04-13 15:51:51.551 DEBUG [nioEventLoopGroup-3-2] BaseServer [org.sunrise.game.core.server.BaseServerPulseHandler:22] - recv ping, cur NodeId = { RpcNode2000 }, from NodeId = { RpcNode1000-ConnectTo-RpcNode2000 }, delay = 0 ms 
2026-04-13 15:51:53.747 DEBUG [nioEventLoopGroup-7-1] BaseClient [org.sunrise.game.core.client.BaseClientPulseHandler:27] - send ping, cur NodeId = { RpcNode2000-ConnectTo-RpcNode3 } 
2026-04-13 15:51:53.814 DEBUG [nioEventLoopGroup-3-3] BaseServer [org.sunrise.game.core.server.BaseServerPulseHandler:22] - recv ping, cur NodeId = { RpcNode2000 }, from NodeId = { RpcNode3-ConnectTo-RpcNode2000 }, delay = 1 ms 
2026-04-13 15:51:55.841 DEBUG [nioEventLoopGroup-8-1] BaseClient [org.sunrise.game.core.client.BaseClientPulseHandler:27] - send ping, cur NodeId = { RpcNode2000-ConnectTo-RpcNode2 } 
2026-04-13 15:51:55.901 DEBUG [nioEventLoopGroup-3-4] BaseServer [org.sunrise.game.core.server.BaseServerPulseHandler:22] - recv ping, cur NodeId = { RpcNode2000 }, from NodeId = { RpcNode2-ConnectTo-RpcNode2000 }, delay = 0 ms 
2026-04-13 15:51:59.462 DEBUG [nioEventLoopGroup-3-1] BaseServer [org.sunrise.game.core.server.BaseServerPulseHandler:22] - recv ping, cur NodeId = { RpcNode2000 }, from NodeId = { RpcNode100-ConnectTo-RpcNode2000 }, delay = 0 ms 
2026-04-13 15:51:59.465 DEBUG [nioEventLoopGroup-5-1] BaseClient [org.sunrise.game.core.client.BaseClientPulseHandler:27] - send ping, cur NodeId = { RpcNode2000-ConnectTo-RpcNode100 } 
2026-04-13 15:52:01.492 DEBUG [nioEventLoopGroup-6-1] BaseClient [org.sunrise.game.core.client.BaseClientPulseHandler:27] - send ping, cur NodeId = { RpcNode2000-ConnectTo-RpcNode1000 } 
2026-04-13 15:52:01.552 DEBUG [nioEventLoopGroup-3-2] BaseServer [org.sunrise.game.core.server.BaseServerPulseHandler:22] - recv ping, cur NodeId = { RpcNode2000 }, from NodeId = { RpcNode1000-ConnectTo-RpcNode2000 }, delay = 0 ms 
2026-04-13 15:52:03.748 DEBUG [nioEventLoopGroup-7-1] BaseClient [org.sunrise.game.core.client.BaseClientPulseHandler:27] - send ping, cur NodeId = { RpcNode2000-ConnectTo-RpcNode3 } 
2026-04-13 15:52:03.814 DEBUG [nioEventLoopGroup-3-3] BaseServer [org.sunrise.game.core.server.BaseServerPulseHandler:22] - recv ping, cur NodeId = { RpcNode2000 }, from NodeId = { RpcNode3-ConnectTo-RpcNode2000 }, delay = 0 ms 
2026-04-13 15:52:05.842 DEBUG [nioEventLoopGroup-8-1] BaseClient [org.sunrise.game.core.client.BaseClientPulseHandler:27] - send ping, cur NodeId = { RpcNode2000-ConnectTo-RpcNode2 } 
2026-04-13 15:52:05.901 DEBUG [nioEventLoopGroup-3-4] BaseServer [org.sunrise.game.core.server.BaseServerPulseHandler:22] - recv ping, cur NodeId = { RpcNode2000 }, from NodeId = { RpcNode2-ConnectTo-RpcNode2000 }, delay = 1 ms 
2026-04-13 15:52:09.080 INFO  [CheckMemory] ServerStartUp [org.sunrise.game.utils.Utils:125] - Memory : {  total memory: 256 MB, free memory: 222 MB, used memory: 33 MB } 
2026-04-13 15:52:09.463 DEBUG [nioEventLoopGroup-3-1] BaseServer [org.sunrise.game.core.server.BaseServerPulseHandler:22] - recv ping, cur NodeId = { RpcNode2000 }, from NodeId = { RpcNode100-ConnectTo-RpcNode2000 }, delay = 0 ms 
2026-04-13 15:52:09.466 DEBUG [nioEventLoopGroup-5-1] BaseClient [org.sunrise.game.core.client.BaseClientPulseHandler:27] - send ping, cur NodeId = { RpcNode2000-ConnectTo-RpcNode100 } 
2026-04-13 15:52:11.494 DEBUG [nioEventLoopGroup-6-1] BaseClient [org.sunrise.game.core.client.BaseClientPulseHandler:27] - send ping, cur NodeId = { RpcNode2000-ConnectTo-RpcNode1000 } 
2026-04-13 15:52:11.553 DEBUG [nioEventLoopGroup-3-2] BaseServer [org.sunrise.game.core.server.BaseServerPulseHandler:22] - recv ping, cur NodeId = { RpcNode2000 }, from NodeId = { RpcNode1000-ConnectTo-RpcNode2000 }, delay = 1 ms 
2026-04-13 15:52:13.749 DEBUG [nioEventLoopGroup-7-1] BaseClient [org.sunrise.game.core.client.BaseClientPulseHandler:27] - send ping, cur NodeId = { RpcNode2000-ConnectTo-RpcNode3 } 
2026-04-13 15:52:13.815 DEBUG [nioEventLoopGroup-3-3] BaseServer [org.sunrise.game.core.server.BaseServerPulseHandler:22] - recv ping, cur NodeId = { RpcNode2000 }, from NodeId = { RpcNode3-ConnectTo-RpcNode2000 }, delay = 1 ms 
2026-04-13 15:52:15.843 DEBUG [nioEventLoopGroup-8-1] BaseClient [org.sunrise.game.core.client.BaseClientPulseHandler:27] - send ping, cur NodeId = { RpcNode2000-ConnectTo-RpcNode2 } 
2026-04-13 15:52:15.902 DEBUG [nioEventLoopGroup-3-4] BaseServer [org.sunrise.game.core.server.BaseServerPulseHandler:22] - recv ping, cur NodeId = { RpcNode2000 }, from NodeId = { RpcNode2-ConnectTo-RpcNode2000 }, delay = 1 ms 
2026-04-13 15:52:19.465 DEBUG [nioEventLoopGroup-3-1] BaseServer [org.sunrise.game.core.server.BaseServerPulseHandler:22] - recv ping, cur NodeId = { RpcNode2000 }, from NodeId = { RpcNode100-ConnectTo-RpcNode2000 }, delay = 0 ms 
2026-04-13 15:52:19.468 DEBUG [nioEventLoopGroup-5-1] BaseClient [org.sunrise.game.core.client.BaseClientPulseHandler:27] - send ping, cur NodeId = { RpcNode2000-ConnectTo-RpcNode100 } 
2026-04-13 15:52:21.495 DEBUG [nioEventLoopGroup-6-1] BaseClient [org.sunrise.game.core.client.BaseClientPulseHandler:27] - send ping, cur NodeId = { RpcNode2000-ConnectTo-RpcNode1000 } 
2026-04-13 15:52:21.552 DEBUG [nioEventLoopGroup-3-2] BaseServer [org.sunrise.game.core.server.BaseServerPulseHandler:22] - recv ping, cur NodeId = { RpcNode2000 }, from NodeId = { RpcNode1000-ConnectTo-RpcNode2000 }, delay = 0 ms 
2026-04-13 15:52:23.750 DEBUG [nioEventLoopGroup-7-1] BaseClient [org.sunrise.game.core.client.BaseClientPulseHandler:27] - send ping, cur NodeId = { RpcNode2000-ConnectTo-RpcNode3 } 
2026-04-13 15:52:23.815 DEBUG [nioEventLoopGroup-3-3] BaseServer [org.sunrise.game.core.server.BaseServerPulseHandler:22] - recv ping, cur NodeId = { RpcNode2000 }, from NodeId = { RpcNode3-ConnectTo-RpcNode2000 }, delay = 0 ms 
2026-04-13 15:52:25.843 DEBUG [nioEventLoopGroup-8-1] BaseClient [org.sunrise.game.core.client.BaseClientPulseHandler:27] - send ping, cur NodeId = { RpcNode2000-ConnectTo-RpcNode2 } 
2026-04-13 15:52:25.902 DEBUG [nioEventLoopGroup-3-4] BaseServer [org.sunrise.game.core.server.BaseServerPulseHandler:22] - recv ping, cur NodeId = { RpcNode2000 }, from NodeId = { RpcNode2-ConnectTo-RpcNode2000 }, delay = 1 ms 
2026-04-13 15:52:29.465 DEBUG [nioEventLoopGroup-3-1] BaseServer [org.sunrise.game.core.server.BaseServerPulseHandler:22] - recv ping, cur NodeId = { RpcNode2000 }, from NodeId = { RpcNode100-ConnectTo-RpcNode2000 }, delay = 0 ms 
2026-04-13 15:52:29.469 DEBUG [nioEventLoopGroup-5-1] BaseClient [org.sunrise.game.core.client.BaseClientPulseHandler:27] - send ping, cur NodeId = { RpcNode2000-ConnectTo-RpcNode100 } 
2026-04-13 15:52:31.496 DEBUG [nioEventLoopGroup-6-1] BaseClient [org.sunrise.game.core.client.BaseClientPulseHandler:27] - send ping, cur NodeId = { RpcNode2000-ConnectTo-RpcNode1000 } 
2026-04-13 15:52:31.554 DEBUG [nioEventLoopGroup-3-2] BaseServer [org.sunrise.game.core.server.BaseServerPulseHandler:22] - recv ping, cur NodeId = { RpcNode2000 }, from NodeId = { RpcNode1000-ConnectTo-RpcNode2000 }, delay = 0 ms 
2026-04-13 15:52:33.750 DEBUG [nioEventLoopGroup-7-1] BaseClient [org.sunrise.game.core.client.BaseClientPulseHandler:27] - send ping, cur NodeId = { RpcNode2000-ConnectTo-RpcNode3 } 
2026-04-13 15:52:33.815 DEBUG [nioEventLoopGroup-3-3] BaseServer [org.sunrise.game.core.server.BaseServerPulseHandler:22] - recv ping, cur NodeId = { RpcNode2000 }, from NodeId = { RpcNode3-ConnectTo-RpcNode2000 }, delay = 0 ms 
2026-04-13 15:52:35.844 DEBUG [nioEventLoopGroup-8-1] BaseClient [org.sunrise.game.core.client.BaseClientPulseHandler:27] - send ping, cur NodeId = { RpcNode2000-ConnectTo-RpcNode2 } 
2026-04-13 15:52:35.903 DEBUG [nioEventLoopGroup-3-4] BaseServer [org.sunrise.game.core.server.BaseServerPulseHandler:22] - recv ping, cur NodeId = { RpcNode2000 }, from NodeId = { RpcNode2-ConnectTo-RpcNode2000 }, delay = 0 ms 
2026-04-13 15:52:39.466 DEBUG [nioEventLoopGroup-3-1] BaseServer [org.sunrise.game.core.server.BaseServerPulseHandler:22] - recv ping, cur NodeId = { RpcNode2000 }, from NodeId = { RpcNode100-ConnectTo-RpcNode2000 }, delay = 0 ms 
2026-04-13 15:52:39.469 DEBUG [nioEventLoopGroup-5-1] BaseClient [org.sunrise.game.core.client.BaseClientPulseHandler:27] - send ping, cur NodeId = { RpcNode2000-ConnectTo-RpcNode100 } 
2026-04-13 15:52:41.498 DEBUG [nioEventLoopGroup-6-1] BaseClient [org.sunrise.game.core.client.BaseClientPulseHandler:27] - send ping, cur NodeId = { RpcNode2000-ConnectTo-RpcNode1000 } 
2026-04-13 15:52:41.555 DEBUG [nioEventLoopGroup-3-2] BaseServer [org.sunrise.game.core.server.BaseServerPulseHandler:22] - recv ping, cur NodeId = { RpcNode2000 }, from NodeId = { RpcNode1000-ConnectTo-RpcNode2000 }, delay = 0 ms 
2026-04-13 15:52:43.750 DEBUG [nioEventLoopGroup-7-1] BaseClient [org.sunrise.game.core.client.BaseClientPulseHandler:27] - send ping, cur NodeId = { RpcNode2000-ConnectTo-RpcNode3 } 
2026-04-13 15:52:43.816 DEBUG [nioEventLoopGroup-3-3] BaseServer [org.sunrise.game.core.server.BaseServerPulseHandler:22] - recv ping, cur NodeId = { RpcNode2000 }, from NodeId = { RpcNode3-ConnectTo-RpcNode2000 }, delay = 0 ms 
2026-04-13 15:52:45.845 DEBUG [nioEventLoopGroup-8-1] BaseClient [org.sunrise.game.core.client.BaseClientPulseHandler:27] - send ping, cur NodeId = { RpcNode2000-ConnectTo-RpcNode2 } 
2026-04-13 15:52:45.904 DEBUG [nioEventLoopGroup-3-4] BaseServer [org.sunrise.game.core.server.BaseServerPulseHandler:22] - recv ping, cur NodeId = { RpcNode2000 }, from NodeId = { RpcNode2-ConnectTo-RpcNode2000 }, delay = 0 ms 
2026-04-13 15:52:49.466 DEBUG [nioEventLoopGroup-3-1] BaseServer [org.sunrise.game.core.server.BaseServerPulseHandler:22] - recv ping, cur NodeId = { RpcNode2000 }, from NodeId = { RpcNode100-ConnectTo-RpcNode2000 }, delay = 0 ms 
2026-04-13 15:52:49.469 DEBUG [nioEventLoopGroup-5-1] BaseClient [org.sunrise.game.core.client.BaseClientPulseHandler:27] - send ping, cur NodeId = { RpcNode2000-ConnectTo-RpcNode100 } 
2026-04-13 15:52:51.499 DEBUG [nioEventLoopGroup-6-1] BaseClient [org.sunrise.game.core.client.BaseClientPulseHandler:27] - send ping, cur NodeId = { RpcNode2000-ConnectTo-RpcNode1000 } 
2026-04-13 15:52:51.556 DEBUG [nioEventLoopGroup-3-2] BaseServer [org.sunrise.game.core.server.BaseServerPulseHandler:22] - recv ping, cur NodeId = { RpcNode2000 }, from NodeId = { RpcNode1000-ConnectTo-RpcNode2000 }, delay = 1 ms 
2026-04-13 15:52:53.751 DEBUG [nioEventLoopGroup-7-1] BaseClient [org.sunrise.game.core.client.BaseClientPulseHandler:27] - send ping, cur NodeId = { RpcNode2000-ConnectTo-RpcNode3 } 
2026-04-13 15:52:53.817 DEBUG [nioEventLoopGroup-3-3] BaseServer [org.sunrise.game.core.server.BaseServerPulseHandler:22] - recv ping, cur NodeId = { RpcNode2000 }, from NodeId = { RpcNode3-ConnectTo-RpcNode2000 }, delay = 0 ms 
2026-04-13 15:52:55.846 DEBUG [nioEventLoopGroup-8-1] BaseClient [org.sunrise.game.core.client.BaseClientPulseHandler:27] - send ping, cur NodeId = { RpcNode2000-ConnectTo-RpcNode2 } 
2026-04-13 15:52:55.904 DEBUG [nioEventLoopGroup-3-4] BaseServer [org.sunrise.game.core.server.BaseServerPulseHandler:22] - recv ping, cur NodeId = { RpcNode2000 }, from NodeId = { RpcNode2-ConnectTo-RpcNode2000 }, delay = 1 ms 
2026-04-13 15:52:59.467 DEBUG [nioEventLoopGroup-3-1] BaseServer [org.sunrise.game.core.server.BaseServerPulseHandler:22] - recv ping, cur NodeId = { RpcNode2000 }, from NodeId = { RpcNode100-ConnectTo-RpcNode2000 }, delay = 0 ms 
2026-04-13 15:52:59.469 DEBUG [nioEventLoopGroup-5-1] BaseClient [org.sunrise.game.core.client.BaseClientPulseHandler:27] - send ping, cur NodeId = { RpcNode2000-ConnectTo-RpcNode100 } 
2026-04-13 15:53:01.500 DEBUG [nioEventLoopGroup-6-1] BaseClient [org.sunrise.game.core.client.BaseClientPulseHandler:27] - send ping, cur NodeId = { RpcNode2000-ConnectTo-RpcNode1000 } 
2026-04-13 15:53:01.555 DEBUG [nioEventLoopGroup-3-2] BaseServer [org.sunrise.game.core.server.BaseServerPulseHandler:22] - recv ping, cur NodeId = { RpcNode2000 }, from NodeId = { RpcNode1000-ConnectTo-RpcNode2000 }, delay = 0 ms 
2026-04-13 15:53:03.752 DEBUG [nioEventLoopGroup-7-1] BaseClient [org.sunrise.game.core.client.BaseClientPulseHandler:27] - send ping, cur NodeId = { RpcNode2000-ConnectTo-RpcNode3 } 
2026-04-13 15:53:03.817 DEBUG [nioEventLoopGroup-3-3] BaseServer [org.sunrise.game.core.server.BaseServerPulseHandler:22] - recv ping, cur NodeId = { RpcNode2000 }, from NodeId = { RpcNode3-ConnectTo-RpcNode2000 }, delay = 0 ms 
2026-04-13 15:53:05.846 DEBUG [nioEventLoopGroup-8-1] BaseClient [org.sunrise.game.core.client.BaseClientPulseHandler:27] - send ping, cur NodeId = { RpcNode2000-ConnectTo-RpcNode2 } 
2026-04-13 15:53:05.905 DEBUG [nioEventLoopGroup-3-4] BaseServer [org.sunrise.game.core.server.BaseServerPulseHandler:22] - recv ping, cur NodeId = { RpcNode2000 }, from NodeId = { RpcNode2-ConnectTo-RpcNode2000 }, delay = 0 ms 
2026-04-13 15:53:09.080 INFO  [CheckMemory] ServerStartUp [org.sunrise.game.utils.Utils:125] - Memory : {  total memory: 256 MB, free memory: 221 MB, used memory: 34 MB } 
2026-04-13 15:53:09.468 DEBUG [nioEventLoopGroup-3-1] BaseServer [org.sunrise.game.core.server.BaseServerPulseHandler:22] - recv ping, cur NodeId = { RpcNode2000 }, from NodeId = { RpcNode100-ConnectTo-RpcNode2000 }, delay = 1 ms 
2026-04-13 15:53:09.469 DEBUG [nioEventLoopGroup-5-1] BaseClient [org.sunrise.game.core.client.BaseClientPulseHandler:27] - send ping, cur NodeId = { RpcNode2000-ConnectTo-RpcNode100 } 
2026-04-13 15:53:11.500 DEBUG [nioEventLoopGroup-6-1] BaseClient [org.sunrise.game.core.client.BaseClientPulseHandler:27] - send ping, cur NodeId = { RpcNode2000-ConnectTo-RpcNode1000 } 
2026-04-13 15:53:11.555 DEBUG [nioEventLoopGroup-3-2] BaseServer [org.sunrise.game.core.server.BaseServerPulseHandler:22] - recv ping, cur NodeId = { RpcNode2000 }, from NodeId = { RpcNode1000-ConnectTo-RpcNode2000 }, delay = 0 ms 
2026-04-13 15:53:13.753 DEBUG [nioEventLoopGroup-7-1] BaseClient [org.sunrise.game.core.client.BaseClientPulseHandler:27] - send ping, cur NodeId = { RpcNode2000-ConnectTo-RpcNode3 } 
2026-04-13 15:53:13.817 DEBUG [nioEventLoopGroup-3-3] BaseServer [org.sunrise.game.core.server.BaseServerPulseHandler:22] - recv ping, cur NodeId = { RpcNode2000 }, from NodeId = { RpcNode3-ConnectTo-RpcNode2000 }, delay = 0 ms 
2026-04-13 15:53:15.846 DEBUG [nioEventLoopGroup-8-1] BaseClient [org.sunrise.game.core.client.BaseClientPulseHandler:27] - send ping, cur NodeId = { RpcNode2000-ConnectTo-RpcNode2 } 
2026-04-13 15:53:15.906 DEBUG [nioEventLoopGroup-3-4] BaseServer [org.sunrise.game.core.server.BaseServerPulseHandler:22] - recv ping, cur NodeId = { RpcNode2000 }, from NodeId = { RpcNode2-ConnectTo-RpcNode2000 }, delay = 0 ms 
2026-04-13 15:53:19.468 DEBUG [nioEventLoopGroup-3-1] BaseServer [org.sunrise.game.core.server.BaseServerPulseHandler:22] - recv ping, cur NodeId = { RpcNode2000 }, from NodeId = { RpcNode100-ConnectTo-RpcNode2000 }, delay = 0 ms 
2026-04-13 15:53:19.470 DEBUG [nioEventLoopGroup-5-1] BaseClient [org.sunrise.game.core.client.BaseClientPulseHandler:27] - send ping, cur NodeId = { RpcNode2000-ConnectTo-RpcNode100 } 
2026-04-13 15:53:21.501 DEBUG [nioEventLoopGroup-6-1] BaseClient [org.sunrise.game.core.client.BaseClientPulseHandler:27] - send ping, cur NodeId = { RpcNode2000-ConnectTo-RpcNode1000 } 
2026-04-13 15:53:21.556 DEBUG [nioEventLoopGroup-3-2] BaseServer [org.sunrise.game.core.server.BaseServerPulseHandler:22] - recv ping, cur NodeId = { RpcNode2000 }, from NodeId = { RpcNode1000-ConnectTo-RpcNode2000 }, delay = 0 ms 
2026-04-13 15:53:23.753 DEBUG [nioEventLoopGroup-7-1] BaseClient [org.sunrise.game.core.client.BaseClientPulseHandler:27] - send ping, cur NodeId = { RpcNode2000-ConnectTo-RpcNode3 } 
2026-04-13 15:53:23.818 DEBUG [nioEventLoopGroup-3-3] BaseServer [org.sunrise.game.core.server.BaseServerPulseHandler:22] - recv ping, cur NodeId = { RpcNode2000 }, from NodeId = { RpcNode3-ConnectTo-RpcNode2000 }, delay = 0 ms 
2026-04-13 15:53:25.847 DEBUG [nioEventLoopGroup-8-1] BaseClient [org.sunrise.game.core.client.BaseClientPulseHandler:27] - send ping, cur NodeId = { RpcNode2000-ConnectTo-RpcNode2 } 
2026-04-13 15:53:25.907 DEBUG [nioEventLoopGroup-3-4] BaseServer [org.sunrise.game.core.server.BaseServerPulseHandler:22] - recv ping, cur NodeId = { RpcNode2000 }, from NodeId = { RpcNode2-ConnectTo-RpcNode2000 }, delay = 1 ms 
2026-04-13 15:53:29.468 DEBUG [nioEventLoopGroup-3-1] BaseServer [org.sunrise.game.core.server.BaseServerPulseHandler:22] - recv ping, cur NodeId = { RpcNode2000 }, from NodeId = { RpcNode100-ConnectTo-RpcNode2000 }, delay = 0 ms 
2026-04-13 15:53:29.470 DEBUG [nioEventLoopGroup-5-1] BaseClient [org.sunrise.game.core.client.BaseClientPulseHandler:27] - send ping, cur NodeId = { RpcNode2000-ConnectTo-RpcNode100 } 
2026-04-13 15:53:31.501 DEBUG [nioEventLoopGroup-6-1] BaseClient [org.sunrise.game.core.client.BaseClientPulseHandler:27] - send ping, cur NodeId = { RpcNode2000-ConnectTo-RpcNode1000 } 
2026-04-13 15:53:31.556 DEBUG [nioEventLoopGroup-3-2] BaseServer [org.sunrise.game.core.server.BaseServerPulseHandler:22] - recv ping, cur NodeId = { RpcNode2000 }, from NodeId = { RpcNode1000-ConnectTo-RpcNode2000 }, delay = 0 ms 
2026-04-13 15:53:33.753 DEBUG [nioEventLoopGroup-7-1] BaseClient [org.sunrise.game.core.client.BaseClientPulseHandler:27] - send ping, cur NodeId = { RpcNode2000-ConnectTo-RpcNode3 } 
2026-04-13 15:53:33.819 DEBUG [nioEventLoopGroup-3-3] BaseServer [org.sunrise.game.core.server.BaseServerPulseHandler:22] - recv ping, cur NodeId = { RpcNode2000 }, from NodeId = { RpcNode3-ConnectTo-RpcNode2000 }, delay = 0 ms 
2026-04-13 15:53:35.848 DEBUG [nioEventLoopGroup-8-1] BaseClient [org.sunrise.game.core.client.BaseClientPulseHandler:27] - send ping, cur NodeId = { RpcNode2000-ConnectTo-RpcNode2 } 
2026-04-13 15:53:35.906 DEBUG [nioEventLoopGroup-3-4] BaseServer [org.sunrise.game.core.server.BaseServerPulseHandler:22] - recv ping, cur NodeId = { RpcNode2000 }, from NodeId = { RpcNode2-ConnectTo-RpcNode2000 }, delay = 0 ms 
2026-04-13 15:53:39.469 DEBUG [nioEventLoopGroup-3-1] BaseServer [org.sunrise.game.core.server.BaseServerPulseHandler:22] - recv ping, cur NodeId = { RpcNode2000 }, from NodeId = { RpcNode100-ConnectTo-RpcNode2000 }, delay = 0 ms 
2026-04-13 15:53:39.470 DEBUG [nioEventLoopGroup-5-1] BaseClient [org.sunrise.game.core.client.BaseClientPulseHandler:27] - send ping, cur NodeId = { RpcNode2000-ConnectTo-RpcNode100 } 
2026-04-13 15:53:41.501 DEBUG [nioEventLoopGroup-6-1] BaseClient [org.sunrise.game.core.client.BaseClientPulseHandler:27] - send ping, cur NodeId = { RpcNode2000-ConnectTo-RpcNode1000 } 
2026-04-13 15:53:41.558 DEBUG [nioEventLoopGroup-3-2] BaseServer [org.sunrise.game.core.server.BaseServerPulseHandler:22] - recv ping, cur NodeId = { RpcNode2000 }, from NodeId = { RpcNode1000-ConnectTo-RpcNode2000 }, delay = 0 ms 
2026-04-13 15:53:43.753 DEBUG [nioEventLoopGroup-7-1] BaseClient [org.sunrise.game.core.client.BaseClientPulseHandler:27] - send ping, cur NodeId = { RpcNode2000-ConnectTo-RpcNode3 } 
2026-04-13 15:53:43.820 DEBUG [nioEventLoopGroup-3-3] BaseServer [org.sunrise.game.core.server.BaseServerPulseHandler:22] - recv ping, cur NodeId = { RpcNode2000 }, from NodeId = { RpcNode3-ConnectTo-RpcNode2000 }, delay = 0 ms 
2026-04-13 15:53:45.848 DEBUG [nioEventLoopGroup-8-1] BaseClient [org.sunrise.game.core.client.BaseClientPulseHandler:27] - send ping, cur NodeId = { RpcNode2000-ConnectTo-RpcNode2 } 
2026-04-13 15:53:45.908 DEBUG [nioEventLoopGroup-3-4] BaseServer [org.sunrise.game.core.server.BaseServerPulseHandler:22] - recv ping, cur NodeId = { RpcNode2000 }, from NodeId = { RpcNode2-ConnectTo-RpcNode2000 }, delay = 0 ms 
2026-04-13 15:53:49.469 DEBUG [nioEventLoopGroup-3-1] BaseServer [org.sunrise.game.core.server.BaseServerPulseHandler:22] - recv ping, cur NodeId = { RpcNode2000 }, from NodeId = { RpcNode100-ConnectTo-RpcNode2000 }, delay = 0 ms 
2026-04-13 15:53:49.470 DEBUG [nioEventLoopGroup-5-1] BaseClient [org.sunrise.game.core.client.BaseClientPulseHandler:27] - send ping, cur NodeId = { RpcNode2000-ConnectTo-RpcNode100 } 
2026-04-13 15:53:51.501 DEBUG [nioEventLoopGroup-6-1] BaseClient [org.sunrise.game.core.client.BaseClientPulseHandler:27] - send ping, cur NodeId = { RpcNode2000-ConnectTo-RpcNode1000 } 
2026-04-13 15:53:51.559 DEBUG [nioEventLoopGroup-3-2] BaseServer [org.sunrise.game.core.server.BaseServerPulseHandler:22] - recv ping, cur NodeId = { RpcNode2000 }, from NodeId = { RpcNode1000-ConnectTo-RpcNode2000 }, delay = 0 ms 
2026-04-13 15:53:53.753 DEBUG [nioEventLoopGroup-7-1] BaseClient [org.sunrise.game.core.client.BaseClientPulseHandler:27] - send ping, cur NodeId = { RpcNode2000-ConnectTo-RpcNode3 } 
2026-04-13 15:53:53.820 DEBUG [nioEventLoopGroup-3-3] BaseServer [org.sunrise.game.core.server.BaseServerPulseHandler:22] - recv ping, cur NodeId = { RpcNode2000 }, from NodeId = { RpcNode3-ConnectTo-RpcNode2000 }, delay = 0 ms 
2026-04-13 15:53:55.848 DEBUG [nioEventLoopGroup-8-1] BaseClient [org.sunrise.game.core.client.BaseClientPulseHandler:27] - send ping, cur NodeId = { RpcNode2000-ConnectTo-RpcNode2 } 
2026-04-13 15:53:55.908 DEBUG [nioEventLoopGroup-3-4] BaseServer [org.sunrise.game.core.server.BaseServerPulseHandler:22] - recv ping, cur NodeId = { RpcNode2000 }, from NodeId = { RpcNode2-ConnectTo-RpcNode2000 }, delay = 0 ms 
2026-04-13 15:53:59.470 DEBUG [nioEventLoopGroup-3-1] BaseServer [org.sunrise.game.core.server.BaseServerPulseHandler:22] - recv ping, cur NodeId = { RpcNode2000 }, from NodeId = { RpcNode100-ConnectTo-RpcNode2000 }, delay = 0 ms 
2026-04-13 15:53:59.470 DEBUG [nioEventLoopGroup-5-1] BaseClient [org.sunrise.game.core.client.BaseClientPulseHandler:27] - send ping, cur NodeId = { RpcNode2000-ConnectTo-RpcNode100 } 
2026-04-13 15:54:01.503 DEBUG [nioEventLoopGroup-6-1] BaseClient [org.sunrise.game.core.client.BaseClientPulseHandler:27] - send ping, cur NodeId = { RpcNode2000-ConnectTo-RpcNode1000 } 
2026-04-13 15:54:01.560 DEBUG [nioEventLoopGroup-3-2] BaseServer [org.sunrise.game.core.server.BaseServerPulseHandler:22] - recv ping, cur NodeId = { RpcNode2000 }, from NodeId = { RpcNode1000-ConnectTo-RpcNode2000 }, delay = 0 ms 
2026-04-13 15:54:03.754 DEBUG [nioEventLoopGroup-7-1] BaseClient [org.sunrise.game.core.client.BaseClientPulseHandler:27] - send ping, cur NodeId = { RpcNode2000-ConnectTo-RpcNode3 } 
2026-04-13 15:54:03.821 DEBUG [nioEventLoopGroup-3-3] BaseServer [org.sunrise.game.core.server.BaseServerPulseHandler:22] - recv ping, cur NodeId = { RpcNode2000 }, from NodeId = { RpcNode3-ConnectTo-RpcNode2000 }, delay = 0 ms 
2026-04-13 15:54:05.849 DEBUG [nioEventLoopGroup-8-1] BaseClient [org.sunrise.game.core.client.BaseClientPulseHandler:27] - send ping, cur NodeId = { RpcNode2000-ConnectTo-RpcNode2 } 
2026-04-13 15:54:05.908 DEBUG [nioEventLoopGroup-3-4] BaseServer [org.sunrise.game.core.server.BaseServerPulseHandler:22] - recv ping, cur NodeId = { RpcNode2000 }, from NodeId = { RpcNode2-ConnectTo-RpcNode2000 }, delay = 0 ms 
2026-04-13 15:54:09.082 INFO  [CheckMemory] ServerStartUp [org.sunrise.game.utils.Utils:125] - Memory : {  total memory: 256 MB, free memory: 220 MB, used memory: 35 MB } 
2026-04-13 15:54:09.470 DEBUG [nioEventLoopGroup-3-1] BaseServer [org.sunrise.game.core.server.BaseServerPulseHandler:22] - recv ping, cur NodeId = { RpcNode2000 }, from NodeId = { RpcNode100-ConnectTo-RpcNode2000 }, delay = 0 ms 
2026-04-13 15:54:09.472 DEBUG [nioEventLoopGroup-5-1] BaseClient [org.sunrise.game.core.client.BaseClientPulseHandler:27] - send ping, cur NodeId = { RpcNode2000-ConnectTo-RpcNode100 } 
2026-04-13 15:54:11.503 DEBUG [nioEventLoopGroup-6-1] BaseClient [org.sunrise.game.core.client.BaseClientPulseHandler:27] - send ping, cur NodeId = { RpcNode2000-ConnectTo-RpcNode1000 } 
2026-04-13 15:54:11.561 DEBUG [nioEventLoopGroup-3-2] BaseServer [org.sunrise.game.core.server.BaseServerPulseHandler:22] - recv ping, cur NodeId = { RpcNode2000 }, from NodeId = { RpcNode1000-ConnectTo-RpcNode2000 }, delay = 0 ms 
2026-04-13 15:54:13.756 DEBUG [nioEventLoopGroup-7-1] BaseClient [org.sunrise.game.core.client.BaseClientPulseHandler:27] - send ping, cur NodeId = { RpcNode2000-ConnectTo-RpcNode3 } 
2026-04-13 15:54:13.823 DEBUG [nioEventLoopGroup-3-3] BaseServer [org.sunrise.game.core.server.BaseServerPulseHandler:22] - recv ping, cur NodeId = { RpcNode2000 }, from NodeId = { RpcNode3-ConnectTo-RpcNode2000 }, delay = 0 ms 
2026-04-13 15:54:15.849 DEBUG [nioEventLoopGroup-8-1] BaseClient [org.sunrise.game.core.client.BaseClientPulseHandler:27] - send ping, cur NodeId = { RpcNode2000-ConnectTo-RpcNode2 } 
2026-04-13 15:54:15.909 DEBUG [nioEventLoopGroup-3-4] BaseServer [org.sunrise.game.core.server.BaseServerPulseHandler:22] - recv ping, cur NodeId = { RpcNode2000 }, from NodeId = { RpcNode2-ConnectTo-RpcNode2000 }, delay = 0 ms 
2026-04-13 15:54:19.471 DEBUG [nioEventLoopGroup-3-1] BaseServer [org.sunrise.game.core.server.BaseServerPulseHandler:22] - recv ping, cur NodeId = { RpcNode2000 }, from NodeId = { RpcNode100-ConnectTo-RpcNode2000 }, delay = 0 ms 
2026-04-13 15:54:19.474 DEBUG [nioEventLoopGroup-5-1] BaseClient [org.sunrise.game.core.client.BaseClientPulseHandler:27] - send ping, cur NodeId = { RpcNode2000-ConnectTo-RpcNode100 } 
2026-04-13 15:54:21.504 DEBUG [nioEventLoopGroup-6-1] BaseClient [org.sunrise.game.core.client.BaseClientPulseHandler:27] - send ping, cur NodeId = { RpcNode2000-ConnectTo-RpcNode1000 } 
2026-04-13 15:54:21.562 DEBUG [nioEventLoopGroup-3-2] BaseServer [org.sunrise.game.core.server.BaseServerPulseHandler:22] - recv ping, cur NodeId = { RpcNode2000 }, from NodeId = { RpcNode1000-ConnectTo-RpcNode2000 }, delay = 0 ms 
2026-04-13 15:54:23.755 DEBUG [nioEventLoopGroup-7-1] BaseClient [org.sunrise.game.core.client.BaseClientPulseHandler:27] - send ping, cur NodeId = { RpcNode2000-ConnectTo-RpcNode3 } 
2026-04-13 15:54:23.823 DEBUG [nioEventLoopGroup-3-3] BaseServer [org.sunrise.game.core.server.BaseServerPulseHandler:22] - recv ping, cur NodeId = { RpcNode2000 }, from NodeId = { RpcNode3-ConnectTo-RpcNode2000 }, delay = 0 ms 
2026-04-13 15:54:25.851 DEBUG [nioEventLoopGroup-8-1] BaseClient [org.sunrise.game.core.client.BaseClientPulseHandler:27] - send ping, cur NodeId = { RpcNode2000-ConnectTo-RpcNode2 } 
2026-04-13 15:54:25.909 DEBUG [nioEventLoopGroup-3-4] BaseServer [org.sunrise.game.core.server.BaseServerPulseHandler:22] - recv ping, cur NodeId = { RpcNode2000 }, from NodeId = { RpcNode2-ConnectTo-RpcNode2000 }, delay = 0 ms 
2026-04-13 15:54:29.471 DEBUG [nioEventLoopGroup-3-1] BaseServer [org.sunrise.game.core.server.BaseServerPulseHandler:22] - recv ping, cur NodeId = { RpcNode2000 }, from NodeId = { RpcNode100-ConnectTo-RpcNode2000 }, delay = 0 ms 
2026-04-13 15:54:29.475 DEBUG [nioEventLoopGroup-5-1] BaseClient [org.sunrise.game.core.client.BaseClientPulseHandler:27] - send ping, cur NodeId = { RpcNode2000-ConnectTo-RpcNode100 } 
2026-04-13 15:54:31.504 DEBUG [nioEventLoopGroup-6-1] BaseClient [org.sunrise.game.core.client.BaseClientPulseHandler:27] - send ping, cur NodeId = { RpcNode2000-ConnectTo-RpcNode1000 } 
2026-04-13 15:54:31.562 DEBUG [nioEventLoopGroup-3-2] BaseServer [org.sunrise.game.core.server.BaseServerPulseHandler:22] - recv ping, cur NodeId = { RpcNode2000 }, from NodeId = { RpcNode1000-ConnectTo-RpcNode2000 }, delay = 0 ms 
2026-04-13 15:54:33.756 DEBUG [nioEventLoopGroup-7-1] BaseClient [org.sunrise.game.core.client.BaseClientPulseHandler:27] - send ping, cur NodeId = { RpcNode2000-ConnectTo-RpcNode3 } 
2026-04-13 15:54:33.823 DEBUG [nioEventLoopGroup-3-3] BaseServer [org.sunrise.game.core.server.BaseServerPulseHandler:22] - recv ping, cur NodeId = { RpcNode2000 }, from NodeId = { RpcNode3-ConnectTo-RpcNode2000 }, delay = 0 ms 
2026-04-13 15:54:35.852 DEBUG [nioEventLoopGroup-8-1] BaseClient [org.sunrise.game.core.client.BaseClientPulseHandler:27] - send ping, cur NodeId = { RpcNode2000-ConnectTo-RpcNode2 } 
2026-04-13 15:54:35.910 DEBUG [nioEventLoopGroup-3-4] BaseServer [org.sunrise.game.core.server.BaseServerPulseHandler:22] - recv ping, cur NodeId = { RpcNode2000 }, from NodeId = { RpcNode2-ConnectTo-RpcNode2000 }, delay = 0 ms 
2026-04-13 15:54:39.471 DEBUG [nioEventLoopGroup-3-1] BaseServer [org.sunrise.game.core.server.BaseServerPulseHandler:22] - recv ping, cur NodeId = { RpcNode2000 }, from NodeId = { RpcNode100-ConnectTo-RpcNode2000 }, delay = 0 ms 
2026-04-13 15:54:39.476 DEBUG [nioEventLoopGroup-5-1] BaseClient [org.sunrise.game.core.client.BaseClientPulseHandler:27] - send ping, cur NodeId = { RpcNode2000-ConnectTo-RpcNode100 } 
2026-04-13 15:54:41.505 DEBUG [nioEventLoopGroup-6-1] BaseClient [org.sunrise.game.core.client.BaseClientPulseHandler:27] - send ping, cur NodeId = { RpcNode2000-ConnectTo-RpcNode1000 } 
2026-04-13 15:54:41.563 DEBUG [nioEventLoopGroup-3-2] BaseServer [org.sunrise.game.core.server.BaseServerPulseHandler:22] - recv ping, cur NodeId = { RpcNode2000 }, from NodeId = { RpcNode1000-ConnectTo-RpcNode2000 }, delay = 0 ms 
2026-04-13 15:54:43.758 DEBUG [nioEventLoopGroup-7-1] BaseClient [org.sunrise.game.core.client.BaseClientPulseHandler:27] - send ping, cur NodeId = { RpcNode2000-ConnectTo-RpcNode3 } 
2026-04-13 15:54:43.825 DEBUG [nioEventLoopGroup-3-3] BaseServer [org.sunrise.game.core.server.BaseServerPulseHandler:22] - recv ping, cur NodeId = { RpcNode2000 }, from NodeId = { RpcNode3-ConnectTo-RpcNode2000 }, delay = 1 ms 
2026-04-13 15:54:45.852 DEBUG [nioEventLoopGroup-8-1] BaseClient [org.sunrise.game.core.client.BaseClientPulseHandler:27] - send ping, cur NodeId = { RpcNode2000-ConnectTo-RpcNode2 } 
2026-04-13 15:54:45.910 DEBUG [nioEventLoopGroup-3-4] BaseServer [org.sunrise.game.core.server.BaseServerPulseHandler:22] - recv ping, cur NodeId = { RpcNode2000 }, from NodeId = { RpcNode2-ConnectTo-RpcNode2000 }, delay = 0 ms 
2026-04-13 15:54:49.473 DEBUG [nioEventLoopGroup-3-1] BaseServer [org.sunrise.game.core.server.BaseServerPulseHandler:22] - recv ping, cur NodeId = { RpcNode2000 }, from NodeId = { RpcNode100-ConnectTo-RpcNode2000 }, delay = 0 ms 
2026-04-13 15:54:49.476 DEBUG [nioEventLoopGroup-5-1] BaseClient [org.sunrise.game.core.client.BaseClientPulseHandler:27] - send ping, cur NodeId = { RpcNode2000-ConnectTo-RpcNode100 } 
2026-04-13 15:54:51.506 DEBUG [nioEventLoopGroup-6-1] BaseClient [org.sunrise.game.core.client.BaseClientPulseHandler:27] - send ping, cur NodeId = { RpcNode2000-ConnectTo-RpcNode1000 } 
2026-04-13 15:54:51.564 DEBUG [nioEventLoopGroup-3-2] BaseServer [org.sunrise.game.core.server.BaseServerPulseHandler:22] - recv ping, cur NodeId = { RpcNode2000 }, from NodeId = { RpcNode1000-ConnectTo-RpcNode2000 }, delay = 0 ms 
2026-04-13 15:54:53.759 DEBUG [nioEventLoopGroup-7-1] BaseClient [org.sunrise.game.core.client.BaseClientPulseHandler:27] - send ping, cur NodeId = { RpcNode2000-ConnectTo-RpcNode3 } 
2026-04-13 15:54:53.824 DEBUG [nioEventLoopGroup-3-3] BaseServer [org.sunrise.game.core.server.BaseServerPulseHandler:22] - recv ping, cur NodeId = { RpcNode2000 }, from NodeId = { RpcNode3-ConnectTo-RpcNode2000 }, delay = 0 ms 
2026-04-13 15:54:55.852 DEBUG [nioEventLoopGroup-8-1] BaseClient [org.sunrise.game.core.client.BaseClientPulseHandler:27] - send ping, cur NodeId = { RpcNode2000-ConnectTo-RpcNode2 } 
2026-04-13 15:54:55.910 DEBUG [nioEventLoopGroup-3-4] BaseServer [org.sunrise.game.core.server.BaseServerPulseHandler:22] - recv ping, cur NodeId = { RpcNode2000 }, from NodeId = { RpcNode2-ConnectTo-RpcNode2000 }, delay = 0 ms 
2026-04-13 15:54:59.473 DEBUG [nioEventLoopGroup-3-1] BaseServer [org.sunrise.game.core.server.BaseServerPulseHandler:22] - recv ping, cur NodeId = { RpcNode2000 }, from NodeId = { RpcNode100-ConnectTo-RpcNode2000 }, delay = 0 ms 
2026-04-13 15:54:59.476 DEBUG [nioEventLoopGroup-5-1] BaseClient [org.sunrise.game.core.client.BaseClientPulseHandler:27] - send ping, cur NodeId = { RpcNode2000-ConnectTo-RpcNode100 } 
2026-04-13 15:55:01.506 DEBUG [nioEventLoopGroup-6-1] BaseClient [org.sunrise.game.core.client.BaseClientPulseHandler:27] - send ping, cur NodeId = { RpcNode2000-ConnectTo-RpcNode1000 } 
2026-04-13 15:55:01.563 DEBUG [nioEventLoopGroup-3-2] BaseServer [org.sunrise.game.core.server.BaseServerPulseHandler:22] - recv ping, cur NodeId = { RpcNode2000 }, from NodeId = { RpcNode1000-ConnectTo-RpcNode2000 }, delay = 0 ms 
2026-04-13 15:55:03.761 DEBUG [nioEventLoopGroup-7-1] BaseClient [org.sunrise.game.core.client.BaseClientPulseHandler:27] - send ping, cur NodeId = { RpcNode2000-ConnectTo-RpcNode3 } 
2026-04-13 15:55:03.825 DEBUG [nioEventLoopGroup-3-3] BaseServer [org.sunrise.game.core.server.BaseServerPulseHandler:22] - recv ping, cur NodeId = { RpcNode2000 }, from NodeId = { RpcNode3-ConnectTo-RpcNode2000 }, delay = 0 ms 
2026-04-13 15:55:05.852 DEBUG [nioEventLoopGroup-8-1] BaseClient [org.sunrise.game.core.client.BaseClientPulseHandler:27] - send ping, cur NodeId = { RpcNode2000-ConnectTo-RpcNode2 } 
2026-04-13 15:55:05.910 DEBUG [nioEventLoopGroup-3-4] BaseServer [org.sunrise.game.core.server.BaseServerPulseHandler:22] - recv ping, cur NodeId = { RpcNode2000 }, from NodeId = { RpcNode2-ConnectTo-RpcNode2000 }, delay = 0 ms 
2026-04-13 15:55:09.085 INFO  [CheckMemory] ServerStartUp [org.sunrise.game.utils.Utils:125] - Memory : {  total memory: 256 MB, free memory: 219 MB, used memory: 36 MB } 
2026-04-13 15:55:09.474 DEBUG [nioEventLoopGroup-3-1] BaseServer [org.sunrise.game.core.server.BaseServerPulseHandler:22] - recv ping, cur NodeId = { RpcNode2000 }, from NodeId = { RpcNode100-ConnectTo-RpcNode2000 }, delay = 0 ms 
2026-04-13 15:55:09.477 DEBUG [nioEventLoopGroup-5-1] BaseClient [org.sunrise.game.core.client.BaseClientPulseHandler:27] - send ping, cur NodeId = { RpcNode2000-ConnectTo-RpcNode100 } 
2026-04-13 15:55:11.506 DEBUG [nioEventLoopGroup-6-1] BaseClient [org.sunrise.game.core.client.BaseClientPulseHandler:27] - send ping, cur NodeId = { RpcNode2000-ConnectTo-RpcNode1000 } 
2026-04-13 15:55:11.564 DEBUG [nioEventLoopGroup-3-2] BaseServer [org.sunrise.game.core.server.BaseServerPulseHandler:22] - recv ping, cur NodeId = { RpcNode2000 }, from NodeId = { RpcNode1000-ConnectTo-RpcNode2000 }, delay = 0 ms 
2026-04-13 15:55:13.762 DEBUG [nioEventLoopGroup-7-1] BaseClient [org.sunrise.game.core.client.BaseClientPulseHandler:27] - send ping, cur NodeId = { RpcNode2000-ConnectTo-RpcNode3 } 
2026-04-13 15:55:13.825 DEBUG [nioEventLoopGroup-3-3] BaseServer [org.sunrise.game.core.server.BaseServerPulseHandler:22] - recv ping, cur NodeId = { RpcNode2000 }, from NodeId = { RpcNode3-ConnectTo-RpcNode2000 }, delay = 0 ms 
2026-04-13 15:55:15.853 DEBUG [nioEventLoopGroup-8-1] BaseClient [org.sunrise.game.core.client.BaseClientPulseHandler:27] - send ping, cur NodeId = { RpcNode2000-ConnectTo-RpcNode2 } 
2026-04-13 15:55:15.910 DEBUG [nioEventLoopGroup-3-4] BaseServer [org.sunrise.game.core.server.BaseServerPulseHandler:22] - recv ping, cur NodeId = { RpcNode2000 }, from NodeId = { RpcNode2-ConnectTo-RpcNode2000 }, delay = 0 ms 
2026-04-13 15:55:19.474 DEBUG [nioEventLoopGroup-3-1] BaseServer [org.sunrise.game.core.server.BaseServerPulseHandler:22] - recv ping, cur NodeId = { RpcNode2000 }, from NodeId = { RpcNode100-ConnectTo-RpcNode2000 }, delay = 0 ms 
2026-04-13 15:55:19.477 DEBUG [nioEventLoopGroup-5-1] BaseClient [org.sunrise.game.core.client.BaseClientPulseHandler:27] - send ping, cur NodeId = { RpcNode2000-ConnectTo-RpcNode100 } 
2026-04-13 15:55:21.508 DEBUG [nioEventLoopGroup-6-1] BaseClient [org.sunrise.game.core.client.BaseClientPulseHandler:27] - send ping, cur NodeId = { RpcNode2000-ConnectTo-RpcNode1000 } 
2026-04-13 15:55:21.565 DEBUG [nioEventLoopGroup-3-2] BaseServer [org.sunrise.game.core.server.BaseServerPulseHandler:22] - recv ping, cur NodeId = { RpcNode2000 }, from NodeId = { RpcNode1000-ConnectTo-RpcNode2000 }, delay = 1 ms 
2026-04-13 15:55:23.763 DEBUG [nioEventLoopGroup-7-1] BaseClient [org.sunrise.game.core.client.BaseClientPulseHandler:27] - send ping, cur NodeId = { RpcNode2000-ConnectTo-RpcNode3 } 
2026-04-13 15:55:23.826 DEBUG [nioEventLoopGroup-3-3] BaseServer [org.sunrise.game.core.server.BaseServerPulseHandler:22] - recv ping, cur NodeId = { RpcNode2000 }, from NodeId = { RpcNode3-ConnectTo-RpcNode2000 }, delay = 0 ms 
2026-04-13 15:55:25.854 DEBUG [nioEventLoopGroup-8-1] BaseClient [org.sunrise.game.core.client.BaseClientPulseHandler:27] - send ping, cur NodeId = { RpcNode2000-ConnectTo-RpcNode2 } 
2026-04-13 15:55:25.910 DEBUG [nioEventLoopGroup-3-4] BaseServer [org.sunrise.game.core.server.BaseServerPulseHandler:22] - recv ping, cur NodeId = { RpcNode2000 }, from NodeId = { RpcNode2-ConnectTo-RpcNode2000 }, delay = 0 ms 
2026-04-13 15:55:29.474 DEBUG [nioEventLoopGroup-3-1] BaseServer [org.sunrise.game.core.server.BaseServerPulseHandler:22] - recv ping, cur NodeId = { RpcNode2000 }, from NodeId = { RpcNode100-ConnectTo-RpcNode2000 }, delay = 0 ms 
2026-04-13 15:55:29.478 DEBUG [nioEventLoopGroup-5-1] BaseClient [org.sunrise.game.core.client.BaseClientPulseHandler:27] - send ping, cur NodeId = { RpcNode2000-ConnectTo-RpcNode100 } 
2026-04-13 15:55:31.508 DEBUG [nioEventLoopGroup-6-1] BaseClient [org.sunrise.game.core.client.BaseClientPulseHandler:27] - send ping, cur NodeId = { RpcNode2000-ConnectTo-RpcNode1000 } 
2026-04-13 15:55:31.564 DEBUG [nioEventLoopGroup-3-2] BaseServer [org.sunrise.game.core.server.BaseServerPulseHandler:22] - recv ping, cur NodeId = { RpcNode2000 }, from NodeId = { RpcNode1000-ConnectTo-RpcNode2000 }, delay = 0 ms 
2026-04-13 15:55:33.764 DEBUG [nioEventLoopGroup-7-1] BaseClient [org.sunrise.game.core.client.BaseClientPulseHandler:27] - send ping, cur NodeId = { RpcNode2000-ConnectTo-RpcNode3 } 
2026-04-13 15:55:33.827 DEBUG [nioEventLoopGroup-3-3] BaseServer [org.sunrise.game.core.server.BaseServerPulseHandler:22] - recv ping, cur NodeId = { RpcNode2000 }, from NodeId = { RpcNode3-ConnectTo-RpcNode2000 }, delay = 1 ms 
2026-04-13 15:55:35.854 DEBUG [nioEventLoopGroup-8-1] BaseClient [org.sunrise.game.core.client.BaseClientPulseHandler:27] - send ping, cur NodeId = { RpcNode2000-ConnectTo-RpcNode2 } 
2026-04-13 15:55:35.911 DEBUG [nioEventLoopGroup-3-4] BaseServer [org.sunrise.game.core.server.BaseServerPulseHandler:22] - recv ping, cur NodeId = { RpcNode2000 }, from NodeId = { RpcNode2-ConnectTo-RpcNode2000 }, delay = 0 ms 
2026-04-13 15:55:39.476 DEBUG [nioEventLoopGroup-3-1] BaseServer [org.sunrise.game.core.server.BaseServerPulseHandler:22] - recv ping, cur NodeId = { RpcNode2000 }, from NodeId = { RpcNode100-ConnectTo-RpcNode2000 }, delay = 0 ms 
2026-04-13 15:55:39.480 DEBUG [nioEventLoopGroup-5-1] BaseClient [org.sunrise.game.core.client.BaseClientPulseHandler:27] - send ping, cur NodeId = { RpcNode2000-ConnectTo-RpcNode100 } 
2026-04-13 15:55:41.509 DEBUG [nioEventLoopGroup-6-1] BaseClient [org.sunrise.game.core.client.BaseClientPulseHandler:27] - send ping, cur NodeId = { RpcNode2000-ConnectTo-RpcNode1000 } 
2026-04-13 15:55:41.564 DEBUG [nioEventLoopGroup-3-2] BaseServer [org.sunrise.game.core.server.BaseServerPulseHandler:22] - recv ping, cur NodeId = { RpcNode2000 }, from NodeId = { RpcNode1000-ConnectTo-RpcNode2000 }, delay = 0 ms 
2026-04-13 15:55:43.765 DEBUG [nioEventLoopGroup-7-1] BaseClient [org.sunrise.game.core.client.BaseClientPulseHandler:27] - send ping, cur NodeId = { RpcNode2000-ConnectTo-RpcNode3 } 
2026-04-13 15:55:43.827 DEBUG [nioEventLoopGroup-3-3] BaseServer [org.sunrise.game.core.server.BaseServerPulseHandler:22] - recv ping, cur NodeId = { RpcNode2000 }, from NodeId = { RpcNode3-ConnectTo-RpcNode2000 }, delay = 0 ms 
2026-04-13 15:55:45.854 DEBUG [nioEventLoopGroup-8-1] BaseClient [org.sunrise.game.core.client.BaseClientPulseHandler:27] - send ping, cur NodeId = { RpcNode2000-ConnectTo-RpcNode2 } 
2026-04-13 15:55:45.911 DEBUG [nioEventLoopGroup-3-4] BaseServer [org.sunrise.game.core.server.BaseServerPulseHandler:22] - recv ping, cur NodeId = { RpcNode2000 }, from NodeId = { RpcNode2-ConnectTo-RpcNode2000 }, delay = 0 ms 
2026-04-13 15:55:49.477 DEBUG [nioEventLoopGroup-3-1] BaseServer [org.sunrise.game.core.server.BaseServerPulseHandler:22] - recv ping, cur NodeId = { RpcNode2000 }, from NodeId = { RpcNode100-ConnectTo-RpcNode2000 }, delay = 0 ms 
2026-04-13 15:55:49.480 DEBUG [nioEventLoopGroup-5-1] BaseClient [org.sunrise.game.core.client.BaseClientPulseHandler:27] - send ping, cur NodeId = { RpcNode2000-ConnectTo-RpcNode100 } 
2026-04-13 15:55:51.509 DEBUG [nioEventLoopGroup-6-1] BaseClient [org.sunrise.game.core.client.BaseClientPulseHandler:27] - send ping, cur NodeId = { RpcNode2000-ConnectTo-RpcNode1000 } 
2026-04-13 15:55:51.566 DEBUG [nioEventLoopGroup-3-2] BaseServer [org.sunrise.game.core.server.BaseServerPulseHandler:22] - recv ping, cur NodeId = { RpcNode2000 }, from NodeId = { RpcNode1000-ConnectTo-RpcNode2000 }, delay = 0 ms 
2026-04-13 15:55:53.765 DEBUG [nioEventLoopGroup-7-1] BaseClient [org.sunrise.game.core.client.BaseClientPulseHandler:27] - send ping, cur NodeId = { RpcNode2000-ConnectTo-RpcNode3 } 
2026-04-13 15:55:53.827 DEBUG [nioEventLoopGroup-3-3] BaseServer [org.sunrise.game.core.server.BaseServerPulseHandler:22] - recv ping, cur NodeId = { RpcNode2000 }, from NodeId = { RpcNode3-ConnectTo-RpcNode2000 }, delay = 0 ms 
2026-04-13 15:55:55.855 DEBUG [nioEventLoopGroup-8-1] BaseClient [org.sunrise.game.core.client.BaseClientPulseHandler:27] - send ping, cur NodeId = { RpcNode2000-ConnectTo-RpcNode2 } 
2026-04-13 15:55:55.912 DEBUG [nioEventLoopGroup-3-4] BaseServer [org.sunrise.game.core.server.BaseServerPulseHandler:22] - recv ping, cur NodeId = { RpcNode2000 }, from NodeId = { RpcNode2-ConnectTo-RpcNode2000 }, delay = 1 ms 
2026-04-13 15:55:59.477 DEBUG [nioEventLoopGroup-3-1] BaseServer [org.sunrise.game.core.server.BaseServerPulseHandler:22] - recv ping, cur NodeId = { RpcNode2000 }, from NodeId = { RpcNode100-ConnectTo-RpcNode2000 }, delay = 0 ms 
2026-04-13 15:55:59.482 DEBUG [nioEventLoopGroup-5-1] BaseClient [org.sunrise.game.core.client.BaseClientPulseHandler:27] - send ping, cur NodeId = { RpcNode2000-ConnectTo-RpcNode100 } 
2026-04-13 15:56:01.510 DEBUG [nioEventLoopGroup-6-1] BaseClient [org.sunrise.game.core.client.BaseClientPulseHandler:27] - send ping, cur NodeId = { RpcNode2000-ConnectTo-RpcNode1000 } 
2026-04-13 15:56:01.566 DEBUG [nioEventLoopGroup-3-2] BaseServer [org.sunrise.game.core.server.BaseServerPulseHandler:22] - recv ping, cur NodeId = { RpcNode2000 }, from NodeId = { RpcNode1000-ConnectTo-RpcNode2000 }, delay = 1 ms 
2026-04-13 15:56:03.765 DEBUG [nioEventLoopGroup-7-1] BaseClient [org.sunrise.game.core.client.BaseClientPulseHandler:27] - send ping, cur NodeId = { RpcNode2000-ConnectTo-RpcNode3 } 
2026-04-13 15:56:03.828 DEBUG [nioEventLoopGroup-3-3] BaseServer [org.sunrise.game.core.server.BaseServerPulseHandler:22] - recv ping, cur NodeId = { RpcNode2000 }, from NodeId = { RpcNode3-ConnectTo-RpcNode2000 }, delay = 0 ms 
2026-04-13 15:56:05.856 DEBUG [nioEventLoopGroup-8-1] BaseClient [org.sunrise.game.core.client.BaseClientPulseHandler:27] - send ping, cur NodeId = { RpcNode2000-ConnectTo-RpcNode2 } 
2026-04-13 15:56:05.911 DEBUG [nioEventLoopGroup-3-4] BaseServer [org.sunrise.game.core.server.BaseServerPulseHandler:22] - recv ping, cur NodeId = { RpcNode2000 }, from NodeId = { RpcNode2-ConnectTo-RpcNode2000 }, delay = 0 ms 
2026-04-13 15:56:09.085 INFO  [CheckMemory] ServerStartUp [org.sunrise.game.utils.Utils:125] - Memory : {  total memory: 256 MB, free memory: 219 MB, used memory: 36 MB } 
2026-04-13 15:56:09.478 DEBUG [nioEventLoopGroup-3-1] BaseServer [org.sunrise.game.core.server.BaseServerPulseHandler:22] - recv ping, cur NodeId = { RpcNode2000 }, from NodeId = { RpcNode100-ConnectTo-RpcNode2000 }, delay = 0 ms 
2026-04-13 15:56:09.481 DEBUG [nioEventLoopGroup-5-1] BaseClient [org.sunrise.game.core.client.BaseClientPulseHandler:27] - send ping, cur NodeId = { RpcNode2000-ConnectTo-RpcNode100 } 
2026-04-13 15:56:11.510 DEBUG [nioEventLoopGroup-6-1] BaseClient [org.sunrise.game.core.client.BaseClientPulseHandler:27] - send ping, cur NodeId = { RpcNode2000-ConnectTo-RpcNode1000 } 
2026-04-13 15:56:11.566 DEBUG [nioEventLoopGroup-3-2] BaseServer [org.sunrise.game.core.server.BaseServerPulseHandler:22] - recv ping, cur NodeId = { RpcNode2000 }, from NodeId = { RpcNode1000-ConnectTo-RpcNode2000 }, delay = 0 ms 
2026-04-13 15:56:13.767 DEBUG [nioEventLoopGroup-7-1] BaseClient [org.sunrise.game.core.client.BaseClientPulseHandler:27] - send ping, cur NodeId = { RpcNode2000-ConnectTo-RpcNode3 } 
2026-04-13 15:56:13.828 DEBUG [nioEventLoopGroup-3-3] BaseServer [org.sunrise.game.core.server.BaseServerPulseHandler:22] - recv ping, cur NodeId = { RpcNode2000 }, from NodeId = { RpcNode3-ConnectTo-RpcNode2000 }, delay = 0 ms 
2026-04-13 15:56:15.857 DEBUG [nioEventLoopGroup-8-1] BaseClient [org.sunrise.game.core.client.BaseClientPulseHandler:27] - send ping, cur NodeId = { RpcNode2000-ConnectTo-RpcNode2 } 
2026-04-13 15:56:15.911 DEBUG [nioEventLoopGroup-3-4] BaseServer [org.sunrise.game.core.server.BaseServerPulseHandler:22] - recv ping, cur NodeId = { RpcNode2000 }, from NodeId = { RpcNode2-ConnectTo-RpcNode2000 }, delay = 0 ms 
2026-04-13 15:56:19.480 DEBUG [nioEventLoopGroup-3-1] BaseServer [org.sunrise.game.core.server.BaseServerPulseHandler:22] - recv ping, cur NodeId = { RpcNode2000 }, from NodeId = { RpcNode100-ConnectTo-RpcNode2000 }, delay = 0 ms 
2026-04-13 15:56:19.482 DEBUG [nioEventLoopGroup-5-1] BaseClient [org.sunrise.game.core.client.BaseClientPulseHandler:27] - send ping, cur NodeId = { RpcNode2000-ConnectTo-RpcNode100 } 
2026-04-13 15:56:21.510 DEBUG [nioEventLoopGroup-6-1] BaseClient [org.sunrise.game.core.client.BaseClientPulseHandler:27] - send ping, cur NodeId = { RpcNode2000-ConnectTo-RpcNode1000 } 
2026-04-13 15:56:21.566 DEBUG [nioEventLoopGroup-3-2] BaseServer [org.sunrise.game.core.server.BaseServerPulseHandler:22] - recv ping, cur NodeId = { RpcNode2000 }, from NodeId = { RpcNode1000-ConnectTo-RpcNode2000 }, delay = 0 ms 
2026-04-13 15:56:23.768 DEBUG [nioEventLoopGroup-7-1] BaseClient [org.sunrise.game.core.client.BaseClientPulseHandler:27] - send ping, cur NodeId = { RpcNode2000-ConnectTo-RpcNode3 } 
2026-04-13 15:56:23.829 DEBUG [nioEventLoopGroup-3-3] BaseServer [org.sunrise.game.core.server.BaseServerPulseHandler:22] - recv ping, cur NodeId = { RpcNode2000 }, from NodeId = { RpcNode3-ConnectTo-RpcNode2000 }, delay = 0 ms 
2026-04-13 15:56:25.857 DEBUG [nioEventLoopGroup-8-1] BaseClient [org.sunrise.game.core.client.BaseClientPulseHandler:27] - send ping, cur NodeId = { RpcNode2000-ConnectTo-RpcNode2 } 
2026-04-13 15:56:25.912 DEBUG [nioEventLoopGroup-3-4] BaseServer [org.sunrise.game.core.server.BaseServerPulseHandler:22] - recv ping, cur NodeId = { RpcNode2000 }, from NodeId = { RpcNode2-ConnectTo-RpcNode2000 }, delay = 0 ms 
2026-04-13 15:56:29.480 DEBUG [nioEventLoopGroup-3-1] BaseServer [org.sunrise.game.core.server.BaseServerPulseHandler:22] - recv ping, cur NodeId = { RpcNode2000 }, from NodeId = { RpcNode100-ConnectTo-RpcNode2000 }, delay = 0 ms 
2026-04-13 15:56:29.482 DEBUG [nioEventLoopGroup-5-1] BaseClient [org.sunrise.game.core.client.BaseClientPulseHandler:27] - send ping, cur NodeId = { RpcNode2000-ConnectTo-RpcNode100 } 
2026-04-13 15:56:31.512 DEBUG [nioEventLoopGroup-6-1] BaseClient [org.sunrise.game.core.client.BaseClientPulseHandler:27] - send ping, cur NodeId = { RpcNode2000-ConnectTo-RpcNode1000 } 
2026-04-13 15:56:31.567 DEBUG [nioEventLoopGroup-3-2] BaseServer [org.sunrise.game.core.server.BaseServerPulseHandler:22] - recv ping, cur NodeId = { RpcNode2000 }, from NodeId = { RpcNode1000-ConnectTo-RpcNode2000 }, delay = 0 ms 
2026-04-13 15:56:33.767 DEBUG [nioEventLoopGroup-7-1] BaseClient [org.sunrise.game.core.client.BaseClientPulseHandler:27] - send ping, cur NodeId = { RpcNode2000-ConnectTo-RpcNode3 } 
2026-04-13 15:56:33.830 DEBUG [nioEventLoopGroup-3-3] BaseServer [org.sunrise.game.core.server.BaseServerPulseHandler:22] - recv ping, cur NodeId = { RpcNode2000 }, from NodeId = { RpcNode3-ConnectTo-RpcNode2000 }, delay = 0 ms 
2026-04-13 15:56:35.857 DEBUG [nioEventLoopGroup-8-1] BaseClient [org.sunrise.game.core.client.BaseClientPulseHandler:27] - send ping, cur NodeId = { RpcNode2000-ConnectTo-RpcNode2 } 
2026-04-13 15:56:35.913 DEBUG [nioEventLoopGroup-3-4] BaseServer [org.sunrise.game.core.server.BaseServerPulseHandler:22] - recv ping, cur NodeId = { RpcNode2000 }, from NodeId = { RpcNode2-ConnectTo-RpcNode2000 }, delay = 0 ms 
2026-04-13 15:56:39.482 DEBUG [nioEventLoopGroup-3-1] BaseServer [org.sunrise.game.core.server.BaseServerPulseHandler:22] - recv ping, cur NodeId = { RpcNode2000 }, from NodeId = { RpcNode100-ConnectTo-RpcNode2000 }, delay = 0 ms 
2026-04-13 15:56:39.483 DEBUG [nioEventLoopGroup-5-1] BaseClient [org.sunrise.game.core.client.BaseClientPulseHandler:27] - send ping, cur NodeId = { RpcNode2000-ConnectTo-RpcNode100 } 
2026-04-13 15:56:41.512 DEBUG [nioEventLoopGroup-6-1] BaseClient [org.sunrise.game.core.client.BaseClientPulseHandler:27] - send ping, cur NodeId = { RpcNode2000-ConnectTo-RpcNode1000 } 
2026-04-13 15:56:41.568 DEBUG [nioEventLoopGroup-3-2] BaseServer [org.sunrise.game.core.server.BaseServerPulseHandler:22] - recv ping, cur NodeId = { RpcNode2000 }, from NodeId = { RpcNode1000-ConnectTo-RpcNode2000 }, delay = 0 ms 
2026-04-13 15:56:43.768 DEBUG [nioEventLoopGroup-7-1] BaseClient [org.sunrise.game.core.client.BaseClientPulseHandler:27] - send ping, cur NodeId = { RpcNode2000-ConnectTo-RpcNode3 } 
2026-04-13 15:56:43.830 DEBUG [nioEventLoopGroup-3-3] BaseServer [org.sunrise.game.core.server.BaseServerPulseHandler:22] - recv ping, cur NodeId = { RpcNode2000 }, from NodeId = { RpcNode3-ConnectTo-RpcNode2000 }, delay = 1 ms 
2026-04-13 15:56:45.857 DEBUG [nioEventLoopGroup-8-1] BaseClient [org.sunrise.game.core.client.BaseClientPulseHandler:27] - send ping, cur NodeId = { RpcNode2000-ConnectTo-RpcNode2 } 
2026-04-13 15:56:45.913 DEBUG [nioEventLoopGroup-3-4] BaseServer [org.sunrise.game.core.server.BaseServerPulseHandler:22] - recv ping, cur NodeId = { RpcNode2000 }, from NodeId = { RpcNode2-ConnectTo-RpcNode2000 }, delay = 0 ms 
2026-04-13 15:56:49.483 DEBUG [nioEventLoopGroup-3-1] BaseServer [org.sunrise.game.core.server.BaseServerPulseHandler:22] - recv ping, cur NodeId = { RpcNode2000 }, from NodeId = { RpcNode100-ConnectTo-RpcNode2000 }, delay = 0 ms 
2026-04-13 15:56:49.483 DEBUG [nioEventLoopGroup-5-1] BaseClient [org.sunrise.game.core.client.BaseClientPulseHandler:27] - send ping, cur NodeId = { RpcNode2000-ConnectTo-RpcNode100 } 
2026-04-13 15:56:51.512 DEBUG [nioEventLoopGroup-6-1] BaseClient [org.sunrise.game.core.client.BaseClientPulseHandler:27] - send ping, cur NodeId = { RpcNode2000-ConnectTo-RpcNode1000 } 
2026-04-13 15:56:51.568 DEBUG [nioEventLoopGroup-3-2] BaseServer [org.sunrise.game.core.server.BaseServerPulseHandler:22] - recv ping, cur NodeId = { RpcNode2000 }, from NodeId = { RpcNode1000-ConnectTo-RpcNode2000 }, delay = 0 ms 
2026-04-13 15:56:53.769 DEBUG [nioEventLoopGroup-7-1] BaseClient [org.sunrise.game.core.client.BaseClientPulseHandler:27] - send ping, cur NodeId = { RpcNode2000-ConnectTo-RpcNode3 } 
2026-04-13 15:56:53.831 DEBUG [nioEventLoopGroup-3-3] BaseServer [org.sunrise.game.core.server.BaseServerPulseHandler:22] - recv ping, cur NodeId = { RpcNode2000 }, from NodeId = { RpcNode3-ConnectTo-RpcNode2000 }, delay = 0 ms 
2026-04-13 15:56:55.858 DEBUG [nioEventLoopGroup-8-1] BaseClient [org.sunrise.game.core.client.BaseClientPulseHandler:27] - send ping, cur NodeId = { RpcNode2000-ConnectTo-RpcNode2 } 
2026-04-13 15:56:55.913 DEBUG [nioEventLoopGroup-3-4] BaseServer [org.sunrise.game.core.server.BaseServerPulseHandler:22] - recv ping, cur NodeId = { RpcNode2000 }, from NodeId = { RpcNode2-ConnectTo-RpcNode2000 }, delay = 0 ms 
2026-04-13 15:56:59.484 DEBUG [nioEventLoopGroup-3-1] BaseServer [org.sunrise.game.core.server.BaseServerPulseHandler:22] - recv ping, cur NodeId = { RpcNode2000 }, from NodeId = { RpcNode100-ConnectTo-RpcNode2000 }, delay = 0 ms 
2026-04-13 15:56:59.485 DEBUG [nioEventLoopGroup-5-1] BaseClient [org.sunrise.game.core.client.BaseClientPulseHandler:27] - send ping, cur NodeId = { RpcNode2000-ConnectTo-RpcNode100 } 
2026-04-13 15:57:01.513 DEBUG [nioEventLoopGroup-6-1] BaseClient [org.sunrise.game.core.client.BaseClientPulseHandler:27] - send ping, cur NodeId = { RpcNode2000-ConnectTo-RpcNode1000 } 
2026-04-13 15:57:01.569 DEBUG [nioEventLoopGroup-3-2] BaseServer [org.sunrise.game.core.server.BaseServerPulseHandler:22] - recv ping, cur NodeId = { RpcNode2000 }, from NodeId = { RpcNode1000-ConnectTo-RpcNode2000 }, delay = 1 ms 
2026-04-13 15:57:03.769 DEBUG [nioEventLoopGroup-7-1] BaseClient [org.sunrise.game.core.client.BaseClientPulseHandler:27] - send ping, cur NodeId = { RpcNode2000-ConnectTo-RpcNode3 } 
2026-04-13 15:57:03.832 DEBUG [nioEventLoopGroup-3-3] BaseServer [org.sunrise.game.core.server.BaseServerPulseHandler:22] - recv ping, cur NodeId = { RpcNode2000 }, from NodeId = { RpcNode3-ConnectTo-RpcNode2000 }, delay = 0 ms 
2026-04-13 15:57:05.859 DEBUG [nioEventLoopGroup-8-1] BaseClient [org.sunrise.game.core.client.BaseClientPulseHandler:27] - send ping, cur NodeId = { RpcNode2000-ConnectTo-RpcNode2 } 
2026-04-13 15:57:05.913 DEBUG [nioEventLoopGroup-3-4] BaseServer [org.sunrise.game.core.server.BaseServerPulseHandler:22] - recv ping, cur NodeId = { RpcNode2000 }, from NodeId = { RpcNode2-ConnectTo-RpcNode2000 }, delay = 0 ms 
2026-04-13 15:57:09.086 INFO  [CheckMemory] ServerStartUp [org.sunrise.game.utils.Utils:125] - Memory : {  total memory: 256 MB, free memory: 219 MB, used memory: 36 MB } 
2026-04-13 15:57:09.485 DEBUG [nioEventLoopGroup-3-1] BaseServer [org.sunrise.game.core.server.BaseServerPulseHandler:22] - recv ping, cur NodeId = { RpcNode2000 }, from NodeId = { RpcNode100-ConnectTo-RpcNode2000 }, delay = 0 ms 
2026-04-13 15:57:09.485 DEBUG [nioEventLoopGroup-5-1] BaseClient [org.sunrise.game.core.client.BaseClientPulseHandler:27] - send ping, cur NodeId = { RpcNode2000-ConnectTo-RpcNode100 } 
2026-04-13 15:57:11.514 DEBUG [nioEventLoopGroup-6-1] BaseClient [org.sunrise.game.core.client.BaseClientPulseHandler:27] - send ping, cur NodeId = { RpcNode2000-ConnectTo-RpcNode1000 } 
2026-04-13 15:57:11.570 DEBUG [nioEventLoopGroup-3-2] BaseServer [org.sunrise.game.core.server.BaseServerPulseHandler:22] - recv ping, cur NodeId = { RpcNode2000 }, from NodeId = { RpcNode1000-ConnectTo-RpcNode2000 }, delay = 0 ms 
2026-04-13 15:57:13.770 DEBUG [nioEventLoopGroup-7-1] BaseClient [org.sunrise.game.core.client.BaseClientPulseHandler:27] - send ping, cur NodeId = { RpcNode2000-ConnectTo-RpcNode3 } 
2026-04-13 15:57:13.833 DEBUG [nioEventLoopGroup-3-3] BaseServer [org.sunrise.game.core.server.BaseServerPulseHandler:22] - recv ping, cur NodeId = { RpcNode2000 }, from NodeId = { RpcNode3-ConnectTo-RpcNode2000 }, delay = 0 ms 
2026-04-13 15:57:15.860 DEBUG [nioEventLoopGroup-8-1] BaseClient [org.sunrise.game.core.client.BaseClientPulseHandler:27] - send ping, cur NodeId = { RpcNode2000-ConnectTo-RpcNode2 } 
2026-04-13 15:57:15.913 DEBUG [nioEventLoopGroup-3-4] BaseServer [org.sunrise.game.core.server.BaseServerPulseHandler:22] - recv ping, cur NodeId = { RpcNode2000 }, from NodeId = { RpcNode2-ConnectTo-RpcNode2000 }, delay = 0 ms 
2026-04-13 15:57:19.485 DEBUG [nioEventLoopGroup-5-1] BaseClient [org.sunrise.game.core.client.BaseClientPulseHandler:27] - send ping, cur NodeId = { RpcNode2000-ConnectTo-RpcNode100 } 
2026-04-13 15:57:19.485 DEBUG [nioEventLoopGroup-3-1] BaseServer [org.sunrise.game.core.server.BaseServerPulseHandler:22] - recv ping, cur NodeId = { RpcNode2000 }, from NodeId = { RpcNode100-ConnectTo-RpcNode2000 }, delay = 0 ms 
2026-04-13 15:57:21.514 DEBUG [nioEventLoopGroup-6-1] BaseClient [org.sunrise.game.core.client.BaseClientPulseHandler:27] - send ping, cur NodeId = { RpcNode2000-ConnectTo-RpcNode1000 } 
2026-04-13 15:57:21.570 DEBUG [nioEventLoopGroup-3-2] BaseServer [org.sunrise.game.core.server.BaseServerPulseHandler:22] - recv ping, cur NodeId = { RpcNode2000 }, from NodeId = { RpcNode1000-ConnectTo-RpcNode2000 }, delay = 0 ms 
2026-04-13 15:57:23.771 DEBUG [nioEventLoopGroup-7-1] BaseClient [org.sunrise.game.core.client.BaseClientPulseHandler:27] - send ping, cur NodeId = { RpcNode2000-ConnectTo-RpcNode3 } 
2026-04-13 15:57:23.835 DEBUG [nioEventLoopGroup-3-3] BaseServer [org.sunrise.game.core.server.BaseServerPulseHandler:22] - recv ping, cur NodeId = { RpcNode2000 }, from NodeId = { RpcNode3-ConnectTo-RpcNode2000 }, delay = 0 ms 
2026-04-13 15:57:25.860 DEBUG [nioEventLoopGroup-8-1] BaseClient [org.sunrise.game.core.client.BaseClientPulseHandler:27] - send ping, cur NodeId = { RpcNode2000-ConnectTo-RpcNode2 } 
2026-04-13 15:57:25.913 DEBUG [nioEventLoopGroup-3-4] BaseServer [org.sunrise.game.core.server.BaseServerPulseHandler:22] - recv ping, cur NodeId = { RpcNode2000 }, from NodeId = { RpcNode2-ConnectTo-RpcNode2000 }, delay = 0 ms 
2026-04-13 15:57:29.487 DEBUG [nioEventLoopGroup-5-1] BaseClient [org.sunrise.game.core.client.BaseClientPulseHandler:27] - send ping, cur NodeId = { RpcNode2000-ConnectTo-RpcNode100 } 
2026-04-13 15:57:29.487 DEBUG [nioEventLoopGroup-3-1] BaseServer [org.sunrise.game.core.server.BaseServerPulseHandler:22] - recv ping, cur NodeId = { RpcNode2000 }, from NodeId = { RpcNode100-ConnectTo-RpcNode2000 }, delay = 0 ms 
2026-04-13 15:57:31.515 DEBUG [nioEventLoopGroup-6-1] BaseClient [org.sunrise.game.core.client.BaseClientPulseHandler:27] - send ping, cur NodeId = { RpcNode2000-ConnectTo-RpcNode1000 } 
2026-04-13 15:57:31.570 DEBUG [nioEventLoopGroup-3-2] BaseServer [org.sunrise.game.core.server.BaseServerPulseHandler:22] - recv ping, cur NodeId = { RpcNode2000 }, from NodeId = { RpcNode1000-ConnectTo-RpcNode2000 }, delay = 0 ms 
2026-04-13 15:57:33.771 DEBUG [nioEventLoopGroup-7-1] BaseClient [org.sunrise.game.core.client.BaseClientPulseHandler:27] - send ping, cur NodeId = { RpcNode2000-ConnectTo-RpcNode3 } 
2026-04-13 15:57:33.835 DEBUG [nioEventLoopGroup-3-3] BaseServer [org.sunrise.game.core.server.BaseServerPulseHandler:22] - recv ping, cur NodeId = { RpcNode2000 }, from NodeId = { RpcNode3-ConnectTo-RpcNode2000 }, delay = 1 ms 
2026-04-13 15:57:35.860 DEBUG [nioEventLoopGroup-8-1] BaseClient [org.sunrise.game.core.client.BaseClientPulseHandler:27] - send ping, cur NodeId = { RpcNode2000-ConnectTo-RpcNode2 } 
2026-04-13 15:57:35.915 DEBUG [nioEventLoopGroup-3-4] BaseServer [org.sunrise.game.core.server.BaseServerPulseHandler:22] - recv ping, cur NodeId = { RpcNode2000 }, from NodeId = { RpcNode2-ConnectTo-RpcNode2000 }, delay = 0 ms 
2026-04-13 15:57:39.486 DEBUG [nioEventLoopGroup-5-1] BaseClient [org.sunrise.game.core.client.BaseClientPulseHandler:27] - send ping, cur NodeId = { RpcNode2000-ConnectTo-RpcNode100 } 
2026-04-13 15:57:39.487 DEBUG [nioEventLoopGroup-3-1] BaseServer [org.sunrise.game.core.server.BaseServerPulseHandler:22] - recv ping, cur NodeId = { RpcNode2000 }, from NodeId = { RpcNode100-ConnectTo-RpcNode2000 }, delay = 1 ms 
2026-04-13 15:57:41.515 DEBUG [nioEventLoopGroup-6-1] BaseClient [org.sunrise.game.core.client.BaseClientPulseHandler:27] - send ping, cur NodeId = { RpcNode2000-ConnectTo-RpcNode1000 } 
2026-04-13 15:57:41.571 DEBUG [nioEventLoopGroup-3-2] BaseServer [org.sunrise.game.core.server.BaseServerPulseHandler:22] - recv ping, cur NodeId = { RpcNode2000 }, from NodeId = { RpcNode1000-ConnectTo-RpcNode2000 }, delay = 0 ms 
2026-04-13 15:57:43.773 DEBUG [nioEventLoopGroup-7-1] BaseClient [org.sunrise.game.core.client.BaseClientPulseHandler:27] - send ping, cur NodeId = { RpcNode2000-ConnectTo-RpcNode3 } 
2026-04-13 15:57:43.836 DEBUG [nioEventLoopGroup-3-3] BaseServer [org.sunrise.game.core.server.BaseServerPulseHandler:22] - recv ping, cur NodeId = { RpcNode2000 }, from NodeId = { RpcNode3-ConnectTo-RpcNode2000 }, delay = 0 ms 
2026-04-13 15:57:45.861 DEBUG [nioEventLoopGroup-8-1] BaseClient [org.sunrise.game.core.client.BaseClientPulseHandler:27] - send ping, cur NodeId = { RpcNode2000-ConnectTo-RpcNode2 } 
2026-04-13 15:57:45.916 DEBUG [nioEventLoopGroup-3-4] BaseServer [org.sunrise.game.core.server.BaseServerPulseHandler:22] - recv ping, cur NodeId = { RpcNode2000 }, from NodeId = { RpcNode2-ConnectTo-RpcNode2000 }, delay = 0 ms 
2026-04-13 15:57:49.486 DEBUG [nioEventLoopGroup-5-1] BaseClient [org.sunrise.game.core.client.BaseClientPulseHandler:27] - send ping, cur NodeId = { RpcNode2000-ConnectTo-RpcNode100 } 
2026-04-13 15:57:49.486 DEBUG [nioEventLoopGroup-3-1] BaseServer [org.sunrise.game.core.server.BaseServerPulseHandler:22] - recv ping, cur NodeId = { RpcNode2000 }, from NodeId = { RpcNode100-ConnectTo-RpcNode2000 }, delay = 0 ms 
2026-04-13 15:57:51.515 DEBUG [nioEventLoopGroup-6-1] BaseClient [org.sunrise.game.core.client.BaseClientPulseHandler:27] - send ping, cur NodeId = { RpcNode2000-ConnectTo-RpcNode1000 } 
2026-04-13 15:57:51.573 DEBUG [nioEventLoopGroup-3-2] BaseServer [org.sunrise.game.core.server.BaseServerPulseHandler:22] - recv ping, cur NodeId = { RpcNode2000 }, from NodeId = { RpcNode1000-ConnectTo-RpcNode2000 }, delay = 0 ms 
2026-04-13 15:57:53.774 DEBUG [nioEventLoopGroup-7-1] BaseClient [org.sunrise.game.core.client.BaseClientPulseHandler:27] - send ping, cur NodeId = { RpcNode2000-ConnectTo-RpcNode3 } 
2026-04-13 15:57:53.836 DEBUG [nioEventLoopGroup-3-3] BaseServer [org.sunrise.game.core.server.BaseServerPulseHandler:22] - recv ping, cur NodeId = { RpcNode2000 }, from NodeId = { RpcNode3-ConnectTo-RpcNode2000 }, delay = 0 ms 
2026-04-13 15:57:55.861 DEBUG [nioEventLoopGroup-8-1] BaseClient [org.sunrise.game.core.client.BaseClientPulseHandler:27] - send ping, cur NodeId = { RpcNode2000-ConnectTo-RpcNode2 } 
2026-04-13 15:57:55.916 DEBUG [nioEventLoopGroup-3-4] BaseServer [org.sunrise.game.core.server.BaseServerPulseHandler:22] - recv ping, cur NodeId = { RpcNode2000 }, from NodeId = { RpcNode2-ConnectTo-RpcNode2000 }, delay = 0 ms 
2026-04-13 15:57:59.487 DEBUG [nioEventLoopGroup-5-1] BaseClient [org.sunrise.game.core.client.BaseClientPulseHandler:27] - send ping, cur NodeId = { RpcNode2000-ConnectTo-RpcNode100 } 
2026-04-13 15:57:59.487 DEBUG [nioEventLoopGroup-3-1] BaseServer [org.sunrise.game.core.server.BaseServerPulseHandler:22] - recv ping, cur NodeId = { RpcNode2000 }, from NodeId = { RpcNode100-ConnectTo-RpcNode2000 }, delay = 0 ms 
2026-04-13 15:58:01.516 DEBUG [nioEventLoopGroup-6-1] BaseClient [org.sunrise.game.core.client.BaseClientPulseHandler:27] - send ping, cur NodeId = { RpcNode2000-ConnectTo-RpcNode1000 } 
2026-04-13 15:58:01.573 DEBUG [nioEventLoopGroup-3-2] BaseServer [org.sunrise.game.core.server.BaseServerPulseHandler:22] - recv ping, cur NodeId = { RpcNode2000 }, from NodeId = { RpcNode1000-ConnectTo-RpcNode2000 }, delay = 0 ms 
2026-04-13 15:58:03.775 DEBUG [nioEventLoopGroup-7-1] BaseClient [org.sunrise.game.core.client.BaseClientPulseHandler:27] - send ping, cur NodeId = { RpcNode2000-ConnectTo-RpcNode3 } 
2026-04-13 15:58:03.836 DEBUG [nioEventLoopGroup-3-3] BaseServer [org.sunrise.game.core.server.BaseServerPulseHandler:22] - recv ping, cur NodeId = { RpcNode2000 }, from NodeId = { RpcNode3-ConnectTo-RpcNode2000 }, delay = 0 ms 
2026-04-13 15:58:05.861 DEBUG [nioEventLoopGroup-8-1] BaseClient [org.sunrise.game.core.client.BaseClientPulseHandler:27] - send ping, cur NodeId = { RpcNode2000-ConnectTo-RpcNode2 } 
2026-04-13 15:58:05.916 DEBUG [nioEventLoopGroup-3-4] BaseServer [org.sunrise.game.core.server.BaseServerPulseHandler:22] - recv ping, cur NodeId = { RpcNode2000 }, from NodeId = { RpcNode2-ConnectTo-RpcNode2000 }, delay = 0 ms 
2026-04-13 15:58:09.086 INFO  [CheckMemory] ServerStartUp [org.sunrise.game.utils.Utils:125] - Memory : {  total memory: 256 MB, free memory: 219 MB, used memory: 36 MB } 
2026-04-13 15:58:09.489 DEBUG [nioEventLoopGroup-5-1] BaseClient [org.sunrise.game.core.client.BaseClientPulseHandler:27] - send ping, cur NodeId = { RpcNode2000-ConnectTo-RpcNode100 } 
2026-04-13 15:58:09.489 DEBUG [nioEventLoopGroup-3-1] BaseServer [org.sunrise.game.core.server.BaseServerPulseHandler:22] - recv ping, cur NodeId = { RpcNode2000 }, from NodeId = { RpcNode100-ConnectTo-RpcNode2000 }, delay = 0 ms 
2026-04-13 15:58:11.516 DEBUG [nioEventLoopGroup-6-1] BaseClient [org.sunrise.game.core.client.BaseClientPulseHandler:27] - send ping, cur NodeId = { RpcNode2000-ConnectTo-RpcNode1000 } 
2026-04-13 15:58:11.574 DEBUG [nioEventLoopGroup-3-2] BaseServer [org.sunrise.game.core.server.BaseServerPulseHandler:22] - recv ping, cur NodeId = { RpcNode2000 }, from NodeId = { RpcNode1000-ConnectTo-RpcNode2000 }, delay = 1 ms 
2026-04-13 15:58:13.776 DEBUG [nioEventLoopGroup-7-1] BaseClient [org.sunrise.game.core.client.BaseClientPulseHandler:27] - send ping, cur NodeId = { RpcNode2000-ConnectTo-RpcNode3 } 
2026-04-13 15:58:13.837 DEBUG [nioEventLoopGroup-3-3] BaseServer [org.sunrise.game.core.server.BaseServerPulseHandler:22] - recv ping, cur NodeId = { RpcNode2000 }, from NodeId = { RpcNode3-ConnectTo-RpcNode2000 }, delay = 0 ms 
2026-04-13 15:58:15.862 DEBUG [nioEventLoopGroup-8-1] BaseClient [org.sunrise.game.core.client.BaseClientPulseHandler:27] - send ping, cur NodeId = { RpcNode2000-ConnectTo-RpcNode2 } 
2026-04-13 15:58:15.916 DEBUG [nioEventLoopGroup-3-4] BaseServer [org.sunrise.game.core.server.BaseServerPulseHandler:22] - recv ping, cur NodeId = { RpcNode2000 }, from NodeId = { RpcNode2-ConnectTo-RpcNode2000 }, delay = 0 ms 
2026-04-13 15:58:19.488 DEBUG [nioEventLoopGroup-5-1] BaseClient [org.sunrise.game.core.client.BaseClientPulseHandler:27] - send ping, cur NodeId = { RpcNode2000-ConnectTo-RpcNode100 } 
2026-04-13 15:58:19.489 DEBUG [nioEventLoopGroup-3-1] BaseServer [org.sunrise.game.core.server.BaseServerPulseHandler:22] - recv ping, cur NodeId = { RpcNode2000 }, from NodeId = { RpcNode100-ConnectTo-RpcNode2000 }, delay = 1 ms 
2026-04-13 15:58:21.517 DEBUG [nioEventLoopGroup-6-1] BaseClient [org.sunrise.game.core.client.BaseClientPulseHandler:27] - send ping, cur NodeId = { RpcNode2000-ConnectTo-RpcNode1000 } 
2026-04-13 15:58:21.573 DEBUG [nioEventLoopGroup-3-2] BaseServer [org.sunrise.game.core.server.BaseServerPulseHandler:22] - recv ping, cur NodeId = { RpcNode2000 }, from NodeId = { RpcNode1000-ConnectTo-RpcNode2000 }, delay = 0 ms 
2026-04-13 15:58:23.776 DEBUG [nioEventLoopGroup-7-1] BaseClient [org.sunrise.game.core.client.BaseClientPulseHandler:27] - send ping, cur NodeId = { RpcNode2000-ConnectTo-RpcNode3 } 
2026-04-13 15:58:23.837 DEBUG [nioEventLoopGroup-3-3] BaseServer [org.sunrise.game.core.server.BaseServerPulseHandler:22] - recv ping, cur NodeId = { RpcNode2000 }, from NodeId = { RpcNode3-ConnectTo-RpcNode2000 }, delay = 1 ms 
2026-04-13 15:58:25.862 DEBUG [nioEventLoopGroup-8-1] BaseClient [org.sunrise.game.core.client.BaseClientPulseHandler:27] - send ping, cur NodeId = { RpcNode2000-ConnectTo-RpcNode2 } 
2026-04-13 15:58:25.917 DEBUG [nioEventLoopGroup-3-4] BaseServer [org.sunrise.game.core.server.BaseServerPulseHandler:22] - recv ping, cur NodeId = { RpcNode2000 }, from NodeId = { RpcNode2-ConnectTo-RpcNode2000 }, delay = 0 ms 
2026-04-13 15:58:29.489 DEBUG [nioEventLoopGroup-5-1] BaseClient [org.sunrise.game.core.client.BaseClientPulseHandler:27] - send ping, cur NodeId = { RpcNode2000-ConnectTo-RpcNode100 } 
2026-04-13 15:58:29.489 DEBUG [nioEventLoopGroup-3-1] BaseServer [org.sunrise.game.core.server.BaseServerPulseHandler:22] - recv ping, cur NodeId = { RpcNode2000 }, from NodeId = { RpcNode100-ConnectTo-RpcNode2000 }, delay = 0 ms 
2026-04-13 15:58:31.517 DEBUG [nioEventLoopGroup-6-1] BaseClient [org.sunrise.game.core.client.BaseClientPulseHandler:27] - send ping, cur NodeId = { RpcNode2000-ConnectTo-RpcNode1000 } 
2026-04-13 15:58:31.574 DEBUG [nioEventLoopGroup-3-2] BaseServer [org.sunrise.game.core.server.BaseServerPulseHandler:22] - recv ping, cur NodeId = { RpcNode2000 }, from NodeId = { RpcNode1000-ConnectTo-RpcNode2000 }, delay = 0 ms 
2026-04-13 15:58:33.776 DEBUG [nioEventLoopGroup-7-1] BaseClient [org.sunrise.game.core.client.BaseClientPulseHandler:27] - send ping, cur NodeId = { RpcNode2000-ConnectTo-RpcNode3 } 
2026-04-13 15:58:33.837 DEBUG [nioEventLoopGroup-3-3] BaseServer [org.sunrise.game.core.server.BaseServerPulseHandler:22] - recv ping, cur NodeId = { RpcNode2000 }, from NodeId = { RpcNode3-ConnectTo-RpcNode2000 }, delay = 0 ms 
2026-04-13 15:58:35.862 DEBUG [nioEventLoopGroup-8-1] BaseClient [org.sunrise.game.core.client.BaseClientPulseHandler:27] - send ping, cur NodeId = { RpcNode2000-ConnectTo-RpcNode2 } 
2026-04-13 15:58:35.917 DEBUG [nioEventLoopGroup-3-4] BaseServer [org.sunrise.game.core.server.BaseServerPulseHandler:22] - recv ping, cur NodeId = { RpcNode2000 }, from NodeId = { RpcNode2-ConnectTo-RpcNode2000 }, delay = 0 ms 
2026-04-13 15:58:39.489 DEBUG [nioEventLoopGroup-5-1] BaseClient [org.sunrise.game.core.client.BaseClientPulseHandler:27] - send ping, cur NodeId = { RpcNode2000-ConnectTo-RpcNode100 } 
2026-04-13 15:58:39.489 DEBUG [nioEventLoopGroup-3-1] BaseServer [org.sunrise.game.core.server.BaseServerPulseHandler:22] - recv ping, cur NodeId = { RpcNode2000 }, from NodeId = { RpcNode100-ConnectTo-RpcNode2000 }, delay = 0 ms 
2026-04-13 15:58:41.518 DEBUG [nioEventLoopGroup-6-1] BaseClient [org.sunrise.game.core.client.BaseClientPulseHandler:27] - send ping, cur NodeId = { RpcNode2000-ConnectTo-RpcNode1000 } 
2026-04-13 15:58:41.574 DEBUG [nioEventLoopGroup-3-2] BaseServer [org.sunrise.game.core.server.BaseServerPulseHandler:22] - recv ping, cur NodeId = { RpcNode2000 }, from NodeId = { RpcNode1000-ConnectTo-RpcNode2000 }, delay = 1 ms 
2026-04-13 15:58:43.776 DEBUG [nioEventLoopGroup-7-1] BaseClient [org.sunrise.game.core.client.BaseClientPulseHandler:27] - send ping, cur NodeId = { RpcNode2000-ConnectTo-RpcNode3 } 
2026-04-13 15:58:43.837 DEBUG [nioEventLoopGroup-3-3] BaseServer [org.sunrise.game.core.server.BaseServerPulseHandler:22] - recv ping, cur NodeId = { RpcNode2000 }, from NodeId = { RpcNode3-ConnectTo-RpcNode2000 }, delay = 0 ms 
2026-04-13 15:58:45.862 DEBUG [nioEventLoopGroup-8-1] BaseClient [org.sunrise.game.core.client.BaseClientPulseHandler:27] - send ping, cur NodeId = { RpcNode2000-ConnectTo-RpcNode2 } 
2026-04-13 15:58:45.917 DEBUG [nioEventLoopGroup-3-4] BaseServer [org.sunrise.game.core.server.BaseServerPulseHandler:22] - recv ping, cur NodeId = { RpcNode2000 }, from NodeId = { RpcNode2-ConnectTo-RpcNode2000 }, delay = 0 ms 
2026-04-13 15:58:49.489 DEBUG [nioEventLoopGroup-5-1] BaseClient [org.sunrise.game.core.client.BaseClientPulseHandler:27] - send ping, cur NodeId = { RpcNode2000-ConnectTo-RpcNode100 } 
2026-04-13 15:58:49.489 DEBUG [nioEventLoopGroup-3-1] BaseServer [org.sunrise.game.core.server.BaseServerPulseHandler:22] - recv ping, cur NodeId = { RpcNode2000 }, from NodeId = { RpcNode100-ConnectTo-RpcNode2000 }, delay = 0 ms 
2026-04-13 15:58:51.519 DEBUG [nioEventLoopGroup-6-1] BaseClient [org.sunrise.game.core.client.BaseClientPulseHandler:27] - send ping, cur NodeId = { RpcNode2000-ConnectTo-RpcNode1000 } 
2026-04-13 15:58:51.574 DEBUG [nioEventLoopGroup-3-2] BaseServer [org.sunrise.game.core.server.BaseServerPulseHandler:22] - recv ping, cur NodeId = { RpcNode2000 }, from NodeId = { RpcNode1000-ConnectTo-RpcNode2000 }, delay = 0 ms 
2026-04-13 15:58:53.776 DEBUG [nioEventLoopGroup-7-1] BaseClient [org.sunrise.game.core.client.BaseClientPulseHandler:27] - send ping, cur NodeId = { RpcNode2000-ConnectTo-RpcNode3 } 
2026-04-13 15:58:53.838 DEBUG [nioEventLoopGroup-3-3] BaseServer [org.sunrise.game.core.server.BaseServerPulseHandler:22] - recv ping, cur NodeId = { RpcNode2000 }, from NodeId = { RpcNode3-ConnectTo-RpcNode2000 }, delay = 0 ms 
2026-04-13 15:58:55.862 DEBUG [nioEventLoopGroup-8-1] BaseClient [org.sunrise.game.core.client.BaseClientPulseHandler:27] - send ping, cur NodeId = { RpcNode2000-ConnectTo-RpcNode2 } 
2026-04-13 15:58:55.918 DEBUG [nioEventLoopGroup-3-4] BaseServer [org.sunrise.game.core.server.BaseServerPulseHandler:22] - recv ping, cur NodeId = { RpcNode2000 }, from NodeId = { RpcNode2-ConnectTo-RpcNode2000 }, delay = 0 ms 
2026-04-13 15:58:59.490 DEBUG [nioEventLoopGroup-5-1] BaseClient [org.sunrise.game.core.client.BaseClientPulseHandler:27] - send ping, cur NodeId = { RpcNode2000-ConnectTo-RpcNode100 } 
2026-04-13 15:58:59.490 DEBUG [nioEventLoopGroup-3-1] BaseServer [org.sunrise.game.core.server.BaseServerPulseHandler:22] - recv ping, cur NodeId = { RpcNode2000 }, from NodeId = { RpcNode100-ConnectTo-RpcNode2000 }, delay = 0 ms 
2026-04-13 15:59:01.520 DEBUG [nioEventLoopGroup-6-1] BaseClient [org.sunrise.game.core.client.BaseClientPulseHandler:27] - send ping, cur NodeId = { RpcNode2000-ConnectTo-RpcNode1000 } 
2026-04-13 15:59:01.574 DEBUG [nioEventLoopGroup-3-2] BaseServer [org.sunrise.game.core.server.BaseServerPulseHandler:22] - recv ping, cur NodeId = { RpcNode2000 }, from NodeId = { RpcNode1000-ConnectTo-RpcNode2000 }, delay = 0 ms 
2026-04-13 15:59:03.776 DEBUG [nioEventLoopGroup-7-1] BaseClient [org.sunrise.game.core.client.BaseClientPulseHandler:27] - send ping, cur NodeId = { RpcNode2000-ConnectTo-RpcNode3 } 
2026-04-13 15:59:03.837 DEBUG [nioEventLoopGroup-3-3] BaseServer [org.sunrise.game.core.server.BaseServerPulseHandler:22] - recv ping, cur NodeId = { RpcNode2000 }, from NodeId = { RpcNode3-ConnectTo-RpcNode2000 }, delay = 0 ms 
2026-04-13 15:59:05.863 DEBUG [nioEventLoopGroup-8-1] BaseClient [org.sunrise.game.core.client.BaseClientPulseHandler:27] - send ping, cur NodeId = { RpcNode2000-ConnectTo-RpcNode2 } 
2026-04-13 15:59:05.918 DEBUG [nioEventLoopGroup-3-4] BaseServer [org.sunrise.game.core.server.BaseServerPulseHandler:22] - recv ping, cur NodeId = { RpcNode2000 }, from NodeId = { RpcNode2-ConnectTo-RpcNode2000 }, delay = 0 ms 
2026-04-13 15:59:09.089 INFO  [CheckMemory] ServerStartUp [org.sunrise.game.utils.Utils:125] - Memory : {  total memory: 256 MB, free memory: 218 MB, used memory: 37 MB } 
2026-04-13 15:59:09.491 DEBUG [nioEventLoopGroup-5-1] BaseClient [org.sunrise.game.core.client.BaseClientPulseHandler:27] - send ping, cur NodeId = { RpcNode2000-ConnectTo-RpcNode100 } 
2026-04-13 15:59:09.491 DEBUG [nioEventLoopGroup-3-1] BaseServer [org.sunrise.game.core.server.BaseServerPulseHandler:22] - recv ping, cur NodeId = { RpcNode2000 }, from NodeId = { RpcNode100-ConnectTo-RpcNode2000 }, delay = 0 ms 
2026-04-13 15:59:11.521 DEBUG [nioEventLoopGroup-6-1] BaseClient [org.sunrise.game.core.client.BaseClientPulseHandler:27] - send ping, cur NodeId = { RpcNode2000-ConnectTo-RpcNode1000 } 
2026-04-13 15:59:11.575 DEBUG [nioEventLoopGroup-3-2] BaseServer [org.sunrise.game.core.server.BaseServerPulseHandler:22] - recv ping, cur NodeId = { RpcNode2000 }, from NodeId = { RpcNode1000-ConnectTo-RpcNode2000 }, delay = 0 ms 
2026-04-13 15:59:13.777 DEBUG [nioEventLoopGroup-7-1] BaseClient [org.sunrise.game.core.client.BaseClientPulseHandler:27] - send ping, cur NodeId = { RpcNode2000-ConnectTo-RpcNode3 } 
2026-04-13 15:59:13.838 DEBUG [nioEventLoopGroup-3-3] BaseServer [org.sunrise.game.core.server.BaseServerPulseHandler:22] - recv ping, cur NodeId = { RpcNode2000 }, from NodeId = { RpcNode3-ConnectTo-RpcNode2000 }, delay = 0 ms 
2026-04-13 15:59:15.864 DEBUG [nioEventLoopGroup-8-1] BaseClient [org.sunrise.game.core.client.BaseClientPulseHandler:27] - send ping, cur NodeId = { RpcNode2000-ConnectTo-RpcNode2 } 
2026-04-13 15:59:15.919 DEBUG [nioEventLoopGroup-3-4] BaseServer [org.sunrise.game.core.server.BaseServerPulseHandler:22] - recv ping, cur NodeId = { RpcNode2000 }, from NodeId = { RpcNode2-ConnectTo-RpcNode2000 }, delay = 0 ms 
2026-04-13 15:59:19.491 DEBUG [nioEventLoopGroup-5-1] BaseClient [org.sunrise.game.core.client.BaseClientPulseHandler:27] - send ping, cur NodeId = { RpcNode2000-ConnectTo-RpcNode100 } 
2026-04-13 15:59:19.492 DEBUG [nioEventLoopGroup-3-1] BaseServer [org.sunrise.game.core.server.BaseServerPulseHandler:22] - recv ping, cur NodeId = { RpcNode2000 }, from NodeId = { RpcNode100-ConnectTo-RpcNode2000 }, delay = 1 ms 
2026-04-13 15:59:21.521 DEBUG [nioEventLoopGroup-6-1] BaseClient [org.sunrise.game.core.client.BaseClientPulseHandler:27] - send ping, cur NodeId = { RpcNode2000-ConnectTo-RpcNode1000 } 
2026-04-13 15:59:21.575 DEBUG [nioEventLoopGroup-3-2] BaseServer [org.sunrise.game.core.server.BaseServerPulseHandler:22] - recv ping, cur NodeId = { RpcNode2000 }, from NodeId = { RpcNode1000-ConnectTo-RpcNode2000 }, delay = 0 ms 
2026-04-13 15:59:23.777 DEBUG [nioEventLoopGroup-7-1] BaseClient [org.sunrise.game.core.client.BaseClientPulseHandler:27] - send ping, cur NodeId = { RpcNode2000-ConnectTo-RpcNode3 } 
2026-04-13 15:59:23.838 DEBUG [nioEventLoopGroup-3-3] BaseServer [org.sunrise.game.core.server.BaseServerPulseHandler:22] - recv ping, cur NodeId = { RpcNode2000 }, from NodeId = { RpcNode3-ConnectTo-RpcNode2000 }, delay = 0 ms 
2026-04-13 15:59:25.864 DEBUG [nioEventLoopGroup-8-1] BaseClient [org.sunrise.game.core.client.BaseClientPulseHandler:27] - send ping, cur NodeId = { RpcNode2000-ConnectTo-RpcNode2 } 
2026-04-13 15:59:25.920 DEBUG [nioEventLoopGroup-3-4] BaseServer [org.sunrise.game.core.server.BaseServerPulseHandler:22] - recv ping, cur NodeId = { RpcNode2000 }, from NodeId = { RpcNode2-ConnectTo-RpcNode2000 }, delay = 0 ms 
2026-04-13 15:59:29.491 DEBUG [nioEventLoopGroup-5-1] BaseClient [org.sunrise.game.core.client.BaseClientPulseHandler:27] - send ping, cur NodeId = { RpcNode2000-ConnectTo-RpcNode100 } 
2026-04-13 15:59:29.491 DEBUG [nioEventLoopGroup-3-1] BaseServer [org.sunrise.game.core.server.BaseServerPulseHandler:22] - recv ping, cur NodeId = { RpcNode2000 }, from NodeId = { RpcNode100-ConnectTo-RpcNode2000 }, delay = 0 ms 
2026-04-13 15:59:31.523 DEBUG [nioEventLoopGroup-6-1] BaseClient [org.sunrise.game.core.client.BaseClientPulseHandler:27] - send ping, cur NodeId = { RpcNode2000-ConnectTo-RpcNode1000 } 
2026-04-13 15:59:31.576 DEBUG [nioEventLoopGroup-3-2] BaseServer [org.sunrise.game.core.server.BaseServerPulseHandler:22] - recv ping, cur NodeId = { RpcNode2000 }, from NodeId = { RpcNode1000-ConnectTo-RpcNode2000 }, delay = 0 ms 
2026-04-13 15:59:33.778 DEBUG [nioEventLoopGroup-7-1] BaseClient [org.sunrise.game.core.client.BaseClientPulseHandler:27] - send ping, cur NodeId = { RpcNode2000-ConnectTo-RpcNode3 } 
2026-04-13 15:59:33.839 DEBUG [nioEventLoopGroup-3-3] BaseServer [org.sunrise.game.core.server.BaseServerPulseHandler:22] - recv ping, cur NodeId = { RpcNode2000 }, from NodeId = { RpcNode3-ConnectTo-RpcNode2000 }, delay = 0 ms 
2026-04-13 15:59:35.865 DEBUG [nioEventLoopGroup-8-1] BaseClient [org.sunrise.game.core.client.BaseClientPulseHandler:27] - send ping, cur NodeId = { RpcNode2000-ConnectTo-RpcNode2 } 
2026-04-13 15:59:35.921 DEBUG [nioEventLoopGroup-3-4] BaseServer [org.sunrise.game.core.server.BaseServerPulseHandler:22] - recv ping, cur NodeId = { RpcNode2000 }, from NodeId = { RpcNode2-ConnectTo-RpcNode2000 }, delay = 0 ms 
2026-04-13 15:59:39.493 DEBUG [nioEventLoopGroup-5-1] BaseClient [org.sunrise.game.core.client.BaseClientPulseHandler:27] - send ping, cur NodeId = { RpcNode2000-ConnectTo-RpcNode100 } 
2026-04-13 15:59:39.493 DEBUG [nioEventLoopGroup-3-1] BaseServer [org.sunrise.game.core.server.BaseServerPulseHandler:22] - recv ping, cur NodeId = { RpcNode2000 }, from NodeId = { RpcNode100-ConnectTo-RpcNode2000 }, delay = 0 ms 
2026-04-13 15:59:41.528 DEBUG [nioEventLoopGroup-6-1] BaseClient [org.sunrise.game.core.client.BaseClientPulseHandler:27] - send ping, cur NodeId = { RpcNode2000-ConnectTo-RpcNode1000 } 
2026-04-13 15:59:41.577 DEBUG [nioEventLoopGroup-3-2] BaseServer [org.sunrise.game.core.server.BaseServerPulseHandler:22] - recv ping, cur NodeId = { RpcNode2000 }, from NodeId = { RpcNode1000-ConnectTo-RpcNode2000 }, delay = 0 ms 
2026-04-13 15:59:43.779 DEBUG [nioEventLoopGroup-7-1] BaseClient [org.sunrise.game.core.client.BaseClientPulseHandler:27] - send ping, cur NodeId = { RpcNode2000-ConnectTo-RpcNode3 } 
2026-04-13 15:59:43.840 DEBUG [nioEventLoopGroup-3-3] BaseServer [org.sunrise.game.core.server.BaseServerPulseHandler:22] - recv ping, cur NodeId = { RpcNode2000 }, from NodeId = { RpcNode3-ConnectTo-RpcNode2000 }, delay = 0 ms 
2026-04-13 15:59:45.865 DEBUG [nioEventLoopGroup-8-1] BaseClient [org.sunrise.game.core.client.BaseClientPulseHandler:27] - send ping, cur NodeId = { RpcNode2000-ConnectTo-RpcNode2 } 
2026-04-13 15:59:45.922 DEBUG [nioEventLoopGroup-3-4] BaseServer [org.sunrise.game.core.server.BaseServerPulseHandler:22] - recv ping, cur NodeId = { RpcNode2000 }, from NodeId = { RpcNode2-ConnectTo-RpcNode2000 }, delay = 0 ms 
2026-04-13 15:59:49.494 DEBUG [nioEventLoopGroup-5-1] BaseClient [org.sunrise.game.core.client.BaseClientPulseHandler:27] - send ping, cur NodeId = { RpcNode2000-ConnectTo-RpcNode100 } 
2026-04-13 15:59:49.494 DEBUG [nioEventLoopGroup-3-1] BaseServer [org.sunrise.game.core.server.BaseServerPulseHandler:22] - recv ping, cur NodeId = { RpcNode2000 }, from NodeId = { RpcNode100-ConnectTo-RpcNode2000 }, delay = 0 ms 
2026-04-13 15:59:51.528 DEBUG [nioEventLoopGroup-6-1] BaseClient [org.sunrise.game.core.client.BaseClientPulseHandler:27] - send ping, cur NodeId = { RpcNode2000-ConnectTo-RpcNode1000 } 
2026-04-13 15:59:51.577 DEBUG [nioEventLoopGroup-3-2] BaseServer [org.sunrise.game.core.server.BaseServerPulseHandler:22] - recv ping, cur NodeId = { RpcNode2000 }, from NodeId = { RpcNode1000-ConnectTo-RpcNode2000 }, delay = 0 ms 
2026-04-13 15:59:53.779 DEBUG [nioEventLoopGroup-7-1] BaseClient [org.sunrise.game.core.client.BaseClientPulseHandler:27] - send ping, cur NodeId = { RpcNode2000-ConnectTo-RpcNode3 } 
2026-04-13 15:59:53.840 DEBUG [nioEventLoopGroup-3-3] BaseServer [org.sunrise.game.core.server.BaseServerPulseHandler:22] - recv ping, cur NodeId = { RpcNode2000 }, from NodeId = { RpcNode3-ConnectTo-RpcNode2000 }, delay = 0 ms 
2026-04-13 15:59:55.865 DEBUG [nioEventLoopGroup-8-1] BaseClient [org.sunrise.game.core.client.BaseClientPulseHandler:27] - send ping, cur NodeId = { RpcNode2000-ConnectTo-RpcNode2 } 
2026-04-13 15:59:55.922 DEBUG [nioEventLoopGroup-3-4] BaseServer [org.sunrise.game.core.server.BaseServerPulseHandler:22] - recv ping, cur NodeId = { RpcNode2000 }, from NodeId = { RpcNode2-ConnectTo-RpcNode2000 }, delay = 0 ms 
2026-04-13 15:59:59.494 DEBUG [nioEventLoopGroup-5-1] BaseClient [org.sunrise.game.core.client.BaseClientPulseHandler:27] - send ping, cur NodeId = { RpcNode2000-ConnectTo-RpcNode100 } 
2026-04-13 15:59:59.495 DEBUG [nioEventLoopGroup-3-1] BaseServer [org.sunrise.game.core.server.BaseServerPulseHandler:22] - recv ping, cur NodeId = { RpcNode2000 }, from NodeId = { RpcNode100-ConnectTo-RpcNode2000 }, delay = 1 ms 
2026-04-13 16:00:01.528 DEBUG [nioEventLoopGroup-6-1] BaseClient [org.sunrise.game.core.client.BaseClientPulseHandler:27] - send ping, cur NodeId = { RpcNode2000-ConnectTo-RpcNode1000 } 
2026-04-13 16:00:01.577 DEBUG [nioEventLoopGroup-3-2] BaseServer [org.sunrise.game.core.server.BaseServerPulseHandler:22] - recv ping, cur NodeId = { RpcNode2000 }, from NodeId = { RpcNode1000-ConnectTo-RpcNode2000 }, delay = 0 ms 
2026-04-13 16:00:03.779 DEBUG [nioEventLoopGroup-7-1] BaseClient [org.sunrise.game.core.client.BaseClientPulseHandler:27] - send ping, cur NodeId = { RpcNode2000-ConnectTo-RpcNode3 } 
2026-04-13 16:00:03.841 DEBUG [nioEventLoopGroup-3-3] BaseServer [org.sunrise.game.core.server.BaseServerPulseHandler:22] - recv ping, cur NodeId = { RpcNode2000 }, from NodeId = { RpcNode3-ConnectTo-RpcNode2000 }, delay = 0 ms 
2026-04-13 16:00:05.866 DEBUG [nioEventLoopGroup-8-1] BaseClient [org.sunrise.game.core.client.BaseClientPulseHandler:27] - send ping, cur NodeId = { RpcNode2000-ConnectTo-RpcNode2 } 
2026-04-13 16:00:05.923 DEBUG [nioEventLoopGroup-3-4] BaseServer [org.sunrise.game.core.server.BaseServerPulseHandler:22] - recv ping, cur NodeId = { RpcNode2000 }, from NodeId = { RpcNode2-ConnectTo-RpcNode2000 }, delay = 0 ms 
2026-04-13 16:00:09.089 INFO  [CheckMemory] ServerStartUp [org.sunrise.game.utils.Utils:125] - Memory : {  total memory: 256 MB, free memory: 218 MB, used memory: 37 MB } 
2026-04-13 16:00:09.494 DEBUG [nioEventLoopGroup-5-1] BaseClient [org.sunrise.game.core.client.BaseClientPulseHandler:27] - send ping, cur NodeId = { RpcNode2000-ConnectTo-RpcNode100 } 
2026-04-13 16:00:09.494 DEBUG [nioEventLoopGroup-3-1] BaseServer [org.sunrise.game.core.server.BaseServerPulseHandler:22] - recv ping, cur NodeId = { RpcNode2000 }, from NodeId = { RpcNode100-ConnectTo-RpcNode2000 }, delay = 0 ms 
2026-04-13 16:00:11.529 DEBUG [nioEventLoopGroup-6-1] BaseClient [org.sunrise.game.core.client.BaseClientPulseHandler:27] - send ping, cur NodeId = { RpcNode2000-ConnectTo-RpcNode1000 } 
2026-04-13 16:00:11.577 DEBUG [nioEventLoopGroup-3-2] BaseServer [org.sunrise.game.core.server.BaseServerPulseHandler:22] - recv ping, cur NodeId = { RpcNode2000 }, from NodeId = { RpcNode1000-ConnectTo-RpcNode2000 }, delay = 0 ms 
2026-04-13 16:00:13.780 DEBUG [nioEventLoopGroup-7-1] BaseClient [org.sunrise.game.core.client.BaseClientPulseHandler:27] - send ping, cur NodeId = { RpcNode2000-ConnectTo-RpcNode3 } 
2026-04-13 16:00:13.842 DEBUG [nioEventLoopGroup-3-3] BaseServer [org.sunrise.game.core.server.BaseServerPulseHandler:22] - recv ping, cur NodeId = { RpcNode2000 }, from NodeId = { RpcNode3-ConnectTo-RpcNode2000 }, delay = 0 ms 
2026-04-13 16:00:15.867 DEBUG [nioEventLoopGroup-8-1] BaseClient [org.sunrise.game.core.client.BaseClientPulseHandler:27] - send ping, cur NodeId = { RpcNode2000-ConnectTo-RpcNode2 } 
2026-04-13 16:00:15.924 DEBUG [nioEventLoopGroup-3-4] BaseServer [org.sunrise.game.core.server.BaseServerPulseHandler:22] - recv ping, cur NodeId = { RpcNode2000 }, from NodeId = { RpcNode2-ConnectTo-RpcNode2000 }, delay = 0 ms 
2026-04-13 16:00:19.494 DEBUG [nioEventLoopGroup-3-1] BaseServer [org.sunrise.game.core.server.BaseServerPulseHandler:22] - recv ping, cur NodeId = { RpcNode2000 }, from NodeId = { RpcNode100-ConnectTo-RpcNode2000 }, delay = 0 ms 
2026-04-13 16:00:19.494 DEBUG [nioEventLoopGroup-5-1] BaseClient [org.sunrise.game.core.client.BaseClientPulseHandler:27] - send ping, cur NodeId = { RpcNode2000-ConnectTo-RpcNode100 } 
2026-04-13 16:00:21.529 DEBUG [nioEventLoopGroup-6-1] BaseClient [org.sunrise.game.core.client.BaseClientPulseHandler:27] - send ping, cur NodeId = { RpcNode2000-ConnectTo-RpcNode1000 } 
2026-04-13 16:00:21.578 DEBUG [nioEventLoopGroup-3-2] BaseServer [org.sunrise.game.core.server.BaseServerPulseHandler:22] - recv ping, cur NodeId = { RpcNode2000 }, from NodeId = { RpcNode1000-ConnectTo-RpcNode2000 }, delay = 0 ms 
2026-04-13 16:00:23.781 DEBUG [nioEventLoopGroup-7-1] BaseClient [org.sunrise.game.core.client.BaseClientPulseHandler:27] - send ping, cur NodeId = { RpcNode2000-ConnectTo-RpcNode3 } 
2026-04-13 16:00:23.842 DEBUG [nioEventLoopGroup-3-3] BaseServer [org.sunrise.game.core.server.BaseServerPulseHandler:22] - recv ping, cur NodeId = { RpcNode2000 }, from NodeId = { RpcNode3-ConnectTo-RpcNode2000 }, delay = 0 ms 
2026-04-13 16:00:25.868 DEBUG [nioEventLoopGroup-8-1] BaseClient [org.sunrise.game.core.client.BaseClientPulseHandler:27] - send ping, cur NodeId = { RpcNode2000-ConnectTo-RpcNode2 } 
2026-04-13 16:00:25.924 DEBUG [nioEventLoopGroup-3-4] BaseServer [org.sunrise.game.core.server.BaseServerPulseHandler:22] - recv ping, cur NodeId = { RpcNode2000 }, from NodeId = { RpcNode2-ConnectTo-RpcNode2000 }, delay = 0 ms 
2026-04-13 16:00:29.495 DEBUG [nioEventLoopGroup-5-1] BaseClient [org.sunrise.game.core.client.BaseClientPulseHandler:27] - send ping, cur NodeId = { RpcNode2000-ConnectTo-RpcNode100 } 
2026-04-13 16:00:29.495 DEBUG [nioEventLoopGroup-3-1] BaseServer [org.sunrise.game.core.server.BaseServerPulseHandler:22] - recv ping, cur NodeId = { RpcNode2000 }, from NodeId = { RpcNode100-ConnectTo-RpcNode2000 }, delay = 0 ms 
2026-04-13 16:00:31.530 DEBUG [nioEventLoopGroup-6-1] BaseClient [org.sunrise.game.core.client.BaseClientPulseHandler:27] - send ping, cur NodeId = { RpcNode2000-ConnectTo-RpcNode1000 } 
2026-04-13 16:00:31.577 DEBUG [nioEventLoopGroup-3-2] BaseServer [org.sunrise.game.core.server.BaseServerPulseHandler:22] - recv ping, cur NodeId = { RpcNode2000 }, from NodeId = { RpcNode1000-ConnectTo-RpcNode2000 }, delay = 0 ms 
2026-04-13 16:00:33.781 DEBUG [nioEventLoopGroup-7-1] BaseClient [org.sunrise.game.core.client.BaseClientPulseHandler:27] - send ping, cur NodeId = { RpcNode2000-ConnectTo-RpcNode3 } 
2026-04-13 16:00:33.842 DEBUG [nioEventLoopGroup-3-3] BaseServer [org.sunrise.game.core.server.BaseServerPulseHandler:22] - recv ping, cur NodeId = { RpcNode2000 }, from NodeId = { RpcNode3-ConnectTo-RpcNode2000 }, delay = 0 ms 
2026-04-13 16:00:35.869 DEBUG [nioEventLoopGroup-8-1] BaseClient [org.sunrise.game.core.client.BaseClientPulseHandler:27] - send ping, cur NodeId = { RpcNode2000-ConnectTo-RpcNode2 } 
2026-04-13 16:00:35.925 DEBUG [nioEventLoopGroup-3-4] BaseServer [org.sunrise.game.core.server.BaseServerPulseHandler:22] - recv ping, cur NodeId = { RpcNode2000 }, from NodeId = { RpcNode2-ConnectTo-RpcNode2000 }, delay = 0 ms 
2026-04-13 16:00:39.496 DEBUG [nioEventLoopGroup-5-1] BaseClient [org.sunrise.game.core.client.BaseClientPulseHandler:27] - send ping, cur NodeId = { RpcNode2000-ConnectTo-RpcNode100 } 
2026-04-13 16:00:39.496 DEBUG [nioEventLoopGroup-3-1] BaseServer [org.sunrise.game.core.server.BaseServerPulseHandler:22] - recv ping, cur NodeId = { RpcNode2000 }, from NodeId = { RpcNode100-ConnectTo-RpcNode2000 }, delay = 0 ms 
2026-04-13 16:00:41.530 DEBUG [nioEventLoopGroup-6-1] BaseClient [org.sunrise.game.core.client.BaseClientPulseHandler:27] - send ping, cur NodeId = { RpcNode2000-ConnectTo-RpcNode1000 } 
2026-04-13 16:00:41.579 DEBUG [nioEventLoopGroup-3-2] BaseServer [org.sunrise.game.core.server.BaseServerPulseHandler:22] - recv ping, cur NodeId = { RpcNode2000 }, from NodeId = { RpcNode1000-ConnectTo-RpcNode2000 }, delay = 0 ms 
2026-04-13 16:00:43.782 DEBUG [nioEventLoopGroup-7-1] BaseClient [org.sunrise.game.core.client.BaseClientPulseHandler:27] - send ping, cur NodeId = { RpcNode2000-ConnectTo-RpcNode3 } 
2026-04-13 16:00:43.842 DEBUG [nioEventLoopGroup-3-3] BaseServer [org.sunrise.game.core.server.BaseServerPulseHandler:22] - recv ping, cur NodeId = { RpcNode2000 }, from NodeId = { RpcNode3-ConnectTo-RpcNode2000 }, delay = 0 ms 
2026-04-13 16:00:45.869 DEBUG [nioEventLoopGroup-8-1] BaseClient [org.sunrise.game.core.client.BaseClientPulseHandler:27] - send ping, cur NodeId = { RpcNode2000-ConnectTo-RpcNode2 } 
2026-04-13 16:00:45.925 DEBUG [nioEventLoopGroup-3-4] BaseServer [org.sunrise.game.core.server.BaseServerPulseHandler:22] - recv ping, cur NodeId = { RpcNode2000 }, from NodeId = { RpcNode2-ConnectTo-RpcNode2000 }, delay = 0 ms 
2026-04-13 16:00:49.497 DEBUG [nioEventLoopGroup-5-1] BaseClient [org.sunrise.game.core.client.BaseClientPulseHandler:27] - send ping, cur NodeId = { RpcNode2000-ConnectTo-RpcNode100 } 
2026-04-13 16:00:49.497 DEBUG [nioEventLoopGroup-3-1] BaseServer [org.sunrise.game.core.server.BaseServerPulseHandler:22] - recv ping, cur NodeId = { RpcNode2000 }, from NodeId = { RpcNode100-ConnectTo-RpcNode2000 }, delay = 0 ms 
2026-04-13 16:00:51.531 DEBUG [nioEventLoopGroup-6-1] BaseClient [org.sunrise.game.core.client.BaseClientPulseHandler:27] - send ping, cur NodeId = { RpcNode2000-ConnectTo-RpcNode1000 } 
2026-04-13 16:00:51.579 DEBUG [nioEventLoopGroup-3-2] BaseServer [org.sunrise.game.core.server.BaseServerPulseHandler:22] - recv ping, cur NodeId = { RpcNode2000 }, from NodeId = { RpcNode1000-ConnectTo-RpcNode2000 }, delay = 0 ms 
2026-04-13 16:00:53.782 DEBUG [nioEventLoopGroup-7-1] BaseClient [org.sunrise.game.core.client.BaseClientPulseHandler:27] - send ping, cur NodeId = { RpcNode2000-ConnectTo-RpcNode3 } 
2026-04-13 16:00:53.843 DEBUG [nioEventLoopGroup-3-3] BaseServer [org.sunrise.game.core.server.BaseServerPulseHandler:22] - recv ping, cur NodeId = { RpcNode2000 }, from NodeId = { RpcNode3-ConnectTo-RpcNode2000 }, delay = 0 ms 
2026-04-13 16:00:55.870 DEBUG [nioEventLoopGroup-8-1] BaseClient [org.sunrise.game.core.client.BaseClientPulseHandler:27] - send ping, cur NodeId = { RpcNode2000-ConnectTo-RpcNode2 } 
2026-04-13 16:00:55.927 DEBUG [nioEventLoopGroup-3-4] BaseServer [org.sunrise.game.core.server.BaseServerPulseHandler:22] - recv ping, cur NodeId = { RpcNode2000 }, from NodeId = { RpcNode2-ConnectTo-RpcNode2000 }, delay = 0 ms 
2026-04-13 16:00:59.497 DEBUG [nioEventLoopGroup-5-1] BaseClient [org.sunrise.game.core.client.BaseClientPulseHandler:27] - send ping, cur NodeId = { RpcNode2000-ConnectTo-RpcNode100 } 
2026-04-13 16:00:59.497 DEBUG [nioEventLoopGroup-3-1] BaseServer [org.sunrise.game.core.server.BaseServerPulseHandler:22] - recv ping, cur NodeId = { RpcNode2000 }, from NodeId = { RpcNode100-ConnectTo-RpcNode2000 }, delay = 0 ms 
2026-04-13 16:01:01.532 DEBUG [nioEventLoopGroup-6-1] BaseClient [org.sunrise.game.core.client.BaseClientPulseHandler:27] - send ping, cur NodeId = { RpcNode2000-ConnectTo-RpcNode1000 } 
2026-04-13 16:01:01.579 DEBUG [nioEventLoopGroup-3-2] BaseServer [org.sunrise.game.core.server.BaseServerPulseHandler:22] - recv ping, cur NodeId = { RpcNode2000 }, from NodeId = { RpcNode1000-ConnectTo-RpcNode2000 }, delay = 0 ms 
2026-04-13 16:01:03.782 DEBUG [nioEventLoopGroup-7-1] BaseClient [org.sunrise.game.core.client.BaseClientPulseHandler:27] - send ping, cur NodeId = { RpcNode2000-ConnectTo-RpcNode3 } 
2026-04-13 16:01:03.843 DEBUG [nioEventLoopGroup-3-3] BaseServer [org.sunrise.game.core.server.BaseServerPulseHandler:22] - recv ping, cur NodeId = { RpcNode2000 }, from NodeId = { RpcNode3-ConnectTo-RpcNode2000 }, delay = 0 ms 
2026-04-13 16:01:05.869 DEBUG [nioEventLoopGroup-8-1] BaseClient [org.sunrise.game.core.client.BaseClientPulseHandler:27] - send ping, cur NodeId = { RpcNode2000-ConnectTo-RpcNode2 } 
2026-04-13 16:01:05.927 DEBUG [nioEventLoopGroup-3-4] BaseServer [org.sunrise.game.core.server.BaseServerPulseHandler:22] - recv ping, cur NodeId = { RpcNode2000 }, from NodeId = { RpcNode2-ConnectTo-RpcNode2000 }, delay = 0 ms 
2026-04-13 16:01:09.091 INFO  [CheckMemory] ServerStartUp [org.sunrise.game.utils.Utils:125] - Memory : {  total memory: 256 MB, free memory: 217 MB, used memory: 38 MB } 
2026-04-13 16:01:09.498 DEBUG [nioEventLoopGroup-5-1] BaseClient [org.sunrise.game.core.client.BaseClientPulseHandler:27] - send ping, cur NodeId = { RpcNode2000-ConnectTo-RpcNode100 } 
2026-04-13 16:01:09.498 DEBUG [nioEventLoopGroup-3-1] BaseServer [org.sunrise.game.core.server.BaseServerPulseHandler:22] - recv ping, cur NodeId = { RpcNode2000 }, from NodeId = { RpcNode100-ConnectTo-RpcNode2000 }, delay = 0 ms 
2026-04-13 16:01:11.532 DEBUG [nioEventLoopGroup-6-1] BaseClient [org.sunrise.game.core.client.BaseClientPulseHandler:27] - send ping, cur NodeId = { RpcNode2000-ConnectTo-RpcNode1000 } 
2026-04-13 16:01:11.580 DEBUG [nioEventLoopGroup-3-2] BaseServer [org.sunrise.game.core.server.BaseServerPulseHandler:22] - recv ping, cur NodeId = { RpcNode2000 }, from NodeId = { RpcNode1000-ConnectTo-RpcNode2000 }, delay = 0 ms 
2026-04-13 16:01:13.783 DEBUG [nioEventLoopGroup-7-1] BaseClient [org.sunrise.game.core.client.BaseClientPulseHandler:27] - send ping, cur NodeId = { RpcNode2000-ConnectTo-RpcNode3 } 
2026-04-13 16:01:13.843 DEBUG [nioEventLoopGroup-3-3] BaseServer [org.sunrise.game.core.server.BaseServerPulseHandler:22] - recv ping, cur NodeId = { RpcNode2000 }, from NodeId = { RpcNode3-ConnectTo-RpcNode2000 }, delay = 0 ms 
2026-04-13 16:01:15.871 DEBUG [nioEventLoopGroup-8-1] BaseClient [org.sunrise.game.core.client.BaseClientPulseHandler:27] - send ping, cur NodeId = { RpcNode2000-ConnectTo-RpcNode2 } 
2026-04-13 16:01:15.928 DEBUG [nioEventLoopGroup-3-4] BaseServer [org.sunrise.game.core.server.BaseServerPulseHandler:22] - recv ping, cur NodeId = { RpcNode2000 }, from NodeId = { RpcNode2-ConnectTo-RpcNode2000 }, delay = 0 ms 
2026-04-13 16:01:19.498 DEBUG [nioEventLoopGroup-5-1] BaseClient [org.sunrise.game.core.client.BaseClientPulseHandler:27] - send ping, cur NodeId = { RpcNode2000-ConnectTo-RpcNode100 } 
2026-04-13 16:01:19.498 DEBUG [nioEventLoopGroup-3-1] BaseServer [org.sunrise.game.core.server.BaseServerPulseHandler:22] - recv ping, cur NodeId = { RpcNode2000 }, from NodeId = { RpcNode100-ConnectTo-RpcNode2000 }, delay = 0 ms 
2026-04-13 16:01:21.532 DEBUG [nioEventLoopGroup-6-1] BaseClient [org.sunrise.game.core.client.BaseClientPulseHandler:27] - send ping, cur NodeId = { RpcNode2000-ConnectTo-RpcNode1000 } 
2026-04-13 16:01:21.581 DEBUG [nioEventLoopGroup-3-2] BaseServer [org.sunrise.game.core.server.BaseServerPulseHandler:22] - recv ping, cur NodeId = { RpcNode2000 }, from NodeId = { RpcNode1000-ConnectTo-RpcNode2000 }, delay = 0 ms 
2026-04-13 16:01:23.784 DEBUG [nioEventLoopGroup-7-1] BaseClient [org.sunrise.game.core.client.BaseClientPulseHandler:27] - send ping, cur NodeId = { RpcNode2000-ConnectTo-RpcNode3 } 
2026-04-13 16:01:23.843 DEBUG [nioEventLoopGroup-3-3] BaseServer [org.sunrise.game.core.server.BaseServerPulseHandler:22] - recv ping, cur NodeId = { RpcNode2000 }, from NodeId = { RpcNode3-ConnectTo-RpcNode2000 }, delay = 0 ms 
2026-04-13 16:01:25.871 DEBUG [nioEventLoopGroup-8-1] BaseClient [org.sunrise.game.core.client.BaseClientPulseHandler:27] - send ping, cur NodeId = { RpcNode2000-ConnectTo-RpcNode2 } 
2026-04-13 16:01:25.928 DEBUG [nioEventLoopGroup-3-4] BaseServer [org.sunrise.game.core.server.BaseServerPulseHandler:22] - recv ping, cur NodeId = { RpcNode2000 }, from NodeId = { RpcNode2-ConnectTo-RpcNode2000 }, delay = 0 ms 
2026-04-13 16:01:29.500 DEBUG [nioEventLoopGroup-5-1] BaseClient [org.sunrise.game.core.client.BaseClientPulseHandler:27] - send ping, cur NodeId = { RpcNode2000-ConnectTo-RpcNode100 } 
2026-04-13 16:01:29.500 DEBUG [nioEventLoopGroup-3-1] BaseServer [org.sunrise.game.core.server.BaseServerPulseHandler:22] - recv ping, cur NodeId = { RpcNode2000 }, from NodeId = { RpcNode100-ConnectTo-RpcNode2000 }, delay = 0 ms 
2026-04-13 16:01:31.532 DEBUG [nioEventLoopGroup-6-1] BaseClient [org.sunrise.game.core.client.BaseClientPulseHandler:27] - send ping, cur NodeId = { RpcNode2000-ConnectTo-RpcNode1000 } 
2026-04-13 16:01:31.581 DEBUG [nioEventLoopGroup-3-2] BaseServer [org.sunrise.game.core.server.BaseServerPulseHandler:22] - recv ping, cur NodeId = { RpcNode2000 }, from NodeId = { RpcNode1000-ConnectTo-RpcNode2000 }, delay = 0 ms 
2026-04-13 16:01:33.785 DEBUG [nioEventLoopGroup-7-1] BaseClient [org.sunrise.game.core.client.BaseClientPulseHandler:27] - send ping, cur NodeId = { RpcNode2000-ConnectTo-RpcNode3 } 
2026-04-13 16:01:33.844 DEBUG [nioEventLoopGroup-3-3] BaseServer [org.sunrise.game.core.server.BaseServerPulseHandler:22] - recv ping, cur NodeId = { RpcNode2000 }, from NodeId = { RpcNode3-ConnectTo-RpcNode2000 }, delay = 0 ms 
2026-04-13 16:01:35.871 DEBUG [nioEventLoopGroup-8-1] BaseClient [org.sunrise.game.core.client.BaseClientPulseHandler:27] - send ping, cur NodeId = { RpcNode2000-ConnectTo-RpcNode2 } 
2026-04-13 16:01:35.929 DEBUG [nioEventLoopGroup-3-4] BaseServer [org.sunrise.game.core.server.BaseServerPulseHandler:22] - recv ping, cur NodeId = { RpcNode2000 }, from NodeId = { RpcNode2-ConnectTo-RpcNode2000 }, delay = 0 ms 
2026-04-13 16:01:39.500 DEBUG [nioEventLoopGroup-3-1] BaseServer [org.sunrise.game.core.server.BaseServerPulseHandler:22] - recv ping, cur NodeId = { RpcNode2000 }, from NodeId = { RpcNode100-ConnectTo-RpcNode2000 }, delay = 0 ms 
2026-04-13 16:01:39.501 DEBUG [nioEventLoopGroup-5-1] BaseClient [org.sunrise.game.core.client.BaseClientPulseHandler:27] - send ping, cur NodeId = { RpcNode2000-ConnectTo-RpcNode100 } 
2026-04-13 16:01:41.532 DEBUG [nioEventLoopGroup-6-1] BaseClient [org.sunrise.game.core.client.BaseClientPulseHandler:27] - send ping, cur NodeId = { RpcNode2000-ConnectTo-RpcNode1000 } 
2026-04-13 16:01:41.581 DEBUG [nioEventLoopGroup-3-2] BaseServer [org.sunrise.game.core.server.BaseServerPulseHandler:22] - recv ping, cur NodeId = { RpcNode2000 }, from NodeId = { RpcNode1000-ConnectTo-RpcNode2000 }, delay = 0 ms 
2026-04-13 16:01:43.784 DEBUG [nioEventLoopGroup-7-1] BaseClient [org.sunrise.game.core.client.BaseClientPulseHandler:27] - send ping, cur NodeId = { RpcNode2000-ConnectTo-RpcNode3 } 
2026-04-13 16:01:43.844 DEBUG [nioEventLoopGroup-3-3] BaseServer [org.sunrise.game.core.server.BaseServerPulseHandler:22] - recv ping, cur NodeId = { RpcNode2000 }, from NodeId = { RpcNode3-ConnectTo-RpcNode2000 }, delay = 0 ms 
2026-04-13 16:01:45.871 DEBUG [nioEventLoopGroup-8-1] BaseClient [org.sunrise.game.core.client.BaseClientPulseHandler:27] - send ping, cur NodeId = { RpcNode2000-ConnectTo-RpcNode2 } 
2026-04-13 16:01:45.929 DEBUG [nioEventLoopGroup-3-4] BaseServer [org.sunrise.game.core.server.BaseServerPulseHandler:22] - recv ping, cur NodeId = { RpcNode2000 }, from NodeId = { RpcNode2-ConnectTo-RpcNode2000 }, delay = 0 ms 
2026-04-13 16:01:49.500 DEBUG [nioEventLoopGroup-3-1] BaseServer [org.sunrise.game.core.server.BaseServerPulseHandler:22] - recv ping, cur NodeId = { RpcNode2000 }, from NodeId = { RpcNode100-ConnectTo-RpcNode2000 }, delay = 0 ms 
2026-04-13 16:01:49.501 DEBUG [nioEventLoopGroup-5-1] BaseClient [org.sunrise.game.core.client.BaseClientPulseHandler:27] - send ping, cur NodeId = { RpcNode2000-ConnectTo-RpcNode100 } 
2026-04-13 16:01:51.532 DEBUG [nioEventLoopGroup-6-1] BaseClient [org.sunrise.game.core.client.BaseClientPulseHandler:27] - send ping, cur NodeId = { RpcNode2000-ConnectTo-RpcNode1000 } 
2026-04-13 16:01:51.581 DEBUG [nioEventLoopGroup-3-2] BaseServer [org.sunrise.game.core.server.BaseServerPulseHandler:22] - recv ping, cur NodeId = { RpcNode2000 }, from NodeId = { RpcNode1000-ConnectTo-RpcNode2000 }, delay = 0 ms 
2026-04-13 16:01:53.785 DEBUG [nioEventLoopGroup-7-1] BaseClient [org.sunrise.game.core.client.BaseClientPulseHandler:27] - send ping, cur NodeId = { RpcNode2000-ConnectTo-RpcNode3 } 
2026-04-13 16:01:53.844 DEBUG [nioEventLoopGroup-3-3] BaseServer [org.sunrise.game.core.server.BaseServerPulseHandler:22] - recv ping, cur NodeId = { RpcNode2000 }, from NodeId = { RpcNode3-ConnectTo-RpcNode2000 }, delay = 0 ms 
2026-04-13 16:01:55.872 DEBUG [nioEventLoopGroup-8-1] BaseClient [org.sunrise.game.core.client.BaseClientPulseHandler:27] - send ping, cur NodeId = { RpcNode2000-ConnectTo-RpcNode2 } 
2026-04-13 16:01:55.929 DEBUG [nioEventLoopGroup-3-4] BaseServer [org.sunrise.game.core.server.BaseServerPulseHandler:22] - recv ping, cur NodeId = { RpcNode2000 }, from NodeId = { RpcNode2-ConnectTo-RpcNode2000 }, delay = 0 ms 
2026-04-13 16:01:59.500 DEBUG [nioEventLoopGroup-3-1] BaseServer [org.sunrise.game.core.server.BaseServerPulseHandler:22] - recv ping, cur NodeId = { RpcNode2000 }, from NodeId = { RpcNode100-ConnectTo-RpcNode2000 }, delay = 0 ms 
2026-04-13 16:01:59.501 DEBUG [nioEventLoopGroup-5-1] BaseClient [org.sunrise.game.core.client.BaseClientPulseHandler:27] - send ping, cur NodeId = { RpcNode2000-ConnectTo-RpcNode100 } 
2026-04-13 16:02:01.532 DEBUG [nioEventLoopGroup-6-1] BaseClient [org.sunrise.game.core.client.BaseClientPulseHandler:27] - send ping, cur NodeId = { RpcNode2000-ConnectTo-RpcNode1000 } 
2026-04-13 16:02:01.582 DEBUG [nioEventLoopGroup-3-2] BaseServer [org.sunrise.game.core.server.BaseServerPulseHandler:22] - recv ping, cur NodeId = { RpcNode2000 }, from NodeId = { RpcNode1000-ConnectTo-RpcNode2000 }, delay = 0 ms 
2026-04-13 16:02:03.784 DEBUG [nioEventLoopGroup-7-1] BaseClient [org.sunrise.game.core.client.BaseClientPulseHandler:27] - send ping, cur NodeId = { RpcNode2000-ConnectTo-RpcNode3 } 
2026-04-13 16:02:03.844 DEBUG [nioEventLoopGroup-3-3] BaseServer [org.sunrise.game.core.server.BaseServerPulseHandler:22] - recv ping, cur NodeId = { RpcNode2000 }, from NodeId = { RpcNode3-ConnectTo-RpcNode2000 }, delay = 0 ms 
2026-04-13 16:02:05.872 DEBUG [nioEventLoopGroup-8-1] BaseClient [org.sunrise.game.core.client.BaseClientPulseHandler:27] - send ping, cur NodeId = { RpcNode2000-ConnectTo-RpcNode2 } 
2026-04-13 16:02:05.929 DEBUG [nioEventLoopGroup-3-4] BaseServer [org.sunrise.game.core.server.BaseServerPulseHandler:22] - recv ping, cur NodeId = { RpcNode2000 }, from NodeId = { RpcNode2-ConnectTo-RpcNode2000 }, delay = 0 ms 
2026-04-13 16:02:09.094 INFO  [CheckMemory] ServerStartUp [org.sunrise.game.utils.Utils:125] - Memory : {  total memory: 256 MB, free memory: 216 MB, used memory: 39 MB } 
2026-04-13 16:02:09.501 DEBUG [nioEventLoopGroup-3-1] BaseServer [org.sunrise.game.core.server.BaseServerPulseHandler:22] - recv ping, cur NodeId = { RpcNode2000 }, from NodeId = { RpcNode100-ConnectTo-RpcNode2000 }, delay = 0 ms 
2026-04-13 16:02:09.503 DEBUG [nioEventLoopGroup-5-1] BaseClient [org.sunrise.game.core.client.BaseClientPulseHandler:27] - send ping, cur NodeId = { RpcNode2000-ConnectTo-RpcNode100 } 
2026-04-13 16:02:11.533 DEBUG [nioEventLoopGroup-6-1] BaseClient [org.sunrise.game.core.client.BaseClientPulseHandler:27] - send ping, cur NodeId = { RpcNode2000-ConnectTo-RpcNode1000 } 
2026-04-13 16:02:11.583 DEBUG [nioEventLoopGroup-3-2] BaseServer [org.sunrise.game.core.server.BaseServerPulseHandler:22] - recv ping, cur NodeId = { RpcNode2000 }, from NodeId = { RpcNode1000-ConnectTo-RpcNode2000 }, delay = 0 ms 
2026-04-13 16:02:13.785 DEBUG [nioEventLoopGroup-7-1] BaseClient [org.sunrise.game.core.client.BaseClientPulseHandler:27] - send ping, cur NodeId = { RpcNode2000-ConnectTo-RpcNode3 } 
2026-04-13 16:02:13.845 DEBUG [nioEventLoopGroup-3-3] BaseServer [org.sunrise.game.core.server.BaseServerPulseHandler:22] - recv ping, cur NodeId = { RpcNode2000 }, from NodeId = { RpcNode3-ConnectTo-RpcNode2000 }, delay = 0 ms 
2026-04-13 16:02:15.872 DEBUG [nioEventLoopGroup-8-1] BaseClient [org.sunrise.game.core.client.BaseClientPulseHandler:27] - send ping, cur NodeId = { RpcNode2000-ConnectTo-RpcNode2 } 
2026-04-13 16:02:15.930 DEBUG [nioEventLoopGroup-3-4] BaseServer [org.sunrise.game.core.server.BaseServerPulseHandler:22] - recv ping, cur NodeId = { RpcNode2000 }, from NodeId = { RpcNode2-ConnectTo-RpcNode2000 }, delay = 0 ms 
2026-04-13 16:02:19.502 DEBUG [nioEventLoopGroup-3-1] BaseServer [org.sunrise.game.core.server.BaseServerPulseHandler:22] - recv ping, cur NodeId = { RpcNode2000 }, from NodeId = { RpcNode100-ConnectTo-RpcNode2000 }, delay = 0 ms 
2026-04-13 16:02:19.503 DEBUG [nioEventLoopGroup-5-1] BaseClient [org.sunrise.game.core.client.BaseClientPulseHandler:27] - send ping, cur NodeId = { RpcNode2000-ConnectTo-RpcNode100 } 
2026-04-13 16:02:21.533 DEBUG [nioEventLoopGroup-6-1] BaseClient [org.sunrise.game.core.client.BaseClientPulseHandler:27] - send ping, cur NodeId = { RpcNode2000-ConnectTo-RpcNode1000 } 
2026-04-13 16:02:21.584 DEBUG [nioEventLoopGroup-3-2] BaseServer [org.sunrise.game.core.server.BaseServerPulseHandler:22] - recv ping, cur NodeId = { RpcNode2000 }, from NodeId = { RpcNode1000-ConnectTo-RpcNode2000 }, delay = 0 ms 
2026-04-13 16:02:23.785 DEBUG [nioEventLoopGroup-7-1] BaseClient [org.sunrise.game.core.client.BaseClientPulseHandler:27] - send ping, cur NodeId = { RpcNode2000-ConnectTo-RpcNode3 } 
2026-04-13 16:02:23.845 DEBUG [nioEventLoopGroup-3-3] BaseServer [org.sunrise.game.core.server.BaseServerPulseHandler:22] - recv ping, cur NodeId = { RpcNode2000 }, from NodeId = { RpcNode3-ConnectTo-RpcNode2000 }, delay = 0 ms 
2026-04-13 16:02:25.873 DEBUG [nioEventLoopGroup-8-1] BaseClient [org.sunrise.game.core.client.BaseClientPulseHandler:27] - send ping, cur NodeId = { RpcNode2000-ConnectTo-RpcNode2 } 
2026-04-13 16:02:25.930 DEBUG [nioEventLoopGroup-3-4] BaseServer [org.sunrise.game.core.server.BaseServerPulseHandler:22] - recv ping, cur NodeId = { RpcNode2000 }, from NodeId = { RpcNode2-ConnectTo-RpcNode2000 }, delay = 0 ms 
2026-04-13 16:02:29.503 DEBUG [nioEventLoopGroup-3-1] BaseServer [org.sunrise.game.core.server.BaseServerPulseHandler:22] - recv ping, cur NodeId = { RpcNode2000 }, from NodeId = { RpcNode100-ConnectTo-RpcNode2000 }, delay = 0 ms 
2026-04-13 16:02:29.504 DEBUG [nioEventLoopGroup-5-1] BaseClient [org.sunrise.game.core.client.BaseClientPulseHandler:27] - send ping, cur NodeId = { RpcNode2000-ConnectTo-RpcNode100 } 
2026-04-13 16:02:31.533 DEBUG [nioEventLoopGroup-6-1] BaseClient [org.sunrise.game.core.client.BaseClientPulseHandler:27] - send ping, cur NodeId = { RpcNode2000-ConnectTo-RpcNode1000 } 
2026-04-13 16:02:31.584 DEBUG [nioEventLoopGroup-3-2] BaseServer [org.sunrise.game.core.server.BaseServerPulseHandler:22] - recv ping, cur NodeId = { RpcNode2000 }, from NodeId = { RpcNode1000-ConnectTo-RpcNode2000 }, delay = 0 ms 
2026-04-13 16:02:33.785 DEBUG [nioEventLoopGroup-7-1] BaseClient [org.sunrise.game.core.client.BaseClientPulseHandler:27] - send ping, cur NodeId = { RpcNode2000-ConnectTo-RpcNode3 } 
2026-04-13 16:02:33.845 DEBUG [nioEventLoopGroup-3-3] BaseServer [org.sunrise.game.core.server.BaseServerPulseHandler:22] - recv ping, cur NodeId = { RpcNode2000 }, from NodeId = { RpcNode3-ConnectTo-RpcNode2000 }, delay = 0 ms 
2026-04-13 16:02:35.874 DEBUG [nioEventLoopGroup-8-1] BaseClient [org.sunrise.game.core.client.BaseClientPulseHandler:27] - send ping, cur NodeId = { RpcNode2000-ConnectTo-RpcNode2 } 
2026-04-13 16:02:35.932 DEBUG [nioEventLoopGroup-3-4] BaseServer [org.sunrise.game.core.server.BaseServerPulseHandler:22] - recv ping, cur NodeId = { RpcNode2000 }, from NodeId = { RpcNode2-ConnectTo-RpcNode2000 }, delay = 0 ms 
2026-04-13 16:02:39.504 DEBUG [nioEventLoopGroup-3-1] BaseServer [org.sunrise.game.core.server.BaseServerPulseHandler:22] - recv ping, cur NodeId = { RpcNode2000 }, from NodeId = { RpcNode100-ConnectTo-RpcNode2000 }, delay = 0 ms 
2026-04-13 16:02:39.505 DEBUG [nioEventLoopGroup-5-1] BaseClient [org.sunrise.game.core.client.BaseClientPulseHandler:27] - send ping, cur NodeId = { RpcNode2000-ConnectTo-RpcNode100 } 
2026-04-13 16:02:41.534 DEBUG [nioEventLoopGroup-6-1] BaseClient [org.sunrise.game.core.client.BaseClientPulseHandler:27] - send ping, cur NodeId = { RpcNode2000-ConnectTo-RpcNode1000 } 
2026-04-13 16:02:41.584 DEBUG [nioEventLoopGroup-3-2] BaseServer [org.sunrise.game.core.server.BaseServerPulseHandler:22] - recv ping, cur NodeId = { RpcNode2000 }, from NodeId = { RpcNode1000-ConnectTo-RpcNode2000 }, delay = 0 ms 
2026-04-13 16:02:43.786 DEBUG [nioEventLoopGroup-7-1] BaseClient [org.sunrise.game.core.client.BaseClientPulseHandler:27] - send ping, cur NodeId = { RpcNode2000-ConnectTo-RpcNode3 } 
2026-04-13 16:02:43.846 DEBUG [nioEventLoopGroup-3-3] BaseServer [org.sunrise.game.core.server.BaseServerPulseHandler:22] - recv ping, cur NodeId = { RpcNode2000 }, from NodeId = { RpcNode3-ConnectTo-RpcNode2000 }, delay = 0 ms 
2026-04-13 16:02:45.874 DEBUG [nioEventLoopGroup-8-1] BaseClient [org.sunrise.game.core.client.BaseClientPulseHandler:27] - send ping, cur NodeId = { RpcNode2000-ConnectTo-RpcNode2 } 
2026-04-13 16:02:45.933 DEBUG [nioEventLoopGroup-3-4] BaseServer [org.sunrise.game.core.server.BaseServerPulseHandler:22] - recv ping, cur NodeId = { RpcNode2000 }, from NodeId = { RpcNode2-ConnectTo-RpcNode2000 }, delay = 0 ms 
2026-04-13 16:02:49.505 DEBUG [nioEventLoopGroup-5-1] BaseClient [org.sunrise.game.core.client.BaseClientPulseHandler:27] - send ping, cur NodeId = { RpcNode2000-ConnectTo-RpcNode100 } 
2026-04-13 16:02:49.505 DEBUG [nioEventLoopGroup-3-1] BaseServer [org.sunrise.game.core.server.BaseServerPulseHandler:22] - recv ping, cur NodeId = { RpcNode2000 }, from NodeId = { RpcNode100-ConnectTo-RpcNode2000 }, delay = 0 ms 
2026-04-13 16:02:51.533 DEBUG [nioEventLoopGroup-6-1] BaseClient [org.sunrise.game.core.client.BaseClientPulseHandler:27] - send ping, cur NodeId = { RpcNode2000-ConnectTo-RpcNode1000 } 
2026-04-13 16:02:51.585 DEBUG [nioEventLoopGroup-3-2] BaseServer [org.sunrise.game.core.server.BaseServerPulseHandler:22] - recv ping, cur NodeId = { RpcNode2000 }, from NodeId = { RpcNode1000-ConnectTo-RpcNode2000 }, delay = 0 ms 
2026-04-13 16:02:53.787 DEBUG [nioEventLoopGroup-7-1] BaseClient [org.sunrise.game.core.client.BaseClientPulseHandler:27] - send ping, cur NodeId = { RpcNode2000-ConnectTo-RpcNode3 } 
2026-04-13 16:02:53.847 DEBUG [nioEventLoopGroup-3-3] BaseServer [org.sunrise.game.core.server.BaseServerPulseHandler:22] - recv ping, cur NodeId = { RpcNode2000 }, from NodeId = { RpcNode3-ConnectTo-RpcNode2000 }, delay = 0 ms 
2026-04-13 16:02:55.874 DEBUG [nioEventLoopGroup-8-1] BaseClient [org.sunrise.game.core.client.BaseClientPulseHandler:27] - send ping, cur NodeId = { RpcNode2000-ConnectTo-RpcNode2 } 
2026-04-13 16:02:55.933 DEBUG [nioEventLoopGroup-3-4] BaseServer [org.sunrise.game.core.server.BaseServerPulseHandler:22] - recv ping, cur NodeId = { RpcNode2000 }, from NodeId = { RpcNode2-ConnectTo-RpcNode2000 }, delay = 0 ms 
2026-04-13 16:02:59.505 DEBUG [nioEventLoopGroup-3-1] BaseServer [org.sunrise.game.core.server.BaseServerPulseHandler:22] - recv ping, cur NodeId = { RpcNode2000 }, from NodeId = { RpcNode100-ConnectTo-RpcNode2000 }, delay = 0 ms 
2026-04-13 16:02:59.506 DEBUG [nioEventLoopGroup-5-1] BaseClient [org.sunrise.game.core.client.BaseClientPulseHandler:27] - send ping, cur NodeId = { RpcNode2000-ConnectTo-RpcNode100 } 
2026-04-13 16:03:01.534 DEBUG [nioEventLoopGroup-6-1] BaseClient [org.sunrise.game.core.client.BaseClientPulseHandler:27] - send ping, cur NodeId = { RpcNode2000-ConnectTo-RpcNode1000 } 
2026-04-13 16:03:01.584 DEBUG [nioEventLoopGroup-3-2] BaseServer [org.sunrise.game.core.server.BaseServerPulseHandler:22] - recv ping, cur NodeId = { RpcNode2000 }, from NodeId = { RpcNode1000-ConnectTo-RpcNode2000 }, delay = 0 ms 
2026-04-13 16:03:03.787 DEBUG [nioEventLoopGroup-7-1] BaseClient [org.sunrise.game.core.client.BaseClientPulseHandler:27] - send ping, cur NodeId = { RpcNode2000-ConnectTo-RpcNode3 } 
2026-04-13 16:03:03.847 DEBUG [nioEventLoopGroup-3-3] BaseServer [org.sunrise.game.core.server.BaseServerPulseHandler:22] - recv ping, cur NodeId = { RpcNode2000 }, from NodeId = { RpcNode3-ConnectTo-RpcNode2000 }, delay = 0 ms 
2026-04-13 16:03:05.875 DEBUG [nioEventLoopGroup-8-1] BaseClient [org.sunrise.game.core.client.BaseClientPulseHandler:27] - send ping, cur NodeId = { RpcNode2000-ConnectTo-RpcNode2 } 
2026-04-13 16:03:05.933 DEBUG [nioEventLoopGroup-3-4] BaseServer [org.sunrise.game.core.server.BaseServerPulseHandler:22] - recv ping, cur NodeId = { RpcNode2000 }, from NodeId = { RpcNode2-ConnectTo-RpcNode2000 }, delay = 0 ms 
2026-04-13 16:03:09.094 INFO  [CheckMemory] ServerStartUp [org.sunrise.game.utils.Utils:125] - Memory : {  total memory: 256 MB, free memory: 216 MB, used memory: 39 MB } 
2026-04-13 16:03:09.507 DEBUG [nioEventLoopGroup-5-1] BaseClient [org.sunrise.game.core.client.BaseClientPulseHandler:27] - send ping, cur NodeId = { RpcNode2000-ConnectTo-RpcNode100 } 
2026-04-13 16:03:09.507 DEBUG [nioEventLoopGroup-3-1] BaseServer [org.sunrise.game.core.server.BaseServerPulseHandler:22] - recv ping, cur NodeId = { RpcNode2000 }, from NodeId = { RpcNode100-ConnectTo-RpcNode2000 }, delay = 0 ms 
2026-04-13 16:03:11.535 DEBUG [nioEventLoopGroup-6-1] BaseClient [org.sunrise.game.core.client.BaseClientPulseHandler:27] - send ping, cur NodeId = { RpcNode2000-ConnectTo-RpcNode1000 } 
2026-04-13 16:03:11.585 DEBUG [nioEventLoopGroup-3-2] BaseServer [org.sunrise.game.core.server.BaseServerPulseHandler:22] - recv ping, cur NodeId = { RpcNode2000 }, from NodeId = { RpcNode1000-ConnectTo-RpcNode2000 }, delay = 0 ms 
2026-04-13 16:03:13.788 DEBUG [nioEventLoopGroup-7-1] BaseClient [org.sunrise.game.core.client.BaseClientPulseHandler:27] - send ping, cur NodeId = { RpcNode2000-ConnectTo-RpcNode3 } 
2026-04-13 16:03:13.848 DEBUG [nioEventLoopGroup-3-3] BaseServer [org.sunrise.game.core.server.BaseServerPulseHandler:22] - recv ping, cur NodeId = { RpcNode2000 }, from NodeId = { RpcNode3-ConnectTo-RpcNode2000 }, delay = 0 ms 
2026-04-13 16:03:15.875 DEBUG [nioEventLoopGroup-8-1] BaseClient [org.sunrise.game.core.client.BaseClientPulseHandler:27] - send ping, cur NodeId = { RpcNode2000-ConnectTo-RpcNode2 } 
2026-04-13 16:03:15.933 DEBUG [nioEventLoopGroup-3-4] BaseServer [org.sunrise.game.core.server.BaseServerPulseHandler:22] - recv ping, cur NodeId = { RpcNode2000 }, from NodeId = { RpcNode2-ConnectTo-RpcNode2000 }, delay = 0 ms 
2026-04-13 16:03:19.508 DEBUG [nioEventLoopGroup-5-1] BaseClient [org.sunrise.game.core.client.BaseClientPulseHandler:27] - send ping, cur NodeId = { RpcNode2000-ConnectTo-RpcNode100 } 
2026-04-13 16:03:19.508 DEBUG [nioEventLoopGroup-3-1] BaseServer [org.sunrise.game.core.server.BaseServerPulseHandler:22] - recv ping, cur NodeId = { RpcNode2000 }, from NodeId = { RpcNode100-ConnectTo-RpcNode2000 }, delay = 0 ms 
2026-04-13 16:03:21.535 DEBUG [nioEventLoopGroup-6-1] BaseClient [org.sunrise.game.core.client.BaseClientPulseHandler:27] - send ping, cur NodeId = { RpcNode2000-ConnectTo-RpcNode1000 } 
2026-04-13 16:03:21.585 DEBUG [nioEventLoopGroup-3-2] BaseServer [org.sunrise.game.core.server.BaseServerPulseHandler:22] - recv ping, cur NodeId = { RpcNode2000 }, from NodeId = { RpcNode1000-ConnectTo-RpcNode2000 }, delay = 0 ms 
2026-04-13 16:03:23.790 DEBUG [nioEventLoopGroup-7-1] BaseClient [org.sunrise.game.core.client.BaseClientPulseHandler:27] - send ping, cur NodeId = { RpcNode2000-ConnectTo-RpcNode3 } 
2026-04-13 16:03:23.849 DEBUG [nioEventLoopGroup-3-3] BaseServer [org.sunrise.game.core.server.BaseServerPulseHandler:22] - recv ping, cur NodeId = { RpcNode2000 }, from NodeId = { RpcNode3-ConnectTo-RpcNode2000 }, delay = 0 ms 
2026-04-13 16:03:25.876 DEBUG [nioEventLoopGroup-8-1] BaseClient [org.sunrise.game.core.client.BaseClientPulseHandler:27] - send ping, cur NodeId = { RpcNode2000-ConnectTo-RpcNode2 } 
2026-04-13 16:03:25.934 DEBUG [nioEventLoopGroup-3-4] BaseServer [org.sunrise.game.core.server.BaseServerPulseHandler:22] - recv ping, cur NodeId = { RpcNode2000 }, from NodeId = { RpcNode2-ConnectTo-RpcNode2000 }, delay = 0 ms 
2026-04-13 16:03:29.509 DEBUG [nioEventLoopGroup-5-1] BaseClient [org.sunrise.game.core.client.BaseClientPulseHandler:27] - send ping, cur NodeId = { RpcNode2000-ConnectTo-RpcNode100 } 
2026-04-13 16:03:29.509 DEBUG [nioEventLoopGroup-3-1] BaseServer [org.sunrise.game.core.server.BaseServerPulseHandler:22] - recv ping, cur NodeId = { RpcNode2000 }, from NodeId = { RpcNode100-ConnectTo-RpcNode2000 }, delay = 0 ms 
2026-04-13 16:03:31.535 DEBUG [nioEventLoopGroup-6-1] BaseClient [org.sunrise.game.core.client.BaseClientPulseHandler:27] - send ping, cur NodeId = { RpcNode2000-ConnectTo-RpcNode1000 } 
2026-04-13 16:03:31.586 DEBUG [nioEventLoopGroup-3-2] BaseServer [org.sunrise.game.core.server.BaseServerPulseHandler:22] - recv ping, cur NodeId = { RpcNode2000 }, from NodeId = { RpcNode1000-ConnectTo-RpcNode2000 }, delay = 0 ms 
2026-04-13 16:03:33.791 DEBUG [nioEventLoopGroup-7-1] BaseClient [org.sunrise.game.core.client.BaseClientPulseHandler:27] - send ping, cur NodeId = { RpcNode2000-ConnectTo-RpcNode3 } 
2026-04-13 16:03:33.850 DEBUG [nioEventLoopGroup-3-3] BaseServer [org.sunrise.game.core.server.BaseServerPulseHandler:22] - recv ping, cur NodeId = { RpcNode2000 }, from NodeId = { RpcNode3-ConnectTo-RpcNode2000 }, delay = 0 ms 
2026-04-13 16:03:35.876 DEBUG [nioEventLoopGroup-8-1] BaseClient [org.sunrise.game.core.client.BaseClientPulseHandler:27] - send ping, cur NodeId = { RpcNode2000-ConnectTo-RpcNode2 } 
2026-04-13 16:03:35.935 DEBUG [nioEventLoopGroup-3-4] BaseServer [org.sunrise.game.core.server.BaseServerPulseHandler:22] - recv ping, cur NodeId = { RpcNode2000 }, from NodeId = { RpcNode2-ConnectTo-RpcNode2000 }, delay = 0 ms 
2026-04-13 16:03:39.509 DEBUG [nioEventLoopGroup-5-1] BaseClient [org.sunrise.game.core.client.BaseClientPulseHandler:27] - send ping, cur NodeId = { RpcNode2000-ConnectTo-RpcNode100 } 
2026-04-13 16:03:39.509 DEBUG [nioEventLoopGroup-3-1] BaseServer [org.sunrise.game.core.server.BaseServerPulseHandler:22] - recv ping, cur NodeId = { RpcNode2000 }, from NodeId = { RpcNode100-ConnectTo-RpcNode2000 }, delay = 0 ms 
2026-04-13 16:03:41.535 DEBUG [nioEventLoopGroup-6-1] BaseClient [org.sunrise.game.core.client.BaseClientPulseHandler:27] - send ping, cur NodeId = { RpcNode2000-ConnectTo-RpcNode1000 } 
2026-04-13 16:03:41.588 DEBUG [nioEventLoopGroup-3-2] BaseServer [org.sunrise.game.core.server.BaseServerPulseHandler:22] - recv ping, cur NodeId = { RpcNode2000 }, from NodeId = { RpcNode1000-ConnectTo-RpcNode2000 }, delay = 0 ms 
2026-04-13 16:03:43.792 DEBUG [nioEventLoopGroup-7-1] BaseClient [org.sunrise.game.core.client.BaseClientPulseHandler:27] - send ping, cur NodeId = { RpcNode2000-ConnectTo-RpcNode3 } 
2026-04-13 16:03:43.850 DEBUG [nioEventLoopGroup-3-3] BaseServer [org.sunrise.game.core.server.BaseServerPulseHandler:22] - recv ping, cur NodeId = { RpcNode2000 }, from NodeId = { RpcNode3-ConnectTo-RpcNode2000 }, delay = 0 ms 
2026-04-13 16:03:45.876 DEBUG [nioEventLoopGroup-8-1] BaseClient [org.sunrise.game.core.client.BaseClientPulseHandler:27] - send ping, cur NodeId = { RpcNode2000-ConnectTo-RpcNode2 } 
2026-04-13 16:03:45.935 DEBUG [nioEventLoopGroup-3-4] BaseServer [org.sunrise.game.core.server.BaseServerPulseHandler:22] - recv ping, cur NodeId = { RpcNode2000 }, from NodeId = { RpcNode2-ConnectTo-RpcNode2000 }, delay = 0 ms 
2026-04-13 16:03:49.509 DEBUG [nioEventLoopGroup-5-1] BaseClient [org.sunrise.game.core.client.BaseClientPulseHandler:27] - send ping, cur NodeId = { RpcNode2000-ConnectTo-RpcNode100 } 
2026-04-13 16:03:49.509 DEBUG [nioEventLoopGroup-3-1] BaseServer [org.sunrise.game.core.server.BaseServerPulseHandler:22] - recv ping, cur NodeId = { RpcNode2000 }, from NodeId = { RpcNode100-ConnectTo-RpcNode2000 }, delay = 0 ms 
2026-04-13 16:03:51.536 DEBUG [nioEventLoopGroup-6-1] BaseClient [org.sunrise.game.core.client.BaseClientPulseHandler:27] - send ping, cur NodeId = { RpcNode2000-ConnectTo-RpcNode1000 } 
2026-04-13 16:03:51.588 DEBUG [nioEventLoopGroup-3-2] BaseServer [org.sunrise.game.core.server.BaseServerPulseHandler:22] - recv ping, cur NodeId = { RpcNode2000 }, from NodeId = { RpcNode1000-ConnectTo-RpcNode2000 }, delay = 0 ms 
2026-04-13 16:03:53.793 DEBUG [nioEventLoopGroup-7-1] BaseClient [org.sunrise.game.core.client.BaseClientPulseHandler:27] - send ping, cur NodeId = { RpcNode2000-ConnectTo-RpcNode3 } 
2026-04-13 16:03:53.852 DEBUG [nioEventLoopGroup-3-3] BaseServer [org.sunrise.game.core.server.BaseServerPulseHandler:22] - recv ping, cur NodeId = { RpcNode2000 }, from NodeId = { RpcNode3-ConnectTo-RpcNode2000 }, delay = 0 ms 
2026-04-13 16:03:55.877 DEBUG [nioEventLoopGroup-8-1] BaseClient [org.sunrise.game.core.client.BaseClientPulseHandler:27] - send ping, cur NodeId = { RpcNode2000-ConnectTo-RpcNode2 } 
2026-04-13 16:03:55.936 DEBUG [nioEventLoopGroup-3-4] BaseServer [org.sunrise.game.core.server.BaseServerPulseHandler:22] - recv ping, cur NodeId = { RpcNode2000 }, from NodeId = { RpcNode2-ConnectTo-RpcNode2000 }, delay = 0 ms 
2026-04-13 16:03:59.509 DEBUG [nioEventLoopGroup-5-1] BaseClient [org.sunrise.game.core.client.BaseClientPulseHandler:27] - send ping, cur NodeId = { RpcNode2000-ConnectTo-RpcNode100 } 
2026-04-13 16:03:59.509 DEBUG [nioEventLoopGroup-3-1] BaseServer [org.sunrise.game.core.server.BaseServerPulseHandler:22] - recv ping, cur NodeId = { RpcNode2000 }, from NodeId = { RpcNode100-ConnectTo-RpcNode2000 }, delay = 0 ms 
2026-04-13 16:04:01.537 DEBUG [nioEventLoopGroup-6-1] BaseClient [org.sunrise.game.core.client.BaseClientPulseHandler:27] - send ping, cur NodeId = { RpcNode2000-ConnectTo-RpcNode1000 } 
2026-04-13 16:04:01.588 DEBUG [nioEventLoopGroup-3-2] BaseServer [org.sunrise.game.core.server.BaseServerPulseHandler:22] - recv ping, cur NodeId = { RpcNode2000 }, from NodeId = { RpcNode1000-ConnectTo-RpcNode2000 }, delay = 0 ms 
2026-04-13 16:04:03.793 DEBUG [nioEventLoopGroup-7-1] BaseClient [org.sunrise.game.core.client.BaseClientPulseHandler:27] - send ping, cur NodeId = { RpcNode2000-ConnectTo-RpcNode3 } 
2026-04-13 16:04:03.852 DEBUG [nioEventLoopGroup-3-3] BaseServer [org.sunrise.game.core.server.BaseServerPulseHandler:22] - recv ping, cur NodeId = { RpcNode2000 }, from NodeId = { RpcNode3-ConnectTo-RpcNode2000 }, delay = 0 ms 
2026-04-13 16:04:05.878 DEBUG [nioEventLoopGroup-8-1] BaseClient [org.sunrise.game.core.client.BaseClientPulseHandler:27] - send ping, cur NodeId = { RpcNode2000-ConnectTo-RpcNode2 } 
2026-04-13 16:04:05.937 DEBUG [nioEventLoopGroup-3-4] BaseServer [org.sunrise.game.core.server.BaseServerPulseHandler:22] - recv ping, cur NodeId = { RpcNode2000 }, from NodeId = { RpcNode2-ConnectTo-RpcNode2000 }, delay = 0 ms 
2026-04-13 16:04:09.096 INFO  [CheckMemory] ServerStartUp [org.sunrise.game.utils.Utils:125] - Memory : {  total memory: 256 MB, free memory: 216 MB, used memory: 39 MB } 
2026-04-13 16:04:09.509 DEBUG [nioEventLoopGroup-5-1] BaseClient [org.sunrise.game.core.client.BaseClientPulseHandler:27] - send ping, cur NodeId = { RpcNode2000-ConnectTo-RpcNode100 } 
2026-04-13 16:04:09.509 DEBUG [nioEventLoopGroup-3-1] BaseServer [org.sunrise.game.core.server.BaseServerPulseHandler:22] - recv ping, cur NodeId = { RpcNode2000 }, from NodeId = { RpcNode100-ConnectTo-RpcNode2000 }, delay = 0 ms 
2026-04-13 16:04:11.537 DEBUG [nioEventLoopGroup-6-1] BaseClient [org.sunrise.game.core.client.BaseClientPulseHandler:27] - send ping, cur NodeId = { RpcNode2000-ConnectTo-RpcNode1000 } 
2026-04-13 16:04:11.589 DEBUG [nioEventLoopGroup-3-2] BaseServer [org.sunrise.game.core.server.BaseServerPulseHandler:22] - recv ping, cur NodeId = { RpcNode2000 }, from NodeId = { RpcNode1000-ConnectTo-RpcNode2000 }, delay = 0 ms 
2026-04-13 16:04:13.793 DEBUG [nioEventLoopGroup-7-1] BaseClient [org.sunrise.game.core.client.BaseClientPulseHandler:27] - send ping, cur NodeId = { RpcNode2000-ConnectTo-RpcNode3 } 
2026-04-13 16:04:13.853 DEBUG [nioEventLoopGroup-3-3] BaseServer [org.sunrise.game.core.server.BaseServerPulseHandler:22] - recv ping, cur NodeId = { RpcNode2000 }, from NodeId = { RpcNode3-ConnectTo-RpcNode2000 }, delay = 0 ms 
2026-04-13 16:04:15.878 DEBUG [nioEventLoopGroup-8-1] BaseClient [org.sunrise.game.core.client.BaseClientPulseHandler:27] - send ping, cur NodeId = { RpcNode2000-ConnectTo-RpcNode2 } 
2026-04-13 16:04:15.938 DEBUG [nioEventLoopGroup-3-4] BaseServer [org.sunrise.game.core.server.BaseServerPulseHandler:22] - recv ping, cur NodeId = { RpcNode2000 }, from NodeId = { RpcNode2-ConnectTo-RpcNode2000 }, delay = 0 ms 
2026-04-13 16:04:19.510 DEBUG [nioEventLoopGroup-5-1] BaseClient [org.sunrise.game.core.client.BaseClientPulseHandler:27] - send ping, cur NodeId = { RpcNode2000-ConnectTo-RpcNode100 } 
2026-04-13 16:04:19.510 DEBUG [nioEventLoopGroup-3-1] BaseServer [org.sunrise.game.core.server.BaseServerPulseHandler:22] - recv ping, cur NodeId = { RpcNode2000 }, from NodeId = { RpcNode100-ConnectTo-RpcNode2000 }, delay = 0 ms 
2026-04-13 16:04:21.538 DEBUG [nioEventLoopGroup-6-1] BaseClient [org.sunrise.game.core.client.BaseClientPulseHandler:27] - send ping, cur NodeId = { RpcNode2000-ConnectTo-RpcNode1000 } 
2026-04-13 16:04:21.589 DEBUG [nioEventLoopGroup-3-2] BaseServer [org.sunrise.game.core.server.BaseServerPulseHandler:22] - recv ping, cur NodeId = { RpcNode2000 }, from NodeId = { RpcNode1000-ConnectTo-RpcNode2000 }, delay = 0 ms 
2026-04-13 16:04:23.794 DEBUG [nioEventLoopGroup-7-1] BaseClient [org.sunrise.game.core.client.BaseClientPulseHandler:27] - send ping, cur NodeId = { RpcNode2000-ConnectTo-RpcNode3 } 
2026-04-13 16:04:23.854 DEBUG [nioEventLoopGroup-3-3] BaseServer [org.sunrise.game.core.server.BaseServerPulseHandler:22] - recv ping, cur NodeId = { RpcNode2000 }, from NodeId = { RpcNode3-ConnectTo-RpcNode2000 }, delay = 0 ms 
2026-04-13 16:04:25.879 DEBUG [nioEventLoopGroup-8-1] BaseClient [org.sunrise.game.core.client.BaseClientPulseHandler:27] - send ping, cur NodeId = { RpcNode2000-ConnectTo-RpcNode2 } 
2026-04-13 16:04:25.939 DEBUG [nioEventLoopGroup-3-4] BaseServer [org.sunrise.game.core.server.BaseServerPulseHandler:22] - recv ping, cur NodeId = { RpcNode2000 }, from NodeId = { RpcNode2-ConnectTo-RpcNode2000 }, delay = 0 ms 
2026-04-13 16:04:29.510 DEBUG [nioEventLoopGroup-5-1] BaseClient [org.sunrise.game.core.client.BaseClientPulseHandler:27] - send ping, cur NodeId = { RpcNode2000-ConnectTo-RpcNode100 } 
2026-04-13 16:04:29.510 DEBUG [nioEventLoopGroup-3-1] BaseServer [org.sunrise.game.core.server.BaseServerPulseHandler:22] - recv ping, cur NodeId = { RpcNode2000 }, from NodeId = { RpcNode100-ConnectTo-RpcNode2000 }, delay = 0 ms 
2026-04-13 16:04:31.538 DEBUG [nioEventLoopGroup-6-1] BaseClient [org.sunrise.game.core.client.BaseClientPulseHandler:27] - send ping, cur NodeId = { RpcNode2000-ConnectTo-RpcNode1000 } 
2026-04-13 16:04:31.590 DEBUG [nioEventLoopGroup-3-2] BaseServer [org.sunrise.game.core.server.BaseServerPulseHandler:22] - recv ping, cur NodeId = { RpcNode2000 }, from NodeId = { RpcNode1000-ConnectTo-RpcNode2000 }, delay = 0 ms 
2026-04-13 16:04:33.794 DEBUG [nioEventLoopGroup-7-1] BaseClient [org.sunrise.game.core.client.BaseClientPulseHandler:27] - send ping, cur NodeId = { RpcNode2000-ConnectTo-RpcNode3 } 
2026-04-13 16:04:33.855 DEBUG [nioEventLoopGroup-3-3] BaseServer [org.sunrise.game.core.server.BaseServerPulseHandler:22] - recv ping, cur NodeId = { RpcNode2000 }, from NodeId = { RpcNode3-ConnectTo-RpcNode2000 }, delay = 0 ms 
2026-04-13 16:04:35.880 DEBUG [nioEventLoopGroup-8-1] BaseClient [org.sunrise.game.core.client.BaseClientPulseHandler:27] - send ping, cur NodeId = { RpcNode2000-ConnectTo-RpcNode2 } 
2026-04-13 16:04:35.939 DEBUG [nioEventLoopGroup-3-4] BaseServer [org.sunrise.game.core.server.BaseServerPulseHandler:22] - recv ping, cur NodeId = { RpcNode2000 }, from NodeId = { RpcNode2-ConnectTo-RpcNode2000 }, delay = 0 ms 
2026-04-13 16:04:39.511 DEBUG [nioEventLoopGroup-5-1] BaseClient [org.sunrise.game.core.client.BaseClientPulseHandler:27] - send ping, cur NodeId = { RpcNode2000-ConnectTo-RpcNode100 } 
2026-04-13 16:04:39.511 DEBUG [nioEventLoopGroup-3-1] BaseServer [org.sunrise.game.core.server.BaseServerPulseHandler:22] - recv ping, cur NodeId = { RpcNode2000 }, from NodeId = { RpcNode100-ConnectTo-RpcNode2000 }, delay = 0 ms 
2026-04-13 16:04:41.539 DEBUG [nioEventLoopGroup-6-1] BaseClient [org.sunrise.game.core.client.BaseClientPulseHandler:27] - send ping, cur NodeId = { RpcNode2000-ConnectTo-RpcNode1000 } 
2026-04-13 16:04:41.591 DEBUG [nioEventLoopGroup-3-2] BaseServer [org.sunrise.game.core.server.BaseServerPulseHandler:22] - recv ping, cur NodeId = { RpcNode2000 }, from NodeId = { RpcNode1000-ConnectTo-RpcNode2000 }, delay = 0 ms 
2026-04-13 16:04:43.794 DEBUG [nioEventLoopGroup-7-1] BaseClient [org.sunrise.game.core.client.BaseClientPulseHandler:27] - send ping, cur NodeId = { RpcNode2000-ConnectTo-RpcNode3 } 
2026-04-13 16:04:43.855 DEBUG [nioEventLoopGroup-3-3] BaseServer [org.sunrise.game.core.server.BaseServerPulseHandler:22] - recv ping, cur NodeId = { RpcNode2000 }, from NodeId = { RpcNode3-ConnectTo-RpcNode2000 }, delay = 0 ms 
2026-04-13 16:04:45.881 DEBUG [nioEventLoopGroup-8-1] BaseClient [org.sunrise.game.core.client.BaseClientPulseHandler:27] - send ping, cur NodeId = { RpcNode2000-ConnectTo-RpcNode2 } 
2026-04-13 16:04:45.940 DEBUG [nioEventLoopGroup-3-4] BaseServer [org.sunrise.game.core.server.BaseServerPulseHandler:22] - recv ping, cur NodeId = { RpcNode2000 }, from NodeId = { RpcNode2-ConnectTo-RpcNode2000 }, delay = 0 ms 
2026-04-13 16:04:49.511 DEBUG [nioEventLoopGroup-5-1] BaseClient [org.sunrise.game.core.client.BaseClientPulseHandler:27] - send ping, cur NodeId = { RpcNode2000-ConnectTo-RpcNode100 } 
2026-04-13 16:04:49.511 DEBUG [nioEventLoopGroup-3-1] BaseServer [org.sunrise.game.core.server.BaseServerPulseHandler:22] - recv ping, cur NodeId = { RpcNode2000 }, from NodeId = { RpcNode100-ConnectTo-RpcNode2000 }, delay = 0 ms 
2026-04-13 16:04:51.539 DEBUG [nioEventLoopGroup-6-1] BaseClient [org.sunrise.game.core.client.BaseClientPulseHandler:27] - send ping, cur NodeId = { RpcNode2000-ConnectTo-RpcNode1000 } 
2026-04-13 16:04:51.591 DEBUG [nioEventLoopGroup-3-2] BaseServer [org.sunrise.game.core.server.BaseServerPulseHandler:22] - recv ping, cur NodeId = { RpcNode2000 }, from NodeId = { RpcNode1000-ConnectTo-RpcNode2000 }, delay = 0 ms 
2026-04-13 16:04:53.794 DEBUG [nioEventLoopGroup-7-1] BaseClient [org.sunrise.game.core.client.BaseClientPulseHandler:27] - send ping, cur NodeId = { RpcNode2000-ConnectTo-RpcNode3 } 
2026-04-13 16:04:53.855 DEBUG [nioEventLoopGroup-3-3] BaseServer [org.sunrise.game.core.server.BaseServerPulseHandler:22] - recv ping, cur NodeId = { RpcNode2000 }, from NodeId = { RpcNode3-ConnectTo-RpcNode2000 }, delay = 0 ms 
2026-04-13 16:04:55.882 DEBUG [nioEventLoopGroup-8-1] BaseClient [org.sunrise.game.core.client.BaseClientPulseHandler:27] - send ping, cur NodeId = { RpcNode2000-ConnectTo-RpcNode2 } 
2026-04-13 16:04:55.940 DEBUG [nioEventLoopGroup-3-4] BaseServer [org.sunrise.game.core.server.BaseServerPulseHandler:22] - recv ping, cur NodeId = { RpcNode2000 }, from NodeId = { RpcNode2-ConnectTo-RpcNode2000 }, delay = 0 ms 
2026-04-13 16:04:59.511 DEBUG [nioEventLoopGroup-5-1] BaseClient [org.sunrise.game.core.client.BaseClientPulseHandler:27] - send ping, cur NodeId = { RpcNode2000-ConnectTo-RpcNode100 } 
2026-04-13 16:04:59.511 DEBUG [nioEventLoopGroup-3-1] BaseServer [org.sunrise.game.core.server.BaseServerPulseHandler:22] - recv ping, cur NodeId = { RpcNode2000 }, from NodeId = { RpcNode100-ConnectTo-RpcNode2000 }, delay = 0 ms 
2026-04-13 16:05:01.539 DEBUG [nioEventLoopGroup-6-1] BaseClient [org.sunrise.game.core.client.BaseClientPulseHandler:27] - send ping, cur NodeId = { RpcNode2000-ConnectTo-RpcNode1000 } 
2026-04-13 16:05:01.592 DEBUG [nioEventLoopGroup-3-2] BaseServer [org.sunrise.game.core.server.BaseServerPulseHandler:22] - recv ping, cur NodeId = { RpcNode2000 }, from NodeId = { RpcNode1000-ConnectTo-RpcNode2000 }, delay = 0 ms 
2026-04-13 16:05:03.794 DEBUG [nioEventLoopGroup-7-1] BaseClient [org.sunrise.game.core.client.BaseClientPulseHandler:27] - send ping, cur NodeId = { RpcNode2000-ConnectTo-RpcNode3 } 
2026-04-13 16:05:03.856 DEBUG [nioEventLoopGroup-3-3] BaseServer [org.sunrise.game.core.server.BaseServerPulseHandler:22] - recv ping, cur NodeId = { RpcNode2000 }, from NodeId = { RpcNode3-ConnectTo-RpcNode2000 }, delay = 0 ms 
2026-04-13 16:05:05.883 DEBUG [nioEventLoopGroup-8-1] BaseClient [org.sunrise.game.core.client.BaseClientPulseHandler:27] - send ping, cur NodeId = { RpcNode2000-ConnectTo-RpcNode2 } 
2026-04-13 16:05:05.940 DEBUG [nioEventLoopGroup-3-4] BaseServer [org.sunrise.game.core.server.BaseServerPulseHandler:22] - recv ping, cur NodeId = { RpcNode2000 }, from NodeId = { RpcNode2-ConnectTo-RpcNode2000 }, delay = 0 ms 
2026-04-13 16:05:09.097 INFO  [CheckMemory] ServerStartUp [org.sunrise.game.utils.Utils:125] - Memory : {  total memory: 256 MB, free memory: 215 MB, used memory: 40 MB } 
2026-04-13 16:05:09.511 DEBUG [nioEventLoopGroup-5-1] BaseClient [org.sunrise.game.core.client.BaseClientPulseHandler:27] - send ping, cur NodeId = { RpcNode2000-ConnectTo-RpcNode100 } 
2026-04-13 16:05:09.511 DEBUG [nioEventLoopGroup-3-1] BaseServer [org.sunrise.game.core.server.BaseServerPulseHandler:22] - recv ping, cur NodeId = { RpcNode2000 }, from NodeId = { RpcNode100-ConnectTo-RpcNode2000 }, delay = 0 ms 
2026-04-13 16:05:11.540 DEBUG [nioEventLoopGroup-6-1] BaseClient [org.sunrise.game.core.client.BaseClientPulseHandler:27] - send ping, cur NodeId = { RpcNode2000-ConnectTo-RpcNode1000 } 
2026-04-13 16:05:11.592 DEBUG [nioEventLoopGroup-3-2] BaseServer [org.sunrise.game.core.server.BaseServerPulseHandler:22] - recv ping, cur NodeId = { RpcNode2000 }, from NodeId = { RpcNode1000-ConnectTo-RpcNode2000 }, delay = 0 ms 
2026-04-13 16:05:13.796 DEBUG [nioEventLoopGroup-7-1] BaseClient [org.sunrise.game.core.client.BaseClientPulseHandler:27] - send ping, cur NodeId = { RpcNode2000-ConnectTo-RpcNode3 } 
2026-04-13 16:05:13.856 DEBUG [nioEventLoopGroup-3-3] BaseServer [org.sunrise.game.core.server.BaseServerPulseHandler:22] - recv ping, cur NodeId = { RpcNode2000 }, from NodeId = { RpcNode3-ConnectTo-RpcNode2000 }, delay = 0 ms 
2026-04-13 16:05:15.884 DEBUG [nioEventLoopGroup-8-1] BaseClient [org.sunrise.game.core.client.BaseClientPulseHandler:27] - send ping, cur NodeId = { RpcNode2000-ConnectTo-RpcNode2 } 
2026-04-13 16:05:15.941 DEBUG [nioEventLoopGroup-3-4] BaseServer [org.sunrise.game.core.server.BaseServerPulseHandler:22] - recv ping, cur NodeId = { RpcNode2000 }, from NodeId = { RpcNode2-ConnectTo-RpcNode2000 }, delay = 0 ms 
2026-04-13 16:05:19.511 DEBUG [nioEventLoopGroup-5-1] BaseClient [org.sunrise.game.core.client.BaseClientPulseHandler:27] - send ping, cur NodeId = { RpcNode2000-ConnectTo-RpcNode100 } 
2026-04-13 16:05:19.511 DEBUG [nioEventLoopGroup-3-1] BaseServer [org.sunrise.game.core.server.BaseServerPulseHandler:22] - recv ping, cur NodeId = { RpcNode2000 }, from NodeId = { RpcNode100-ConnectTo-RpcNode2000 }, delay = 0 ms 
2026-04-13 16:05:21.540 DEBUG [nioEventLoopGroup-6-1] BaseClient [org.sunrise.game.core.client.BaseClientPulseHandler:27] - send ping, cur NodeId = { RpcNode2000-ConnectTo-RpcNode1000 } 
2026-04-13 16:05:21.593 DEBUG [nioEventLoopGroup-3-2] BaseServer [org.sunrise.game.core.server.BaseServerPulseHandler:22] - recv ping, cur NodeId = { RpcNode2000 }, from NodeId = { RpcNode1000-ConnectTo-RpcNode2000 }, delay = 0 ms 
2026-04-13 16:05:23.796 DEBUG [nioEventLoopGroup-7-1] BaseClient [org.sunrise.game.core.client.BaseClientPulseHandler:27] - send ping, cur NodeId = { RpcNode2000-ConnectTo-RpcNode3 } 
2026-04-13 16:05:23.856 DEBUG [nioEventLoopGroup-3-3] BaseServer [org.sunrise.game.core.server.BaseServerPulseHandler:22] - recv ping, cur NodeId = { RpcNode2000 }, from NodeId = { RpcNode3-ConnectTo-RpcNode2000 }, delay = 0 ms 
2026-04-13 16:05:25.885 DEBUG [nioEventLoopGroup-8-1] BaseClient [org.sunrise.game.core.client.BaseClientPulseHandler:27] - send ping, cur NodeId = { RpcNode2000-ConnectTo-RpcNode2 } 
2026-04-13 16:05:25.941 DEBUG [nioEventLoopGroup-3-4] BaseServer [org.sunrise.game.core.server.BaseServerPulseHandler:22] - recv ping, cur NodeId = { RpcNode2000 }, from NodeId = { RpcNode2-ConnectTo-RpcNode2000 }, delay = 0 ms 
2026-04-13 16:05:29.512 DEBUG [nioEventLoopGroup-5-1] BaseClient [org.sunrise.game.core.client.BaseClientPulseHandler:27] - send ping, cur NodeId = { RpcNode2000-ConnectTo-RpcNode100 } 
2026-04-13 16:05:29.512 DEBUG [nioEventLoopGroup-3-1] BaseServer [org.sunrise.game.core.server.BaseServerPulseHandler:22] - recv ping, cur NodeId = { RpcNode2000 }, from NodeId = { RpcNode100-ConnectTo-RpcNode2000 }, delay = 0 ms 
2026-04-13 16:05:31.540 DEBUG [nioEventLoopGroup-6-1] BaseClient [org.sunrise.game.core.client.BaseClientPulseHandler:27] - send ping, cur NodeId = { RpcNode2000-ConnectTo-RpcNode1000 } 
2026-04-13 16:05:31.593 DEBUG [nioEventLoopGroup-3-2] BaseServer [org.sunrise.game.core.server.BaseServerPulseHandler:22] - recv ping, cur NodeId = { RpcNode2000 }, from NodeId = { RpcNode1000-ConnectTo-RpcNode2000 }, delay = 0 ms 
2026-04-13 16:05:33.797 DEBUG [nioEventLoopGroup-7-1] BaseClient [org.sunrise.game.core.client.BaseClientPulseHandler:27] - send ping, cur NodeId = { RpcNode2000-ConnectTo-RpcNode3 } 
2026-04-13 16:05:33.856 DEBUG [nioEventLoopGroup-3-3] BaseServer [org.sunrise.game.core.server.BaseServerPulseHandler:22] - recv ping, cur NodeId = { RpcNode2000 }, from NodeId = { RpcNode3-ConnectTo-RpcNode2000 }, delay = 0 ms 
2026-04-13 16:05:35.886 DEBUG [nioEventLoopGroup-8-1] BaseClient [org.sunrise.game.core.client.BaseClientPulseHandler:27] - send ping, cur NodeId = { RpcNode2000-ConnectTo-RpcNode2 } 
2026-04-13 16:05:35.941 DEBUG [nioEventLoopGroup-3-4] BaseServer [org.sunrise.game.core.server.BaseServerPulseHandler:22] - recv ping, cur NodeId = { RpcNode2000 }, from NodeId = { RpcNode2-ConnectTo-RpcNode2000 }, delay = 0 ms 
2026-04-13 16:05:39.513 DEBUG [nioEventLoopGroup-5-1] BaseClient [org.sunrise.game.core.client.BaseClientPulseHandler:27] - send ping, cur NodeId = { RpcNode2000-ConnectTo-RpcNode100 } 
2026-04-13 16:05:39.513 DEBUG [nioEventLoopGroup-3-1] BaseServer [org.sunrise.game.core.server.BaseServerPulseHandler:22] - recv ping, cur NodeId = { RpcNode2000 }, from NodeId = { RpcNode100-ConnectTo-RpcNode2000 }, delay = 0 ms 
2026-04-13 16:05:41.540 DEBUG [nioEventLoopGroup-6-1] BaseClient [org.sunrise.game.core.client.BaseClientPulseHandler:27] - send ping, cur NodeId = { RpcNode2000-ConnectTo-RpcNode1000 } 
2026-04-13 16:05:41.594 DEBUG [nioEventLoopGroup-3-2] BaseServer [org.sunrise.game.core.server.BaseServerPulseHandler:22] - recv ping, cur NodeId = { RpcNode2000 }, from NodeId = { RpcNode1000-ConnectTo-RpcNode2000 }, delay = 0 ms 
2026-04-13 16:05:43.799 DEBUG [nioEventLoopGroup-7-1] BaseClient [org.sunrise.game.core.client.BaseClientPulseHandler:27] - send ping, cur NodeId = { RpcNode2000-ConnectTo-RpcNode3 } 
2026-04-13 16:05:43.856 DEBUG [nioEventLoopGroup-3-3] BaseServer [org.sunrise.game.core.server.BaseServerPulseHandler:22] - recv ping, cur NodeId = { RpcNode2000 }, from NodeId = { RpcNode3-ConnectTo-RpcNode2000 }, delay = 0 ms 
2026-04-13 16:05:45.885 DEBUG [nioEventLoopGroup-8-1] BaseClient [org.sunrise.game.core.client.BaseClientPulseHandler:27] - send ping, cur NodeId = { RpcNode2000-ConnectTo-RpcNode2 } 
2026-04-13 16:05:45.942 DEBUG [nioEventLoopGroup-3-4] BaseServer [org.sunrise.game.core.server.BaseServerPulseHandler:22] - recv ping, cur NodeId = { RpcNode2000 }, from NodeId = { RpcNode2-ConnectTo-RpcNode2000 }, delay = 0 ms 
2026-04-13 16:05:49.512 DEBUG [nioEventLoopGroup-5-1] BaseClient [org.sunrise.game.core.client.BaseClientPulseHandler:27] - send ping, cur NodeId = { RpcNode2000-ConnectTo-RpcNode100 } 
2026-04-13 16:05:49.512 DEBUG [nioEventLoopGroup-3-1] BaseServer [org.sunrise.game.core.server.BaseServerPulseHandler:22] - recv ping, cur NodeId = { RpcNode2000 }, from NodeId = { RpcNode100-ConnectTo-RpcNode2000 }, delay = 0 ms 
2026-04-13 16:05:51.542 DEBUG [nioEventLoopGroup-6-1] BaseClient [org.sunrise.game.core.client.BaseClientPulseHandler:27] - send ping, cur NodeId = { RpcNode2000-ConnectTo-RpcNode1000 } 
2026-04-13 16:05:51.594 DEBUG [nioEventLoopGroup-3-2] BaseServer [org.sunrise.game.core.server.BaseServerPulseHandler:22] - recv ping, cur NodeId = { RpcNode2000 }, from NodeId = { RpcNode1000-ConnectTo-RpcNode2000 }, delay = 0 ms 
2026-04-13 16:05:53.800 DEBUG [nioEventLoopGroup-7-1] BaseClient [org.sunrise.game.core.client.BaseClientPulseHandler:27] - send ping, cur NodeId = { RpcNode2000-ConnectTo-RpcNode3 } 
2026-04-13 16:05:53.857 DEBUG [nioEventLoopGroup-3-3] BaseServer [org.sunrise.game.core.server.BaseServerPulseHandler:22] - recv ping, cur NodeId = { RpcNode2000 }, from NodeId = { RpcNode3-ConnectTo-RpcNode2000 }, delay = 0 ms 
2026-04-13 16:05:55.886 DEBUG [nioEventLoopGroup-8-1] BaseClient [org.sunrise.game.core.client.BaseClientPulseHandler:27] - send ping, cur NodeId = { RpcNode2000-ConnectTo-RpcNode2 } 
2026-04-13 16:05:55.943 DEBUG [nioEventLoopGroup-3-4] BaseServer [org.sunrise.game.core.server.BaseServerPulseHandler:22] - recv ping, cur NodeId = { RpcNode2000 }, from NodeId = { RpcNode2-ConnectTo-RpcNode2000 }, delay = 0 ms 
2026-04-13 16:05:59.513 DEBUG [nioEventLoopGroup-5-1] BaseClient [org.sunrise.game.core.client.BaseClientPulseHandler:27] - send ping, cur NodeId = { RpcNode2000-ConnectTo-RpcNode100 } 
2026-04-13 16:05:59.513 DEBUG [nioEventLoopGroup-3-1] BaseServer [org.sunrise.game.core.server.BaseServerPulseHandler:22] - recv ping, cur NodeId = { RpcNode2000 }, from NodeId = { RpcNode100-ConnectTo-RpcNode2000 }, delay = 0 ms 
2026-04-13 16:06:01.542 DEBUG [nioEventLoopGroup-6-1] BaseClient [org.sunrise.game.core.client.BaseClientPulseHandler:27] - send ping, cur NodeId = { RpcNode2000-ConnectTo-RpcNode1000 } 
2026-04-13 16:06:01.595 DEBUG [nioEventLoopGroup-3-2] BaseServer [org.sunrise.game.core.server.BaseServerPulseHandler:22] - recv ping, cur NodeId = { RpcNode2000 }, from NodeId = { RpcNode1000-ConnectTo-RpcNode2000 }, delay = 0 ms 
2026-04-13 16:06:03.801 DEBUG [nioEventLoopGroup-7-1] BaseClient [org.sunrise.game.core.client.BaseClientPulseHandler:27] - send ping, cur NodeId = { RpcNode2000-ConnectTo-RpcNode3 } 
2026-04-13 16:06:03.858 DEBUG [nioEventLoopGroup-3-3] BaseServer [org.sunrise.game.core.server.BaseServerPulseHandler:22] - recv ping, cur NodeId = { RpcNode2000 }, from NodeId = { RpcNode3-ConnectTo-RpcNode2000 }, delay = 0 ms 
2026-04-13 16:06:05.886 DEBUG [nioEventLoopGroup-8-1] BaseClient [org.sunrise.game.core.client.BaseClientPulseHandler:27] - send ping, cur NodeId = { RpcNode2000-ConnectTo-RpcNode2 } 
2026-04-13 16:06:05.943 DEBUG [nioEventLoopGroup-3-4] BaseServer [org.sunrise.game.core.server.BaseServerPulseHandler:22] - recv ping, cur NodeId = { RpcNode2000 }, from NodeId = { RpcNode2-ConnectTo-RpcNode2000 }, delay = 0 ms 
2026-04-13 16:06:09.099 INFO  [CheckMemory] ServerStartUp [org.sunrise.game.utils.Utils:125] - Memory : {  total memory: 256 MB, free memory: 215 MB, used memory: 40 MB } 
2026-04-13 16:06:09.514 DEBUG [nioEventLoopGroup-5-1] BaseClient [org.sunrise.game.core.client.BaseClientPulseHandler:27] - send ping, cur NodeId = { RpcNode2000-ConnectTo-RpcNode100 } 
2026-04-13 16:06:09.514 DEBUG [nioEventLoopGroup-3-1] BaseServer [org.sunrise.game.core.server.BaseServerPulseHandler:22] - recv ping, cur NodeId = { RpcNode2000 }, from NodeId = { RpcNode100-ConnectTo-RpcNode2000 }, delay = 0 ms 
2026-04-13 16:06:11.542 DEBUG [nioEventLoopGroup-6-1] BaseClient [org.sunrise.game.core.client.BaseClientPulseHandler:27] - send ping, cur NodeId = { RpcNode2000-ConnectTo-RpcNode1000 } 
2026-04-13 16:06:11.596 DEBUG [nioEventLoopGroup-3-2] BaseServer [org.sunrise.game.core.server.BaseServerPulseHandler:22] - recv ping, cur NodeId = { RpcNode2000 }, from NodeId = { RpcNode1000-ConnectTo-RpcNode2000 }, delay = 0 ms 
2026-04-13 16:06:13.801 DEBUG [nioEventLoopGroup-7-1] BaseClient [org.sunrise.game.core.client.BaseClientPulseHandler:27] - send ping, cur NodeId = { RpcNode2000-ConnectTo-RpcNode3 } 
2026-04-13 16:06:13.858 DEBUG [nioEventLoopGroup-3-3] BaseServer [org.sunrise.game.core.server.BaseServerPulseHandler:22] - recv ping, cur NodeId = { RpcNode2000 }, from NodeId = { RpcNode3-ConnectTo-RpcNode2000 }, delay = 0 ms 
2026-04-13 16:06:15.887 DEBUG [nioEventLoopGroup-8-1] BaseClient [org.sunrise.game.core.client.BaseClientPulseHandler:27] - send ping, cur NodeId = { RpcNode2000-ConnectTo-RpcNode2 } 
2026-04-13 16:06:15.944 DEBUG [nioEventLoopGroup-3-4] BaseServer [org.sunrise.game.core.server.BaseServerPulseHandler:22] - recv ping, cur NodeId = { RpcNode2000 }, from NodeId = { RpcNode2-ConnectTo-RpcNode2000 }, delay = 0 ms 
2026-04-13 16:06:19.514 DEBUG [nioEventLoopGroup-5-1] BaseClient [org.sunrise.game.core.client.BaseClientPulseHandler:27] - send ping, cur NodeId = { RpcNode2000-ConnectTo-RpcNode100 } 
2026-04-13 16:06:19.514 DEBUG [nioEventLoopGroup-3-1] BaseServer [org.sunrise.game.core.server.BaseServerPulseHandler:22] - recv ping, cur NodeId = { RpcNode2000 }, from NodeId = { RpcNode100-ConnectTo-RpcNode2000 }, delay = 0 ms 
2026-04-13 16:06:21.543 DEBUG [nioEventLoopGroup-6-1] BaseClient [org.sunrise.game.core.client.BaseClientPulseHandler:27] - send ping, cur NodeId = { RpcNode2000-ConnectTo-RpcNode1000 } 
2026-04-13 16:06:21.597 DEBUG [nioEventLoopGroup-3-2] BaseServer [org.sunrise.game.core.server.BaseServerPulseHandler:22] - recv ping, cur NodeId = { RpcNode2000 }, from NodeId = { RpcNode1000-ConnectTo-RpcNode2000 }, delay = 0 ms 
2026-04-13 16:06:23.802 DEBUG [nioEventLoopGroup-7-1] BaseClient [org.sunrise.game.core.client.BaseClientPulseHandler:27] - send ping, cur NodeId = { RpcNode2000-ConnectTo-RpcNode3 } 
2026-04-13 16:06:23.858 DEBUG [nioEventLoopGroup-3-3] BaseServer [org.sunrise.game.core.server.BaseServerPulseHandler:22] - recv ping, cur NodeId = { RpcNode2000 }, from NodeId = { RpcNode3-ConnectTo-RpcNode2000 }, delay = 0 ms 
2026-04-13 16:06:25.887 DEBUG [nioEventLoopGroup-8-1] BaseClient [org.sunrise.game.core.client.BaseClientPulseHandler:27] - send ping, cur NodeId = { RpcNode2000-ConnectTo-RpcNode2 } 
2026-04-13 16:06:25.944 DEBUG [nioEventLoopGroup-3-4] BaseServer [org.sunrise.game.core.server.BaseServerPulseHandler:22] - recv ping, cur NodeId = { RpcNode2000 }, from NodeId = { RpcNode2-ConnectTo-RpcNode2000 }, delay = 0 ms 
2026-04-13 16:06:29.514 DEBUG [nioEventLoopGroup-5-1] BaseClient [org.sunrise.game.core.client.BaseClientPulseHandler:27] - send ping, cur NodeId = { RpcNode2000-ConnectTo-RpcNode100 } 
2026-04-13 16:06:29.514 DEBUG [nioEventLoopGroup-3-1] BaseServer [org.sunrise.game.core.server.BaseServerPulseHandler:22] - recv ping, cur NodeId = { RpcNode2000 }, from NodeId = { RpcNode100-ConnectTo-RpcNode2000 }, delay = 0 ms 
2026-04-13 16:06:31.543 DEBUG [nioEventLoopGroup-6-1] BaseClient [org.sunrise.game.core.client.BaseClientPulseHandler:27] - send ping, cur NodeId = { RpcNode2000-ConnectTo-RpcNode1000 } 
2026-04-13 16:06:31.598 DEBUG [nioEventLoopGroup-3-2] BaseServer [org.sunrise.game.core.server.BaseServerPulseHandler:22] - recv ping, cur NodeId = { RpcNode2000 }, from NodeId = { RpcNode1000-ConnectTo-RpcNode2000 }, delay = 0 ms 
2026-04-13 16:06:33.801 DEBUG [nioEventLoopGroup-7-1] BaseClient [org.sunrise.game.core.client.BaseClientPulseHandler:27] - send ping, cur NodeId = { RpcNode2000-ConnectTo-RpcNode3 } 
2026-04-13 16:06:33.859 DEBUG [nioEventLoopGroup-3-3] BaseServer [org.sunrise.game.core.server.BaseServerPulseHandler:22] - recv ping, cur NodeId = { RpcNode2000 }, from NodeId = { RpcNode3-ConnectTo-RpcNode2000 }, delay = 0 ms 
2026-04-13 16:06:35.888 DEBUG [nioEventLoopGroup-8-1] BaseClient [org.sunrise.game.core.client.BaseClientPulseHandler:27] - send ping, cur NodeId = { RpcNode2000-ConnectTo-RpcNode2 } 
2026-04-13 16:06:35.945 DEBUG [nioEventLoopGroup-3-4] BaseServer [org.sunrise.game.core.server.BaseServerPulseHandler:22] - recv ping, cur NodeId = { RpcNode2000 }, from NodeId = { RpcNode2-ConnectTo-RpcNode2000 }, delay = 0 ms 
2026-04-13 16:06:39.514 DEBUG [nioEventLoopGroup-3-1] BaseServer [org.sunrise.game.core.server.BaseServerPulseHandler:22] - recv ping, cur NodeId = { RpcNode2000 }, from NodeId = { RpcNode100-ConnectTo-RpcNode2000 }, delay = 0 ms 
2026-04-13 16:06:39.515 DEBUG [nioEventLoopGroup-5-1] BaseClient [org.sunrise.game.core.client.BaseClientPulseHandler:27] - send ping, cur NodeId = { RpcNode2000-ConnectTo-RpcNode100 } 
2026-04-13 16:06:41.543 DEBUG [nioEventLoopGroup-6-1] BaseClient [org.sunrise.game.core.client.BaseClientPulseHandler:27] - send ping, cur NodeId = { RpcNode2000-ConnectTo-RpcNode1000 } 
2026-04-13 16:06:41.600 DEBUG [nioEventLoopGroup-3-2] BaseServer [org.sunrise.game.core.server.BaseServerPulseHandler:22] - recv ping, cur NodeId = { RpcNode2000 }, from NodeId = { RpcNode1000-ConnectTo-RpcNode2000 }, delay = 0 ms 
2026-04-13 16:06:43.802 DEBUG [nioEventLoopGroup-7-1] BaseClient [org.sunrise.game.core.client.BaseClientPulseHandler:27] - send ping, cur NodeId = { RpcNode2000-ConnectTo-RpcNode3 } 
2026-04-13 16:06:43.859 DEBUG [nioEventLoopGroup-3-3] BaseServer [org.sunrise.game.core.server.BaseServerPulseHandler:22] - recv ping, cur NodeId = { RpcNode2000 }, from NodeId = { RpcNode3-ConnectTo-RpcNode2000 }, delay = 0 ms 
2026-04-13 16:06:45.888 DEBUG [nioEventLoopGroup-8-1] BaseClient [org.sunrise.game.core.client.BaseClientPulseHandler:27] - send ping, cur NodeId = { RpcNode2000-ConnectTo-RpcNode2 } 
2026-04-13 16:06:45.945 DEBUG [nioEventLoopGroup-3-4] BaseServer [org.sunrise.game.core.server.BaseServerPulseHandler:22] - recv ping, cur NodeId = { RpcNode2000 }, from NodeId = { RpcNode2-ConnectTo-RpcNode2000 }, delay = 0 ms 
2026-04-13 16:06:49.516 DEBUG [nioEventLoopGroup-5-1] BaseClient [org.sunrise.game.core.client.BaseClientPulseHandler:27] - send ping, cur NodeId = { RpcNode2000-ConnectTo-RpcNode100 } 
2026-04-13 16:06:49.516 DEBUG [nioEventLoopGroup-3-1] BaseServer [org.sunrise.game.core.server.BaseServerPulseHandler:22] - recv ping, cur NodeId = { RpcNode2000 }, from NodeId = { RpcNode100-ConnectTo-RpcNode2000 }, delay = 0 ms 
2026-04-13 16:06:51.543 DEBUG [nioEventLoopGroup-6-1] BaseClient [org.sunrise.game.core.client.BaseClientPulseHandler:27] - send ping, cur NodeId = { RpcNode2000-ConnectTo-RpcNode1000 } 
2026-04-13 16:06:51.600 DEBUG [nioEventLoopGroup-3-2] BaseServer [org.sunrise.game.core.server.BaseServerPulseHandler:22] - recv ping, cur NodeId = { RpcNode2000 }, from NodeId = { RpcNode1000-ConnectTo-RpcNode2000 }, delay = 0 ms 
2026-04-13 16:06:53.803 DEBUG [nioEventLoopGroup-7-1] BaseClient [org.sunrise.game.core.client.BaseClientPulseHandler:27] - send ping, cur NodeId = { RpcNode2000-ConnectTo-RpcNode3 } 
2026-04-13 16:06:53.861 DEBUG [nioEventLoopGroup-3-3] BaseServer [org.sunrise.game.core.server.BaseServerPulseHandler:22] - recv ping, cur NodeId = { RpcNode2000 }, from NodeId = { RpcNode3-ConnectTo-RpcNode2000 }, delay = 0 ms 
2026-04-13 16:06:55.889 DEBUG [nioEventLoopGroup-8-1] BaseClient [org.sunrise.game.core.client.BaseClientPulseHandler:27] - send ping, cur NodeId = { RpcNode2000-ConnectTo-RpcNode2 } 
2026-04-13 16:06:55.945 DEBUG [nioEventLoopGroup-3-4] BaseServer [org.sunrise.game.core.server.BaseServerPulseHandler:22] - recv ping, cur NodeId = { RpcNode2000 }, from NodeId = { RpcNode2-ConnectTo-RpcNode2000 }, delay = 0 ms 
2026-04-13 16:06:59.516 DEBUG [nioEventLoopGroup-3-1] BaseServer [org.sunrise.game.core.server.BaseServerPulseHandler:22] - recv ping, cur NodeId = { RpcNode2000 }, from NodeId = { RpcNode100-ConnectTo-RpcNode2000 }, delay = 0 ms 
2026-04-13 16:06:59.516 DEBUG [nioEventLoopGroup-5-1] BaseClient [org.sunrise.game.core.client.BaseClientPulseHandler:27] - send ping, cur NodeId = { RpcNode2000-ConnectTo-RpcNode100 } 
2026-04-13 16:07:01.543 DEBUG [nioEventLoopGroup-6-1] BaseClient [org.sunrise.game.core.client.BaseClientPulseHandler:27] - send ping, cur NodeId = { RpcNode2000-ConnectTo-RpcNode1000 } 
2026-04-13 16:07:01.600 DEBUG [nioEventLoopGroup-3-2] BaseServer [org.sunrise.game.core.server.BaseServerPulseHandler:22] - recv ping, cur NodeId = { RpcNode2000 }, from NodeId = { RpcNode1000-ConnectTo-RpcNode2000 }, delay = 0 ms 
2026-04-13 16:07:03.803 DEBUG [nioEventLoopGroup-7-1] BaseClient [org.sunrise.game.core.client.BaseClientPulseHandler:27] - send ping, cur NodeId = { RpcNode2000-ConnectTo-RpcNode3 } 
2026-04-13 16:07:03.860 DEBUG [nioEventLoopGroup-3-3] BaseServer [org.sunrise.game.core.server.BaseServerPulseHandler:22] - recv ping, cur NodeId = { RpcNode2000 }, from NodeId = { RpcNode3-ConnectTo-RpcNode2000 }, delay = 0 ms 
2026-04-13 16:07:05.890 DEBUG [nioEventLoopGroup-8-1] BaseClient [org.sunrise.game.core.client.BaseClientPulseHandler:27] - send ping, cur NodeId = { RpcNode2000-ConnectTo-RpcNode2 } 
2026-04-13 16:07:05.946 DEBUG [nioEventLoopGroup-3-4] BaseServer [org.sunrise.game.core.server.BaseServerPulseHandler:22] - recv ping, cur NodeId = { RpcNode2000 }, from NodeId = { RpcNode2-ConnectTo-RpcNode2000 }, delay = 0 ms 
2026-04-13 16:07:09.101 INFO  [CheckMemory] ServerStartUp [org.sunrise.game.utils.Utils:125] - Memory : {  total memory: 256 MB, free memory: 215 MB, used memory: 40 MB } 
2026-04-13 16:07:09.516 DEBUG [nioEventLoopGroup-3-1] BaseServer [org.sunrise.game.core.server.BaseServerPulseHandler:22] - recv ping, cur NodeId = { RpcNode2000 }, from NodeId = { RpcNode100-ConnectTo-RpcNode2000 }, delay = 0 ms 
2026-04-13 16:07:09.518 DEBUG [nioEventLoopGroup-5-1] BaseClient [org.sunrise.game.core.client.BaseClientPulseHandler:27] - send ping, cur NodeId = { RpcNode2000-ConnectTo-RpcNode100 } 
2026-04-13 16:07:11.545 DEBUG [nioEventLoopGroup-6-1] BaseClient [org.sunrise.game.core.client.BaseClientPulseHandler:27] - send ping, cur NodeId = { RpcNode2000-ConnectTo-RpcNode1000 } 
2026-04-13 16:07:11.601 DEBUG [nioEventLoopGroup-3-2] BaseServer [org.sunrise.game.core.server.BaseServerPulseHandler:22] - recv ping, cur NodeId = { RpcNode2000 }, from NodeId = { RpcNode1000-ConnectTo-RpcNode2000 }, delay = 0 ms 
2026-04-13 16:07:13.804 DEBUG [nioEventLoopGroup-7-1] BaseClient [org.sunrise.game.core.client.BaseClientPulseHandler:27] - send ping, cur NodeId = { RpcNode2000-ConnectTo-RpcNode3 } 
2026-04-13 16:07:13.861 DEBUG [nioEventLoopGroup-3-3] BaseServer [org.sunrise.game.core.server.BaseServerPulseHandler:22] - recv ping, cur NodeId = { RpcNode2000 }, from NodeId = { RpcNode3-ConnectTo-RpcNode2000 }, delay = 0 ms 
2026-04-13 16:07:15.890 DEBUG [nioEventLoopGroup-8-1] BaseClient [org.sunrise.game.core.client.BaseClientPulseHandler:27] - send ping, cur NodeId = { RpcNode2000-ConnectTo-RpcNode2 } 
2026-04-13 16:07:15.946 DEBUG [nioEventLoopGroup-3-4] BaseServer [org.sunrise.game.core.server.BaseServerPulseHandler:22] - recv ping, cur NodeId = { RpcNode2000 }, from NodeId = { RpcNode2-ConnectTo-RpcNode2000 }, delay = 0 ms 
2026-04-13 16:07:19.517 DEBUG [nioEventLoopGroup-3-1] BaseServer [org.sunrise.game.core.server.BaseServerPulseHandler:22] - recv ping, cur NodeId = { RpcNode2000 }, from NodeId = { RpcNode100-ConnectTo-RpcNode2000 }, delay = 0 ms 
2026-04-13 16:07:19.518 DEBUG [nioEventLoopGroup-5-1] BaseClient [org.sunrise.game.core.client.BaseClientPulseHandler:27] - send ping, cur NodeId = { RpcNode2000-ConnectTo-RpcNode100 } 
2026-04-13 16:07:21.546 DEBUG [nioEventLoopGroup-6-1] BaseClient [org.sunrise.game.core.client.BaseClientPulseHandler:27] - send ping, cur NodeId = { RpcNode2000-ConnectTo-RpcNode1000 } 
2026-04-13 16:07:21.601 DEBUG [nioEventLoopGroup-3-2] BaseServer [org.sunrise.game.core.server.BaseServerPulseHandler:22] - recv ping, cur NodeId = { RpcNode2000 }, from NodeId = { RpcNode1000-ConnectTo-RpcNode2000 }, delay = 0 ms 
2026-04-13 16:07:23.804 DEBUG [nioEventLoopGroup-7-1] BaseClient [org.sunrise.game.core.client.BaseClientPulseHandler:27] - send ping, cur NodeId = { RpcNode2000-ConnectTo-RpcNode3 } 
2026-04-13 16:07:23.861 DEBUG [nioEventLoopGroup-3-3] BaseServer [org.sunrise.game.core.server.BaseServerPulseHandler:22] - recv ping, cur NodeId = { RpcNode2000 }, from NodeId = { RpcNode3-ConnectTo-RpcNode2000 }, delay = 0 ms 
2026-04-13 16:07:25.891 DEBUG [nioEventLoopGroup-8-1] BaseClient [org.sunrise.game.core.client.BaseClientPulseHandler:27] - send ping, cur NodeId = { RpcNode2000-ConnectTo-RpcNode2 } 
2026-04-13 16:07:25.945 DEBUG [nioEventLoopGroup-3-4] BaseServer [org.sunrise.game.core.server.BaseServerPulseHandler:22] - recv ping, cur NodeId = { RpcNode2000 }, from NodeId = { RpcNode2-ConnectTo-RpcNode2000 }, delay = 0 ms 
2026-04-13 16:07:29.517 DEBUG [nioEventLoopGroup-3-1] BaseServer [org.sunrise.game.core.server.BaseServerPulseHandler:22] - recv ping, cur NodeId = { RpcNode2000 }, from NodeId = { RpcNode100-ConnectTo-RpcNode2000 }, delay = 0 ms 
2026-04-13 16:07:29.518 DEBUG [nioEventLoopGroup-5-1] BaseClient [org.sunrise.game.core.client.BaseClientPulseHandler:27] - send ping, cur NodeId = { RpcNode2000-ConnectTo-RpcNode100 } 
2026-04-13 16:07:31.546 DEBUG [nioEventLoopGroup-6-1] BaseClient [org.sunrise.game.core.client.BaseClientPulseHandler:27] - send ping, cur NodeId = { RpcNode2000-ConnectTo-RpcNode1000 } 
2026-04-13 16:07:31.601 DEBUG [nioEventLoopGroup-3-2] BaseServer [org.sunrise.game.core.server.BaseServerPulseHandler:22] - recv ping, cur NodeId = { RpcNode2000 }, from NodeId = { RpcNode1000-ConnectTo-RpcNode2000 }, delay = 0 ms 
2026-04-13 16:07:33.805 DEBUG [nioEventLoopGroup-7-1] BaseClient [org.sunrise.game.core.client.BaseClientPulseHandler:27] - send ping, cur NodeId = { RpcNode2000-ConnectTo-RpcNode3 } 
2026-04-13 16:07:33.861 DEBUG [nioEventLoopGroup-3-3] BaseServer [org.sunrise.game.core.server.BaseServerPulseHandler:22] - recv ping, cur NodeId = { RpcNode2000 }, from NodeId = { RpcNode3-ConnectTo-RpcNode2000 }, delay = 0 ms 
2026-04-13 16:07:35.891 DEBUG [nioEventLoopGroup-8-1] BaseClient [org.sunrise.game.core.client.BaseClientPulseHandler:27] - send ping, cur NodeId = { RpcNode2000-ConnectTo-RpcNode2 } 
2026-04-13 16:07:35.947 DEBUG [nioEventLoopGroup-3-4] BaseServer [org.sunrise.game.core.server.BaseServerPulseHandler:22] - recv ping, cur NodeId = { RpcNode2000 }, from NodeId = { RpcNode2-ConnectTo-RpcNode2000 }, delay = 0 ms 
2026-04-13 16:07:39.517 DEBUG [nioEventLoopGroup-3-1] BaseServer [org.sunrise.game.core.server.BaseServerPulseHandler:22] - recv ping, cur NodeId = { RpcNode2000 }, from NodeId = { RpcNode100-ConnectTo-RpcNode2000 }, delay = 0 ms 
2026-04-13 16:07:39.519 DEBUG [nioEventLoopGroup-5-1] BaseClient [org.sunrise.game.core.client.BaseClientPulseHandler:27] - send ping, cur NodeId = { RpcNode2000-ConnectTo-RpcNode100 } 
2026-04-13 16:07:41.546 DEBUG [nioEventLoopGroup-6-1] BaseClient [org.sunrise.game.core.client.BaseClientPulseHandler:27] - send ping, cur NodeId = { RpcNode2000-ConnectTo-RpcNode1000 } 
2026-04-13 16:07:41.602 DEBUG [nioEventLoopGroup-3-2] BaseServer [org.sunrise.game.core.server.BaseServerPulseHandler:22] - recv ping, cur NodeId = { RpcNode2000 }, from NodeId = { RpcNode1000-ConnectTo-RpcNode2000 }, delay = 0 ms 
2026-04-13 16:07:43.806 DEBUG [nioEventLoopGroup-7-1] BaseClient [org.sunrise.game.core.client.BaseClientPulseHandler:27] - send ping, cur NodeId = { RpcNode2000-ConnectTo-RpcNode3 } 
2026-04-13 16:07:43.861 DEBUG [nioEventLoopGroup-3-3] BaseServer [org.sunrise.game.core.server.BaseServerPulseHandler:22] - recv ping, cur NodeId = { RpcNode2000 }, from NodeId = { RpcNode3-ConnectTo-RpcNode2000 }, delay = 0 ms 
2026-04-13 16:07:45.892 DEBUG [nioEventLoopGroup-8-1] BaseClient [org.sunrise.game.core.client.BaseClientPulseHandler:27] - send ping, cur NodeId = { RpcNode2000-ConnectTo-RpcNode2 } 
2026-04-13 16:07:45.947 DEBUG [nioEventLoopGroup-3-4] BaseServer [org.sunrise.game.core.server.BaseServerPulseHandler:22] - recv ping, cur NodeId = { RpcNode2000 }, from NodeId = { RpcNode2-ConnectTo-RpcNode2000 }, delay = 0 ms 
2026-04-13 16:07:49.517 DEBUG [nioEventLoopGroup-3-1] BaseServer [org.sunrise.game.core.server.BaseServerPulseHandler:22] - recv ping, cur NodeId = { RpcNode2000 }, from NodeId = { RpcNode100-ConnectTo-RpcNode2000 }, delay = 0 ms 
2026-04-13 16:07:49.519 DEBUG [nioEventLoopGroup-5-1] BaseClient [org.sunrise.game.core.client.BaseClientPulseHandler:27] - send ping, cur NodeId = { RpcNode2000-ConnectTo-RpcNode100 } 
2026-04-13 16:07:51.547 DEBUG [nioEventLoopGroup-6-1] BaseClient [org.sunrise.game.core.client.BaseClientPulseHandler:27] - send ping, cur NodeId = { RpcNode2000-ConnectTo-RpcNode1000 } 
2026-04-13 16:07:51.603 DEBUG [nioEventLoopGroup-3-2] BaseServer [org.sunrise.game.core.server.BaseServerPulseHandler:22] - recv ping, cur NodeId = { RpcNode2000 }, from NodeId = { RpcNode1000-ConnectTo-RpcNode2000 }, delay = 0 ms 
2026-04-13 16:07:53.807 DEBUG [nioEventLoopGroup-7-1] BaseClient [org.sunrise.game.core.client.BaseClientPulseHandler:27] - send ping, cur NodeId = { RpcNode2000-ConnectTo-RpcNode3 } 
2026-04-13 16:07:53.861 DEBUG [nioEventLoopGroup-3-3] BaseServer [org.sunrise.game.core.server.BaseServerPulseHandler:22] - recv ping, cur NodeId = { RpcNode2000 }, from NodeId = { RpcNode3-ConnectTo-RpcNode2000 }, delay = 0 ms 
2026-04-13 16:07:55.892 DEBUG [nioEventLoopGroup-8-1] BaseClient [org.sunrise.game.core.client.BaseClientPulseHandler:27] - send ping, cur NodeId = { RpcNode2000-ConnectTo-RpcNode2 } 
2026-04-13 16:07:55.948 DEBUG [nioEventLoopGroup-3-4] BaseServer [org.sunrise.game.core.server.BaseServerPulseHandler:22] - recv ping, cur NodeId = { RpcNode2000 }, from NodeId = { RpcNode2-ConnectTo-RpcNode2000 }, delay = 0 ms 
2026-04-13 16:07:59.518 DEBUG [nioEventLoopGroup-3-1] BaseServer [org.sunrise.game.core.server.BaseServerPulseHandler:22] - recv ping, cur NodeId = { RpcNode2000 }, from NodeId = { RpcNode100-ConnectTo-RpcNode2000 }, delay = 0 ms 
2026-04-13 16:07:59.519 DEBUG [nioEventLoopGroup-5-1] BaseClient [org.sunrise.game.core.client.BaseClientPulseHandler:27] - send ping, cur NodeId = { RpcNode2000-ConnectTo-RpcNode100 } 
2026-04-13 16:08:01.548 DEBUG [nioEventLoopGroup-6-1] BaseClient [org.sunrise.game.core.client.BaseClientPulseHandler:27] - send ping, cur NodeId = { RpcNode2000-ConnectTo-RpcNode1000 } 
2026-04-13 16:08:01.604 DEBUG [nioEventLoopGroup-3-2] BaseServer [org.sunrise.game.core.server.BaseServerPulseHandler:22] - recv ping, cur NodeId = { RpcNode2000 }, from NodeId = { RpcNode1000-ConnectTo-RpcNode2000 }, delay = 0 ms 
2026-04-13 16:08:03.808 DEBUG [nioEventLoopGroup-7-1] BaseClient [org.sunrise.game.core.client.BaseClientPulseHandler:27] - send ping, cur NodeId = { RpcNode2000-ConnectTo-RpcNode3 } 
2026-04-13 16:08:03.862 DEBUG [nioEventLoopGroup-3-3] BaseServer [org.sunrise.game.core.server.BaseServerPulseHandler:22] - recv ping, cur NodeId = { RpcNode2000 }, from NodeId = { RpcNode3-ConnectTo-RpcNode2000 }, delay = 0 ms 
2026-04-13 16:08:05.892 DEBUG [nioEventLoopGroup-8-1] BaseClient [org.sunrise.game.core.client.BaseClientPulseHandler:27] - send ping, cur NodeId = { RpcNode2000-ConnectTo-RpcNode2 } 
2026-04-13 16:08:05.948 DEBUG [nioEventLoopGroup-3-4] BaseServer [org.sunrise.game.core.server.BaseServerPulseHandler:22] - recv ping, cur NodeId = { RpcNode2000 }, from NodeId = { RpcNode2-ConnectTo-RpcNode2000 }, delay = 0 ms 
2026-04-13 16:08:09.103 INFO  [CheckMemory] ServerStartUp [org.sunrise.game.utils.Utils:125] - Memory : {  total memory: 256 MB, free memory: 214 MB, used memory: 41 MB } 
2026-04-13 16:08:09.519 DEBUG [nioEventLoopGroup-3-1] BaseServer [org.sunrise.game.core.server.BaseServerPulseHandler:22] - recv ping, cur NodeId = { RpcNode2000 }, from NodeId = { RpcNode100-ConnectTo-RpcNode2000 }, delay = 0 ms 
2026-04-13 16:08:09.520 DEBUG [nioEventLoopGroup-5-1] BaseClient [org.sunrise.game.core.client.BaseClientPulseHandler:27] - send ping, cur NodeId = { RpcNode2000-ConnectTo-RpcNode100 } 
2026-04-13 16:08:11.549 DEBUG [nioEventLoopGroup-6-1] BaseClient [org.sunrise.game.core.client.BaseClientPulseHandler:27] - send ping, cur NodeId = { RpcNode2000-ConnectTo-RpcNode1000 } 
2026-04-13 16:08:11.604 DEBUG [nioEventLoopGroup-3-2] BaseServer [org.sunrise.game.core.server.BaseServerPulseHandler:22] - recv ping, cur NodeId = { RpcNode2000 }, from NodeId = { RpcNode1000-ConnectTo-RpcNode2000 }, delay = 0 ms 
2026-04-13 16:08:13.809 DEBUG [nioEventLoopGroup-7-1] BaseClient [org.sunrise.game.core.client.BaseClientPulseHandler:27] - send ping, cur NodeId = { RpcNode2000-ConnectTo-RpcNode3 } 
2026-04-13 16:08:13.862 DEBUG [nioEventLoopGroup-3-3] BaseServer [org.sunrise.game.core.server.BaseServerPulseHandler:22] - recv ping, cur NodeId = { RpcNode2000 }, from NodeId = { RpcNode3-ConnectTo-RpcNode2000 }, delay = 0 ms 
2026-04-13 16:08:15.894 DEBUG [nioEventLoopGroup-8-1] BaseClient [org.sunrise.game.core.client.BaseClientPulseHandler:27] - send ping, cur NodeId = { RpcNode2000-ConnectTo-RpcNode2 } 
2026-04-13 16:08:15.950 DEBUG [nioEventLoopGroup-3-4] BaseServer [org.sunrise.game.core.server.BaseServerPulseHandler:22] - recv ping, cur NodeId = { RpcNode2000 }, from NodeId = { RpcNode2-ConnectTo-RpcNode2000 }, delay = 0 ms 
2026-04-13 16:08:19.519 DEBUG [nioEventLoopGroup-3-1] BaseServer [org.sunrise.game.core.server.BaseServerPulseHandler:22] - recv ping, cur NodeId = { RpcNode2000 }, from NodeId = { RpcNode100-ConnectTo-RpcNode2000 }, delay = 1 ms 
2026-04-13 16:08:19.520 DEBUG [nioEventLoopGroup-5-1] BaseClient [org.sunrise.game.core.client.BaseClientPulseHandler:27] - send ping, cur NodeId = { RpcNode2000-ConnectTo-RpcNode100 } 
2026-04-13 16:08:21.549 DEBUG [nioEventLoopGroup-6-1] BaseClient [org.sunrise.game.core.client.BaseClientPulseHandler:27] - send ping, cur NodeId = { RpcNode2000-ConnectTo-RpcNode1000 } 
2026-04-13 16:08:21.605 DEBUG [nioEventLoopGroup-3-2] BaseServer [org.sunrise.game.core.server.BaseServerPulseHandler:22] - recv ping, cur NodeId = { RpcNode2000 }, from NodeId = { RpcNode1000-ConnectTo-RpcNode2000 }, delay = 0 ms 
2026-04-13 16:08:23.809 DEBUG [nioEventLoopGroup-7-1] BaseClient [org.sunrise.game.core.client.BaseClientPulseHandler:27] - send ping, cur NodeId = { RpcNode2000-ConnectTo-RpcNode3 } 
2026-04-13 16:08:23.863 DEBUG [nioEventLoopGroup-3-3] BaseServer [org.sunrise.game.core.server.BaseServerPulseHandler:22] - recv ping, cur NodeId = { RpcNode2000 }, from NodeId = { RpcNode3-ConnectTo-RpcNode2000 }, delay = 0 ms 
2026-04-13 16:08:25.894 DEBUG [nioEventLoopGroup-8-1] BaseClient [org.sunrise.game.core.client.BaseClientPulseHandler:27] - send ping, cur NodeId = { RpcNode2000-ConnectTo-RpcNode2 } 
2026-04-13 16:08:25.951 DEBUG [nioEventLoopGroup-3-4] BaseServer [org.sunrise.game.core.server.BaseServerPulseHandler:22] - recv ping, cur NodeId = { RpcNode2000 }, from NodeId = { RpcNode2-ConnectTo-RpcNode2000 }, delay = 0 ms 
2026-04-13 16:08:29.519 DEBUG [nioEventLoopGroup-3-1] BaseServer [org.sunrise.game.core.server.BaseServerPulseHandler:22] - recv ping, cur NodeId = { RpcNode2000 }, from NodeId = { RpcNode100-ConnectTo-RpcNode2000 }, delay = 0 ms 
2026-04-13 16:08:29.521 DEBUG [nioEventLoopGroup-5-1] BaseClient [org.sunrise.game.core.client.BaseClientPulseHandler:27] - send ping, cur NodeId = { RpcNode2000-ConnectTo-RpcNode100 } 
2026-04-13 16:08:31.550 DEBUG [nioEventLoopGroup-6-1] BaseClient [org.sunrise.game.core.client.BaseClientPulseHandler:27] - send ping, cur NodeId = { RpcNode2000-ConnectTo-RpcNode1000 } 
2026-04-13 16:08:31.605 DEBUG [nioEventLoopGroup-3-2] BaseServer [org.sunrise.game.core.server.BaseServerPulseHandler:22] - recv ping, cur NodeId = { RpcNode2000 }, from NodeId = { RpcNode1000-ConnectTo-RpcNode2000 }, delay = 0 ms 
2026-04-13 16:08:33.810 DEBUG [nioEventLoopGroup-7-1] BaseClient [org.sunrise.game.core.client.BaseClientPulseHandler:27] - send ping, cur NodeId = { RpcNode2000-ConnectTo-RpcNode3 } 
2026-04-13 16:08:33.863 DEBUG [nioEventLoopGroup-3-3] BaseServer [org.sunrise.game.core.server.BaseServerPulseHandler:22] - recv ping, cur NodeId = { RpcNode2000 }, from NodeId = { RpcNode3-ConnectTo-RpcNode2000 }, delay = 0 ms 
2026-04-13 16:08:35.895 DEBUG [nioEventLoopGroup-8-1] BaseClient [org.sunrise.game.core.client.BaseClientPulseHandler:27] - send ping, cur NodeId = { RpcNode2000-ConnectTo-RpcNode2 } 
2026-04-13 16:08:35.950 DEBUG [nioEventLoopGroup-3-4] BaseServer [org.sunrise.game.core.server.BaseServerPulseHandler:22] - recv ping, cur NodeId = { RpcNode2000 }, from NodeId = { RpcNode2-ConnectTo-RpcNode2000 }, delay = 0 ms 
2026-04-13 16:08:39.519 DEBUG [nioEventLoopGroup-3-1] BaseServer [org.sunrise.game.core.server.BaseServerPulseHandler:22] - recv ping, cur NodeId = { RpcNode2000 }, from NodeId = { RpcNode100-ConnectTo-RpcNode2000 }, delay = 0 ms 
2026-04-13 16:08:39.521 DEBUG [nioEventLoopGroup-5-1] BaseClient [org.sunrise.game.core.client.BaseClientPulseHandler:27] - send ping, cur NodeId = { RpcNode2000-ConnectTo-RpcNode100 } 
2026-04-13 16:08:41.550 DEBUG [nioEventLoopGroup-6-1] BaseClient [org.sunrise.game.core.client.BaseClientPulseHandler:27] - send ping, cur NodeId = { RpcNode2000-ConnectTo-RpcNode1000 } 
2026-04-13 16:08:41.606 DEBUG [nioEventLoopGroup-3-2] BaseServer [org.sunrise.game.core.server.BaseServerPulseHandler:22] - recv ping, cur NodeId = { RpcNode2000 }, from NodeId = { RpcNode1000-ConnectTo-RpcNode2000 }, delay = 0 ms 
2026-04-13 16:08:43.811 DEBUG [nioEventLoopGroup-7-1] BaseClient [org.sunrise.game.core.client.BaseClientPulseHandler:27] - send ping, cur NodeId = { RpcNode2000-ConnectTo-RpcNode3 } 
2026-04-13 16:08:43.864 DEBUG [nioEventLoopGroup-3-3] BaseServer [org.sunrise.game.core.server.BaseServerPulseHandler:22] - recv ping, cur NodeId = { RpcNode2000 }, from NodeId = { RpcNode3-ConnectTo-RpcNode2000 }, delay = 0 ms 
2026-04-13 16:08:45.895 DEBUG [nioEventLoopGroup-8-1] BaseClient [org.sunrise.game.core.client.BaseClientPulseHandler:27] - send ping, cur NodeId = { RpcNode2000-ConnectTo-RpcNode2 } 
2026-04-13 16:08:45.951 DEBUG [nioEventLoopGroup-3-4] BaseServer [org.sunrise.game.core.server.BaseServerPulseHandler:22] - recv ping, cur NodeId = { RpcNode2000 }, from NodeId = { RpcNode2-ConnectTo-RpcNode2000 }, delay = 0 ms 
2026-04-13 16:08:49.520 DEBUG [nioEventLoopGroup-3-1] BaseServer [org.sunrise.game.core.server.BaseServerPulseHandler:22] - recv ping, cur NodeId = { RpcNode2000 }, from NodeId = { RpcNode100-ConnectTo-RpcNode2000 }, delay = 0 ms 
2026-04-13 16:08:49.522 DEBUG [nioEventLoopGroup-5-1] BaseClient [org.sunrise.game.core.client.BaseClientPulseHandler:27] - send ping, cur NodeId = { RpcNode2000-ConnectTo-RpcNode100 } 
2026-04-13 16:08:51.551 DEBUG [nioEventLoopGroup-6-1] BaseClient [org.sunrise.game.core.client.BaseClientPulseHandler:27] - send ping, cur NodeId = { RpcNode2000-ConnectTo-RpcNode1000 } 
2026-04-13 16:08:51.606 DEBUG [nioEventLoopGroup-3-2] BaseServer [org.sunrise.game.core.server.BaseServerPulseHandler:22] - recv ping, cur NodeId = { RpcNode2000 }, from NodeId = { RpcNode1000-ConnectTo-RpcNode2000 }, delay = 0 ms 
2026-04-13 16:08:53.811 DEBUG [nioEventLoopGroup-7-1] BaseClient [org.sunrise.game.core.client.BaseClientPulseHandler:27] - send ping, cur NodeId = { RpcNode2000-ConnectTo-RpcNode3 } 
2026-04-13 16:08:53.864 DEBUG [nioEventLoopGroup-3-3] BaseServer [org.sunrise.game.core.server.BaseServerPulseHandler:22] - recv ping, cur NodeId = { RpcNode2000 }, from NodeId = { RpcNode3-ConnectTo-RpcNode2000 }, delay = 0 ms 
2026-04-13 16:08:55.895 DEBUG [nioEventLoopGroup-8-1] BaseClient [org.sunrise.game.core.client.BaseClientPulseHandler:27] - send ping, cur NodeId = { RpcNode2000-ConnectTo-RpcNode2 } 
2026-04-13 16:08:55.951 DEBUG [nioEventLoopGroup-3-4] BaseServer [org.sunrise.game.core.server.BaseServerPulseHandler:22] - recv ping, cur NodeId = { RpcNode2000 }, from NodeId = { RpcNode2-ConnectTo-RpcNode2000 }, delay = 0 ms 
2026-04-13 16:08:59.520 DEBUG [nioEventLoopGroup-3-1] BaseServer [org.sunrise.game.core.server.BaseServerPulseHandler:22] - recv ping, cur NodeId = { RpcNode2000 }, from NodeId = { RpcNode100-ConnectTo-RpcNode2000 }, delay = 0 ms 
2026-04-13 16:08:59.523 DEBUG [nioEventLoopGroup-5-1] BaseClient [org.sunrise.game.core.client.BaseClientPulseHandler:27] - send ping, cur NodeId = { RpcNode2000-ConnectTo-RpcNode100 } 
2026-04-13 16:09:01.552 DEBUG [nioEventLoopGroup-6-1] BaseClient [org.sunrise.game.core.client.BaseClientPulseHandler:27] - send ping, cur NodeId = { RpcNode2000-ConnectTo-RpcNode1000 } 
2026-04-13 16:09:01.607 DEBUG [nioEventLoopGroup-3-2] BaseServer [org.sunrise.game.core.server.BaseServerPulseHandler:22] - recv ping, cur NodeId = { RpcNode2000 }, from NodeId = { RpcNode1000-ConnectTo-RpcNode2000 }, delay = 0 ms 
2026-04-13 16:09:03.811 DEBUG [nioEventLoopGroup-7-1] BaseClient [org.sunrise.game.core.client.BaseClientPulseHandler:27] - send ping, cur NodeId = { RpcNode2000-ConnectTo-RpcNode3 } 
2026-04-13 16:09:03.865 DEBUG [nioEventLoopGroup-3-3] BaseServer [org.sunrise.game.core.server.BaseServerPulseHandler:22] - recv ping, cur NodeId = { RpcNode2000 }, from NodeId = { RpcNode3-ConnectTo-RpcNode2000 }, delay = 0 ms 
2026-04-13 16:09:05.895 DEBUG [nioEventLoopGroup-8-1] BaseClient [org.sunrise.game.core.client.BaseClientPulseHandler:27] - send ping, cur NodeId = { RpcNode2000-ConnectTo-RpcNode2 } 
2026-04-13 16:09:05.952 DEBUG [nioEventLoopGroup-3-4] BaseServer [org.sunrise.game.core.server.BaseServerPulseHandler:22] - recv ping, cur NodeId = { RpcNode2000 }, from NodeId = { RpcNode2-ConnectTo-RpcNode2000 }, delay = 0 ms 
2026-04-13 16:09:09.104 INFO  [CheckMemory] ServerStartUp [org.sunrise.game.utils.Utils:125] - Memory : {  total memory: 256 MB, free memory: 213 MB, used memory: 42 MB } 
2026-04-13 16:09:09.520 DEBUG [nioEventLoopGroup-3-1] BaseServer [org.sunrise.game.core.server.BaseServerPulseHandler:22] - recv ping, cur NodeId = { RpcNode2000 }, from NodeId = { RpcNode100-ConnectTo-RpcNode2000 }, delay = 0 ms 
2026-04-13 16:09:09.523 DEBUG [nioEventLoopGroup-5-1] BaseClient [org.sunrise.game.core.client.BaseClientPulseHandler:27] - send ping, cur NodeId = { RpcNode2000-ConnectTo-RpcNode100 } 
2026-04-13 16:09:11.552 DEBUG [nioEventLoopGroup-6-1] BaseClient [org.sunrise.game.core.client.BaseClientPulseHandler:27] - send ping, cur NodeId = { RpcNode2000-ConnectTo-RpcNode1000 } 
2026-04-13 16:09:11.608 DEBUG [nioEventLoopGroup-3-2] BaseServer [org.sunrise.game.core.server.BaseServerPulseHandler:22] - recv ping, cur NodeId = { RpcNode2000 }, from NodeId = { RpcNode1000-ConnectTo-RpcNode2000 }, delay = 0 ms 
2026-04-13 16:09:13.812 DEBUG [nioEventLoopGroup-7-1] BaseClient [org.sunrise.game.core.client.BaseClientPulseHandler:27] - send ping, cur NodeId = { RpcNode2000-ConnectTo-RpcNode3 } 
2026-04-13 16:09:13.865 DEBUG [nioEventLoopGroup-3-3] BaseServer [org.sunrise.game.core.server.BaseServerPulseHandler:22] - recv ping, cur NodeId = { RpcNode2000 }, from NodeId = { RpcNode3-ConnectTo-RpcNode2000 }, delay = 0 ms 
2026-04-13 16:09:15.896 DEBUG [nioEventLoopGroup-8-1] BaseClient [org.sunrise.game.core.client.BaseClientPulseHandler:27] - send ping, cur NodeId = { RpcNode2000-ConnectTo-RpcNode2 } 
2026-04-13 16:09:15.951 DEBUG [nioEventLoopGroup-3-4] BaseServer [org.sunrise.game.core.server.BaseServerPulseHandler:22] - recv ping, cur NodeId = { RpcNode2000 }, from NodeId = { RpcNode2-ConnectTo-RpcNode2000 }, delay = 0 ms 
2026-04-13 16:09:19.520 DEBUG [nioEventLoopGroup-3-1] BaseServer [org.sunrise.game.core.server.BaseServerPulseHandler:22] - recv ping, cur NodeId = { RpcNode2000 }, from NodeId = { RpcNode100-ConnectTo-RpcNode2000 }, delay = 0 ms 
2026-04-13 16:09:19.524 DEBUG [nioEventLoopGroup-5-1] BaseClient [org.sunrise.game.core.client.BaseClientPulseHandler:27] - send ping, cur NodeId = { RpcNode2000-ConnectTo-RpcNode100 } 
2026-04-13 16:09:21.553 DEBUG [nioEventLoopGroup-6-1] BaseClient [org.sunrise.game.core.client.BaseClientPulseHandler:27] - send ping, cur NodeId = { RpcNode2000-ConnectTo-RpcNode1000 } 
2026-04-13 16:09:21.608 DEBUG [nioEventLoopGroup-3-2] BaseServer [org.sunrise.game.core.server.BaseServerPulseHandler:22] - recv ping, cur NodeId = { RpcNode2000 }, from NodeId = { RpcNode1000-ConnectTo-RpcNode2000 }, delay = 0 ms 
2026-04-13 16:09:23.812 DEBUG [nioEventLoopGroup-7-1] BaseClient [org.sunrise.game.core.client.BaseClientPulseHandler:27] - send ping, cur NodeId = { RpcNode2000-ConnectTo-RpcNode3 } 
2026-04-13 16:09:23.865 DEBUG [nioEventLoopGroup-3-3] BaseServer [org.sunrise.game.core.server.BaseServerPulseHandler:22] - recv ping, cur NodeId = { RpcNode2000 }, from NodeId = { RpcNode3-ConnectTo-RpcNode2000 }, delay = 0 ms 
2026-04-13 16:09:25.896 DEBUG [nioEventLoopGroup-8-1] BaseClient [org.sunrise.game.core.client.BaseClientPulseHandler:27] - send ping, cur NodeId = { RpcNode2000-ConnectTo-RpcNode2 } 
2026-04-13 16:09:25.953 DEBUG [nioEventLoopGroup-3-4] BaseServer [org.sunrise.game.core.server.BaseServerPulseHandler:22] - recv ping, cur NodeId = { RpcNode2000 }, from NodeId = { RpcNode2-ConnectTo-RpcNode2000 }, delay = 0 ms 
2026-04-13 16:09:29.521 DEBUG [nioEventLoopGroup-3-1] BaseServer [org.sunrise.game.core.server.BaseServerPulseHandler:22] - recv ping, cur NodeId = { RpcNode2000 }, from NodeId = { RpcNode100-ConnectTo-RpcNode2000 }, delay = 0 ms 
2026-04-13 16:09:29.525 DEBUG [nioEventLoopGroup-5-1] BaseClient [org.sunrise.game.core.client.BaseClientPulseHandler:27] - send ping, cur NodeId = { RpcNode2000-ConnectTo-RpcNode100 } 
2026-04-13 16:09:31.553 DEBUG [nioEventLoopGroup-6-1] BaseClient [org.sunrise.game.core.client.BaseClientPulseHandler:27] - send ping, cur NodeId = { RpcNode2000-ConnectTo-RpcNode1000 } 
2026-04-13 16:09:31.608 DEBUG [nioEventLoopGroup-3-2] BaseServer [org.sunrise.game.core.server.BaseServerPulseHandler:22] - recv ping, cur NodeId = { RpcNode2000 }, from NodeId = { RpcNode1000-ConnectTo-RpcNode2000 }, delay = 0 ms 
2026-04-13 16:09:33.813 DEBUG [nioEventLoopGroup-7-1] BaseClient [org.sunrise.game.core.client.BaseClientPulseHandler:27] - send ping, cur NodeId = { RpcNode2000-ConnectTo-RpcNode3 } 
2026-04-13 16:09:33.866 DEBUG [nioEventLoopGroup-3-3] BaseServer [org.sunrise.game.core.server.BaseServerPulseHandler:22] - recv ping, cur NodeId = { RpcNode2000 }, from NodeId = { RpcNode3-ConnectTo-RpcNode2000 }, delay = 0 ms 
2026-04-13 16:09:35.897 DEBUG [nioEventLoopGroup-8-1] BaseClient [org.sunrise.game.core.client.BaseClientPulseHandler:27] - send ping, cur NodeId = { RpcNode2000-ConnectTo-RpcNode2 } 
2026-04-13 16:09:35.953 DEBUG [nioEventLoopGroup-3-4] BaseServer [org.sunrise.game.core.server.BaseServerPulseHandler:22] - recv ping, cur NodeId = { RpcNode2000 }, from NodeId = { RpcNode2-ConnectTo-RpcNode2000 }, delay = 0 ms 
2026-04-13 16:09:39.521 DEBUG [nioEventLoopGroup-3-1] BaseServer [org.sunrise.game.core.server.BaseServerPulseHandler:22] - recv ping, cur NodeId = { RpcNode2000 }, from NodeId = { RpcNode100-ConnectTo-RpcNode2000 }, delay = 0 ms 
2026-04-13 16:09:39.525 DEBUG [nioEventLoopGroup-5-1] BaseClient [org.sunrise.game.core.client.BaseClientPulseHandler:27] - send ping, cur NodeId = { RpcNode2000-ConnectTo-RpcNode100 } 
2026-04-13 16:09:41.553 DEBUG [nioEventLoopGroup-6-1] BaseClient [org.sunrise.game.core.client.BaseClientPulseHandler:27] - send ping, cur NodeId = { RpcNode2000-ConnectTo-RpcNode1000 } 
2026-04-13 16:09:41.609 DEBUG [nioEventLoopGroup-3-2] BaseServer [org.sunrise.game.core.server.BaseServerPulseHandler:22] - recv ping, cur NodeId = { RpcNode2000 }, from NodeId = { RpcNode1000-ConnectTo-RpcNode2000 }, delay = 1 ms 
2026-04-13 16:09:43.813 DEBUG [nioEventLoopGroup-7-1] BaseClient [org.sunrise.game.core.client.BaseClientPulseHandler:27] - send ping, cur NodeId = { RpcNode2000-ConnectTo-RpcNode3 } 
2026-04-13 16:09:43.866 DEBUG [nioEventLoopGroup-3-3] BaseServer [org.sunrise.game.core.server.BaseServerPulseHandler:22] - recv ping, cur NodeId = { RpcNode2000 }, from NodeId = { RpcNode3-ConnectTo-RpcNode2000 }, delay = 0 ms 
2026-04-13 16:09:45.898 DEBUG [nioEventLoopGroup-8-1] BaseClient [org.sunrise.game.core.client.BaseClientPulseHandler:27] - send ping, cur NodeId = { RpcNode2000-ConnectTo-RpcNode2 } 
2026-04-13 16:09:45.953 DEBUG [nioEventLoopGroup-3-4] BaseServer [org.sunrise.game.core.server.BaseServerPulseHandler:22] - recv ping, cur NodeId = { RpcNode2000 }, from NodeId = { RpcNode2-ConnectTo-RpcNode2000 }, delay = 0 ms 
2026-04-13 16:09:49.521 DEBUG [nioEventLoopGroup-3-1] BaseServer [org.sunrise.game.core.server.BaseServerPulseHandler:22] - recv ping, cur NodeId = { RpcNode2000 }, from NodeId = { RpcNode100-ConnectTo-RpcNode2000 }, delay = 0 ms 
2026-04-13 16:09:49.526 DEBUG [nioEventLoopGroup-5-1] BaseClient [org.sunrise.game.core.client.BaseClientPulseHandler:27] - send ping, cur NodeId = { RpcNode2000-ConnectTo-RpcNode100 } 
2026-04-13 16:09:51.554 DEBUG [nioEventLoopGroup-6-1] BaseClient [org.sunrise.game.core.client.BaseClientPulseHandler:27] - send ping, cur NodeId = { RpcNode2000-ConnectTo-RpcNode1000 } 
2026-04-13 16:09:51.609 DEBUG [nioEventLoopGroup-3-2] BaseServer [org.sunrise.game.core.server.BaseServerPulseHandler:22] - recv ping, cur NodeId = { RpcNode2000 }, from NodeId = { RpcNode1000-ConnectTo-RpcNode2000 }, delay = 0 ms 
2026-04-13 16:09:53.814 DEBUG [nioEventLoopGroup-7-1] BaseClient [org.sunrise.game.core.client.BaseClientPulseHandler:27] - send ping, cur NodeId = { RpcNode2000-ConnectTo-RpcNode3 } 
2026-04-13 16:09:53.866 DEBUG [nioEventLoopGroup-3-3] BaseServer [org.sunrise.game.core.server.BaseServerPulseHandler:22] - recv ping, cur NodeId = { RpcNode2000 }, from NodeId = { RpcNode3-ConnectTo-RpcNode2000 }, delay = 0 ms 
2026-04-13 16:09:55.898 DEBUG [nioEventLoopGroup-8-1] BaseClient [org.sunrise.game.core.client.BaseClientPulseHandler:27] - send ping, cur NodeId = { RpcNode2000-ConnectTo-RpcNode2 } 
2026-04-13 16:09:55.953 DEBUG [nioEventLoopGroup-3-4] BaseServer [org.sunrise.game.core.server.BaseServerPulseHandler:22] - recv ping, cur NodeId = { RpcNode2000 }, from NodeId = { RpcNode2-ConnectTo-RpcNode2000 }, delay = 0 ms 
2026-04-13 16:09:59.521 DEBUG [nioEventLoopGroup-3-1] BaseServer [org.sunrise.game.core.server.BaseServerPulseHandler:22] - recv ping, cur NodeId = { RpcNode2000 }, from NodeId = { RpcNode100-ConnectTo-RpcNode2000 }, delay = 0 ms 
2026-04-13 16:09:59.526 DEBUG [nioEventLoopGroup-5-1] BaseClient [org.sunrise.game.core.client.BaseClientPulseHandler:27] - send ping, cur NodeId = { RpcNode2000-ConnectTo-RpcNode100 } 
2026-04-13 16:10:01.554 DEBUG [nioEventLoopGroup-6-1] BaseClient [org.sunrise.game.core.client.BaseClientPulseHandler:27] - send ping, cur NodeId = { RpcNode2000-ConnectTo-RpcNode1000 } 
2026-04-13 16:10:01.610 DEBUG [nioEventLoopGroup-3-2] BaseServer [org.sunrise.game.core.server.BaseServerPulseHandler:22] - recv ping, cur NodeId = { RpcNode2000 }, from NodeId = { RpcNode1000-ConnectTo-RpcNode2000 }, delay = 0 ms 
2026-04-13 16:10:03.815 DEBUG [nioEventLoopGroup-7-1] BaseClient [org.sunrise.game.core.client.BaseClientPulseHandler:27] - send ping, cur NodeId = { RpcNode2000-ConnectTo-RpcNode3 } 
2026-04-13 16:10:03.867 DEBUG [nioEventLoopGroup-3-3] BaseServer [org.sunrise.game.core.server.BaseServerPulseHandler:22] - recv ping, cur NodeId = { RpcNode2000 }, from NodeId = { RpcNode3-ConnectTo-RpcNode2000 }, delay = 0 ms 
2026-04-13 16:10:05.898 DEBUG [nioEventLoopGroup-8-1] BaseClient [org.sunrise.game.core.client.BaseClientPulseHandler:27] - send ping, cur NodeId = { RpcNode2000-ConnectTo-RpcNode2 } 
2026-04-13 16:10:05.954 DEBUG [nioEventLoopGroup-3-4] BaseServer [org.sunrise.game.core.server.BaseServerPulseHandler:22] - recv ping, cur NodeId = { RpcNode2000 }, from NodeId = { RpcNode2-ConnectTo-RpcNode2000 }, delay = 0 ms 
2026-04-13 16:10:09.106 INFO  [CheckMemory] ServerStartUp [org.sunrise.game.utils.Utils:125] - Memory : {  total memory: 256 MB, free memory: 213 MB, used memory: 42 MB } 
2026-04-13 16:10:09.522 DEBUG [nioEventLoopGroup-3-1] BaseServer [org.sunrise.game.core.server.BaseServerPulseHandler:22] - recv ping, cur NodeId = { RpcNode2000 }, from NodeId = { RpcNode100-ConnectTo-RpcNode2000 }, delay = 0 ms 
2026-04-13 16:10:09.527 DEBUG [nioEventLoopGroup-5-1] BaseClient [org.sunrise.game.core.client.BaseClientPulseHandler:27] - send ping, cur NodeId = { RpcNode2000-ConnectTo-RpcNode100 } 
2026-04-13 16:10:11.555 DEBUG [nioEventLoopGroup-6-1] BaseClient [org.sunrise.game.core.client.BaseClientPulseHandler:27] - send ping, cur NodeId = { RpcNode2000-ConnectTo-RpcNode1000 } 
2026-04-13 16:10:11.611 DEBUG [nioEventLoopGroup-3-2] BaseServer [org.sunrise.game.core.server.BaseServerPulseHandler:22] - recv ping, cur NodeId = { RpcNode2000 }, from NodeId = { RpcNode1000-ConnectTo-RpcNode2000 }, delay = 0 ms 
2026-04-13 16:10:13.815 DEBUG [nioEventLoopGroup-7-1] BaseClient [org.sunrise.game.core.client.BaseClientPulseHandler:27] - send ping, cur NodeId = { RpcNode2000-ConnectTo-RpcNode3 } 
2026-04-13 16:10:13.868 DEBUG [nioEventLoopGroup-3-3] BaseServer [org.sunrise.game.core.server.BaseServerPulseHandler:22] - recv ping, cur NodeId = { RpcNode2000 }, from NodeId = { RpcNode3-ConnectTo-RpcNode2000 }, delay = 0 ms 
2026-04-13 16:10:15.898 DEBUG [nioEventLoopGroup-8-1] BaseClient [org.sunrise.game.core.client.BaseClientPulseHandler:27] - send ping, cur NodeId = { RpcNode2000-ConnectTo-RpcNode2 } 
2026-04-13 16:10:15.955 DEBUG [nioEventLoopGroup-3-4] BaseServer [org.sunrise.game.core.server.BaseServerPulseHandler:22] - recv ping, cur NodeId = { RpcNode2000 }, from NodeId = { RpcNode2-ConnectTo-RpcNode2000 }, delay = 0 ms 
2026-04-13 16:10:19.521 DEBUG [nioEventLoopGroup-3-1] BaseServer [org.sunrise.game.core.server.BaseServerPulseHandler:22] - recv ping, cur NodeId = { RpcNode2000 }, from NodeId = { RpcNode100-ConnectTo-RpcNode2000 }, delay = 0 ms 
2026-04-13 16:10:19.527 DEBUG [nioEventLoopGroup-5-1] BaseClient [org.sunrise.game.core.client.BaseClientPulseHandler:27] - send ping, cur NodeId = { RpcNode2000-ConnectTo-RpcNode100 } 
2026-04-13 16:10:21.555 DEBUG [nioEventLoopGroup-6-1] BaseClient [org.sunrise.game.core.client.BaseClientPulseHandler:27] - send ping, cur NodeId = { RpcNode2000-ConnectTo-RpcNode1000 } 
2026-04-13 16:10:21.610 DEBUG [nioEventLoopGroup-3-2] BaseServer [org.sunrise.game.core.server.BaseServerPulseHandler:22] - recv ping, cur NodeId = { RpcNode2000 }, from NodeId = { RpcNode1000-ConnectTo-RpcNode2000 }, delay = 0 ms 
2026-04-13 16:10:23.816 DEBUG [nioEventLoopGroup-7-1] BaseClient [org.sunrise.game.core.client.BaseClientPulseHandler:27] - send ping, cur NodeId = { RpcNode2000-ConnectTo-RpcNode3 } 
2026-04-13 16:10:23.869 DEBUG [nioEventLoopGroup-3-3] BaseServer [org.sunrise.game.core.server.BaseServerPulseHandler:22] - recv ping, cur NodeId = { RpcNode2000 }, from NodeId = { RpcNode3-ConnectTo-RpcNode2000 }, delay = 0 ms 
2026-04-13 16:10:25.899 DEBUG [nioEventLoopGroup-8-1] BaseClient [org.sunrise.game.core.client.BaseClientPulseHandler:27] - send ping, cur NodeId = { RpcNode2000-ConnectTo-RpcNode2 } 
2026-04-13 16:10:25.957 DEBUG [nioEventLoopGroup-3-4] BaseServer [org.sunrise.game.core.server.BaseServerPulseHandler:22] - recv ping, cur NodeId = { RpcNode2000 }, from NodeId = { RpcNode2-ConnectTo-RpcNode2000 }, delay = 0 ms 
2026-04-13 16:10:29.522 DEBUG [nioEventLoopGroup-3-1] BaseServer [org.sunrise.game.core.server.BaseServerPulseHandler:22] - recv ping, cur NodeId = { RpcNode2000 }, from NodeId = { RpcNode100-ConnectTo-RpcNode2000 }, delay = 0 ms 
2026-04-13 16:10:29.527 DEBUG [nioEventLoopGroup-5-1] BaseClient [org.sunrise.game.core.client.BaseClientPulseHandler:27] - send ping, cur NodeId = { RpcNode2000-ConnectTo-RpcNode100 } 
2026-04-13 16:10:31.555 DEBUG [nioEventLoopGroup-6-1] BaseClient [org.sunrise.game.core.client.BaseClientPulseHandler:27] - send ping, cur NodeId = { RpcNode2000-ConnectTo-RpcNode1000 } 
2026-04-13 16:10:31.611 DEBUG [nioEventLoopGroup-3-2] BaseServer [org.sunrise.game.core.server.BaseServerPulseHandler:22] - recv ping, cur NodeId = { RpcNode2000 }, from NodeId = { RpcNode1000-ConnectTo-RpcNode2000 }, delay = 0 ms 
2026-04-13 16:10:33.816 DEBUG [nioEventLoopGroup-7-1] BaseClient [org.sunrise.game.core.client.BaseClientPulseHandler:27] - send ping, cur NodeId = { RpcNode2000-ConnectTo-RpcNode3 } 
2026-04-13 16:10:33.869 DEBUG [nioEventLoopGroup-3-3] BaseServer [org.sunrise.game.core.server.BaseServerPulseHandler:22] - recv ping, cur NodeId = { RpcNode2000 }, from NodeId = { RpcNode3-ConnectTo-RpcNode2000 }, delay = 0 ms 
2026-04-13 16:10:35.899 DEBUG [nioEventLoopGroup-8-1] BaseClient [org.sunrise.game.core.client.BaseClientPulseHandler:27] - send ping, cur NodeId = { RpcNode2000-ConnectTo-RpcNode2 } 
2026-04-13 16:10:35.957 DEBUG [nioEventLoopGroup-3-4] BaseServer [org.sunrise.game.core.server.BaseServerPulseHandler:22] - recv ping, cur NodeId = { RpcNode2000 }, from NodeId = { RpcNode2-ConnectTo-RpcNode2000 }, delay = 0 ms 
2026-04-13 16:10:39.522 DEBUG [nioEventLoopGroup-3-1] BaseServer [org.sunrise.game.core.server.BaseServerPulseHandler:22] - recv ping, cur NodeId = { RpcNode2000 }, from NodeId = { RpcNode100-ConnectTo-RpcNode2000 }, delay = 0 ms 
2026-04-13 16:10:39.528 DEBUG [nioEventLoopGroup-5-1] BaseClient [org.sunrise.game.core.client.BaseClientPulseHandler:27] - send ping, cur NodeId = { RpcNode2000-ConnectTo-RpcNode100 } 
2026-04-13 16:10:41.556 DEBUG [nioEventLoopGroup-6-1] BaseClient [org.sunrise.game.core.client.BaseClientPulseHandler:27] - send ping, cur NodeId = { RpcNode2000-ConnectTo-RpcNode1000 } 
2026-04-13 16:10:41.611 DEBUG [nioEventLoopGroup-3-2] BaseServer [org.sunrise.game.core.server.BaseServerPulseHandler:22] - recv ping, cur NodeId = { RpcNode2000 }, from NodeId = { RpcNode1000-ConnectTo-RpcNode2000 }, delay = 0 ms 
2026-04-13 16:10:43.816 DEBUG [nioEventLoopGroup-7-1] BaseClient [org.sunrise.game.core.client.BaseClientPulseHandler:27] - send ping, cur NodeId = { RpcNode2000-ConnectTo-RpcNode3 } 
2026-04-13 16:10:43.869 DEBUG [nioEventLoopGroup-3-3] BaseServer [org.sunrise.game.core.server.BaseServerPulseHandler:22] - recv ping, cur NodeId = { RpcNode2000 }, from NodeId = { RpcNode3-ConnectTo-RpcNode2000 }, delay = 0 ms 
2026-04-13 16:10:45.900 DEBUG [nioEventLoopGroup-8-1] BaseClient [org.sunrise.game.core.client.BaseClientPulseHandler:27] - send ping, cur NodeId = { RpcNode2000-ConnectTo-RpcNode2 } 
2026-04-13 16:10:45.957 DEBUG [nioEventLoopGroup-3-4] BaseServer [org.sunrise.game.core.server.BaseServerPulseHandler:22] - recv ping, cur NodeId = { RpcNode2000 }, from NodeId = { RpcNode2-ConnectTo-RpcNode2000 }, delay = 0 ms 
2026-04-13 16:10:49.522 DEBUG [nioEventLoopGroup-3-1] BaseServer [org.sunrise.game.core.server.BaseServerPulseHandler:22] - recv ping, cur NodeId = { RpcNode2000 }, from NodeId = { RpcNode100-ConnectTo-RpcNode2000 }, delay = 0 ms 
2026-04-13 16:10:49.528 DEBUG [nioEventLoopGroup-5-1] BaseClient [org.sunrise.game.core.client.BaseClientPulseHandler:27] - send ping, cur NodeId = { RpcNode2000-ConnectTo-RpcNode100 } 
2026-04-13 16:10:51.556 DEBUG [nioEventLoopGroup-6-1] BaseClient [org.sunrise.game.core.client.BaseClientPulseHandler:27] - send ping, cur NodeId = { RpcNode2000-ConnectTo-RpcNode1000 } 
2026-04-13 16:10:51.612 DEBUG [nioEventLoopGroup-3-2] BaseServer [org.sunrise.game.core.server.BaseServerPulseHandler:22] - recv ping, cur NodeId = { RpcNode2000 }, from NodeId = { RpcNode1000-ConnectTo-RpcNode2000 }, delay = 0 ms 
2026-04-13 16:10:53.816 DEBUG [nioEventLoopGroup-7-1] BaseClient [org.sunrise.game.core.client.BaseClientPulseHandler:27] - send ping, cur NodeId = { RpcNode2000-ConnectTo-RpcNode3 } 
2026-04-13 16:10:53.870 DEBUG [nioEventLoopGroup-3-3] BaseServer [org.sunrise.game.core.server.BaseServerPulseHandler:22] - recv ping, cur NodeId = { RpcNode2000 }, from NodeId = { RpcNode3-ConnectTo-RpcNode2000 }, delay = 0 ms 
2026-04-13 16:10:55.900 DEBUG [nioEventLoopGroup-8-1] BaseClient [org.sunrise.game.core.client.BaseClientPulseHandler:27] - send ping, cur NodeId = { RpcNode2000-ConnectTo-RpcNode2 } 
2026-04-13 16:10:55.958 DEBUG [nioEventLoopGroup-3-4] BaseServer [org.sunrise.game.core.server.BaseServerPulseHandler:22] - recv ping, cur NodeId = { RpcNode2000 }, from NodeId = { RpcNode2-ConnectTo-RpcNode2000 }, delay = 0 ms 
2026-04-13 16:10:59.523 DEBUG [nioEventLoopGroup-3-1] BaseServer [org.sunrise.game.core.server.BaseServerPulseHandler:22] - recv ping, cur NodeId = { RpcNode2000 }, from NodeId = { RpcNode100-ConnectTo-RpcNode2000 }, delay = 0 ms 
2026-04-13 16:10:59.528 DEBUG [nioEventLoopGroup-5-1] BaseClient [org.sunrise.game.core.client.BaseClientPulseHandler:27] - send ping, cur NodeId = { RpcNode2000-ConnectTo-RpcNode100 } 
2026-04-13 16:11:01.557 DEBUG [nioEventLoopGroup-6-1] BaseClient [org.sunrise.game.core.client.BaseClientPulseHandler:27] - send ping, cur NodeId = { RpcNode2000-ConnectTo-RpcNode1000 } 
2026-04-13 16:11:01.612 DEBUG [nioEventLoopGroup-3-2] BaseServer [org.sunrise.game.core.server.BaseServerPulseHandler:22] - recv ping, cur NodeId = { RpcNode2000 }, from NodeId = { RpcNode1000-ConnectTo-RpcNode2000 }, delay = 0 ms 
2026-04-13 16:11:03.817 DEBUG [nioEventLoopGroup-7-1] BaseClient [org.sunrise.game.core.client.BaseClientPulseHandler:27] - send ping, cur NodeId = { RpcNode2000-ConnectTo-RpcNode3 } 
2026-04-13 16:11:03.870 DEBUG [nioEventLoopGroup-3-3] BaseServer [org.sunrise.game.core.server.BaseServerPulseHandler:22] - recv ping, cur NodeId = { RpcNode2000 }, from NodeId = { RpcNode3-ConnectTo-RpcNode2000 }, delay = 0 ms 
2026-04-13 16:11:05.900 DEBUG [nioEventLoopGroup-8-1] BaseClient [org.sunrise.game.core.client.BaseClientPulseHandler:27] - send ping, cur NodeId = { RpcNode2000-ConnectTo-RpcNode2 } 
2026-04-13 16:11:05.959 DEBUG [nioEventLoopGroup-3-4] BaseServer [org.sunrise.game.core.server.BaseServerPulseHandler:22] - recv ping, cur NodeId = { RpcNode2000 }, from NodeId = { RpcNode2-ConnectTo-RpcNode2000 }, delay = 0 ms 
2026-04-13 16:11:09.108 INFO  [CheckMemory] ServerStartUp [org.sunrise.game.utils.Utils:125] - Memory : {  total memory: 256 MB, free memory: 212 MB, used memory: 43 MB } 
2026-04-13 16:11:09.523 DEBUG [nioEventLoopGroup-3-1] BaseServer [org.sunrise.game.core.server.BaseServerPulseHandler:22] - recv ping, cur NodeId = { RpcNode2000 }, from NodeId = { RpcNode100-ConnectTo-RpcNode2000 }, delay = 0 ms 
2026-04-13 16:11:09.529 DEBUG [nioEventLoopGroup-5-1] BaseClient [org.sunrise.game.core.client.BaseClientPulseHandler:27] - send ping, cur NodeId = { RpcNode2000-ConnectTo-RpcNode100 } 
2026-04-13 16:11:11.558 DEBUG [nioEventLoopGroup-6-1] BaseClient [org.sunrise.game.core.client.BaseClientPulseHandler:27] - send ping, cur NodeId = { RpcNode2000-ConnectTo-RpcNode1000 } 
2026-04-13 16:11:11.612 DEBUG [nioEventLoopGroup-3-2] BaseServer [org.sunrise.game.core.server.BaseServerPulseHandler:22] - recv ping, cur NodeId = { RpcNode2000 }, from NodeId = { RpcNode1000-ConnectTo-RpcNode2000 }, delay = 0 ms 
2026-04-13 16:11:13.817 DEBUG [nioEventLoopGroup-7-1] BaseClient [org.sunrise.game.core.client.BaseClientPulseHandler:27] - send ping, cur NodeId = { RpcNode2000-ConnectTo-RpcNode3 } 
2026-04-13 16:11:13.870 DEBUG [nioEventLoopGroup-3-3] BaseServer [org.sunrise.game.core.server.BaseServerPulseHandler:22] - recv ping, cur NodeId = { RpcNode2000 }, from NodeId = { RpcNode3-ConnectTo-RpcNode2000 }, delay = 0 ms 
2026-04-13 16:11:15.901 DEBUG [nioEventLoopGroup-8-1] BaseClient [org.sunrise.game.core.client.BaseClientPulseHandler:27] - send ping, cur NodeId = { RpcNode2000-ConnectTo-RpcNode2 } 
2026-04-13 16:11:15.959 DEBUG [nioEventLoopGroup-3-4] BaseServer [org.sunrise.game.core.server.BaseServerPulseHandler:22] - recv ping, cur NodeId = { RpcNode2000 }, from NodeId = { RpcNode2-ConnectTo-RpcNode2000 }, delay = 0 ms 
2026-04-13 16:11:19.524 DEBUG [nioEventLoopGroup-3-1] BaseServer [org.sunrise.game.core.server.BaseServerPulseHandler:22] - recv ping, cur NodeId = { RpcNode2000 }, from NodeId = { RpcNode100-ConnectTo-RpcNode2000 }, delay = 0 ms 
2026-04-13 16:11:19.529 DEBUG [nioEventLoopGroup-5-1] BaseClient [org.sunrise.game.core.client.BaseClientPulseHandler:27] - send ping, cur NodeId = { RpcNode2000-ConnectTo-RpcNode100 } 
2026-04-13 16:11:21.558 DEBUG [nioEventLoopGroup-6-1] BaseClient [org.sunrise.game.core.client.BaseClientPulseHandler:27] - send ping, cur NodeId = { RpcNode2000-ConnectTo-RpcNode1000 } 
2026-04-13 16:11:21.612 DEBUG [nioEventLoopGroup-3-2] BaseServer [org.sunrise.game.core.server.BaseServerPulseHandler:22] - recv ping, cur NodeId = { RpcNode2000 }, from NodeId = { RpcNode1000-ConnectTo-RpcNode2000 }, delay = 0 ms 
2026-04-13 16:11:23.817 DEBUG [nioEventLoopGroup-7-1] BaseClient [org.sunrise.game.core.client.BaseClientPulseHandler:27] - send ping, cur NodeId = { RpcNode2000-ConnectTo-RpcNode3 } 
2026-04-13 16:11:23.870 DEBUG [nioEventLoopGroup-3-3] BaseServer [org.sunrise.game.core.server.BaseServerPulseHandler:22] - recv ping, cur NodeId = { RpcNode2000 }, from NodeId = { RpcNode3-ConnectTo-RpcNode2000 }, delay = 0 ms 
2026-04-13 16:11:25.901 DEBUG [nioEventLoopGroup-8-1] BaseClient [org.sunrise.game.core.client.BaseClientPulseHandler:27] - send ping, cur NodeId = { RpcNode2000-ConnectTo-RpcNode2 } 
2026-04-13 16:11:25.960 DEBUG [nioEventLoopGroup-3-4] BaseServer [org.sunrise.game.core.server.BaseServerPulseHandler:22] - recv ping, cur NodeId = { RpcNode2000 }, from NodeId = { RpcNode2-ConnectTo-RpcNode2000 }, delay = 0 ms 
2026-04-13 16:11:29.524 DEBUG [nioEventLoopGroup-3-1] BaseServer [org.sunrise.game.core.server.BaseServerPulseHandler:22] - recv ping, cur NodeId = { RpcNode2000 }, from NodeId = { RpcNode100-ConnectTo-RpcNode2000 }, delay = 0 ms 
2026-04-13 16:11:29.529 DEBUG [nioEventLoopGroup-5-1] BaseClient [org.sunrise.game.core.client.BaseClientPulseHandler:27] - send ping, cur NodeId = { RpcNode2000-ConnectTo-RpcNode100 } 
2026-04-13 16:11:31.559 DEBUG [nioEventLoopGroup-6-1] BaseClient [org.sunrise.game.core.client.BaseClientPulseHandler:27] - send ping, cur NodeId = { RpcNode2000-ConnectTo-RpcNode1000 } 
2026-04-13 16:11:31.613 DEBUG [nioEventLoopGroup-3-2] BaseServer [org.sunrise.game.core.server.BaseServerPulseHandler:22] - recv ping, cur NodeId = { RpcNode2000 }, from NodeId = { RpcNode1000-ConnectTo-RpcNode2000 }, delay = 0 ms 
2026-04-13 16:11:33.817 DEBUG [nioEventLoopGroup-7-1] BaseClient [org.sunrise.game.core.client.BaseClientPulseHandler:27] - send ping, cur NodeId = { RpcNode2000-ConnectTo-RpcNode3 } 
2026-04-13 16:11:33.871 DEBUG [nioEventLoopGroup-3-3] BaseServer [org.sunrise.game.core.server.BaseServerPulseHandler:22] - recv ping, cur NodeId = { RpcNode2000 }, from NodeId = { RpcNode3-ConnectTo-RpcNode2000 }, delay = 0 ms 
2026-04-13 16:11:35.901 DEBUG [nioEventLoopGroup-8-1] BaseClient [org.sunrise.game.core.client.BaseClientPulseHandler:27] - send ping, cur NodeId = { RpcNode2000-ConnectTo-RpcNode2 } 
2026-04-13 16:11:35.961 DEBUG [nioEventLoopGroup-3-4] BaseServer [org.sunrise.game.core.server.BaseServerPulseHandler:22] - recv ping, cur NodeId = { RpcNode2000 }, from NodeId = { RpcNode2-ConnectTo-RpcNode2000 }, delay = 0 ms 
2026-04-13 16:11:39.524 DEBUG [nioEventLoopGroup-3-1] BaseServer [org.sunrise.game.core.server.BaseServerPulseHandler:22] - recv ping, cur NodeId = { RpcNode2000 }, from NodeId = { RpcNode100-ConnectTo-RpcNode2000 }, delay = 0 ms 
2026-04-13 16:11:39.530 DEBUG [nioEventLoopGroup-5-1] BaseClient [org.sunrise.game.core.client.BaseClientPulseHandler:27] - send ping, cur NodeId = { RpcNode2000-ConnectTo-RpcNode100 } 
2026-04-13 16:11:41.559 DEBUG [nioEventLoopGroup-6-1] BaseClient [org.sunrise.game.core.client.BaseClientPulseHandler:27] - send ping, cur NodeId = { RpcNode2000-ConnectTo-RpcNode1000 } 
2026-04-13 16:11:41.613 DEBUG [nioEventLoopGroup-3-2] BaseServer [org.sunrise.game.core.server.BaseServerPulseHandler:22] - recv ping, cur NodeId = { RpcNode2000 }, from NodeId = { RpcNode1000-ConnectTo-RpcNode2000 }, delay = 0 ms 
2026-04-13 16:11:43.818 DEBUG [nioEventLoopGroup-7-1] BaseClient [org.sunrise.game.core.client.BaseClientPulseHandler:27] - send ping, cur NodeId = { RpcNode2000-ConnectTo-RpcNode3 } 
2026-04-13 16:11:43.871 DEBUG [nioEventLoopGroup-3-3] BaseServer [org.sunrise.game.core.server.BaseServerPulseHandler:22] - recv ping, cur NodeId = { RpcNode2000 }, from NodeId = { RpcNode3-ConnectTo-RpcNode2000 }, delay = 0 ms 
2026-04-13 16:11:45.901 DEBUG [nioEventLoopGroup-8-1] BaseClient [org.sunrise.game.core.client.BaseClientPulseHandler:27] - send ping, cur NodeId = { RpcNode2000-ConnectTo-RpcNode2 } 
2026-04-13 16:11:45.961 DEBUG [nioEventLoopGroup-3-4] BaseServer [org.sunrise.game.core.server.BaseServerPulseHandler:22] - recv ping, cur NodeId = { RpcNode2000 }, from NodeId = { RpcNode2-ConnectTo-RpcNode2000 }, delay = 0 ms 
2026-04-13 16:11:49.526 DEBUG [nioEventLoopGroup-3-1] BaseServer [org.sunrise.game.core.server.BaseServerPulseHandler:22] - recv ping, cur NodeId = { RpcNode2000 }, from NodeId = { RpcNode100-ConnectTo-RpcNode2000 }, delay = 0 ms 
2026-04-13 16:11:49.530 DEBUG [nioEventLoopGroup-5-1] BaseClient [org.sunrise.game.core.client.BaseClientPulseHandler:27] - send ping, cur NodeId = { RpcNode2000-ConnectTo-RpcNode100 } 
2026-04-13 16:11:51.559 DEBUG [nioEventLoopGroup-6-1] BaseClient [org.sunrise.game.core.client.BaseClientPulseHandler:27] - send ping, cur NodeId = { RpcNode2000-ConnectTo-RpcNode1000 } 
2026-04-13 16:11:51.614 DEBUG [nioEventLoopGroup-3-2] BaseServer [org.sunrise.game.core.server.BaseServerPulseHandler:22] - recv ping, cur NodeId = { RpcNode2000 }, from NodeId = { RpcNode1000-ConnectTo-RpcNode2000 }, delay = 0 ms 
2026-04-13 16:11:53.818 DEBUG [nioEventLoopGroup-7-1] BaseClient [org.sunrise.game.core.client.BaseClientPulseHandler:27] - send ping, cur NodeId = { RpcNode2000-ConnectTo-RpcNode3 } 
2026-04-13 16:11:53.872 DEBUG [nioEventLoopGroup-3-3] BaseServer [org.sunrise.game.core.server.BaseServerPulseHandler:22] - recv ping, cur NodeId = { RpcNode2000 }, from NodeId = { RpcNode3-ConnectTo-RpcNode2000 }, delay = 0 ms 
2026-04-13 16:11:55.902 DEBUG [nioEventLoopGroup-8-1] BaseClient [org.sunrise.game.core.client.BaseClientPulseHandler:27] - send ping, cur NodeId = { RpcNode2000-ConnectTo-RpcNode2 } 
2026-04-13 16:11:55.962 DEBUG [nioEventLoopGroup-3-4] BaseServer [org.sunrise.game.core.server.BaseServerPulseHandler:22] - recv ping, cur NodeId = { RpcNode2000 }, from NodeId = { RpcNode2-ConnectTo-RpcNode2000 }, delay = 0 ms 
2026-04-13 16:11:59.526 DEBUG [nioEventLoopGroup-3-1] BaseServer [org.sunrise.game.core.server.BaseServerPulseHandler:22] - recv ping, cur NodeId = { RpcNode2000 }, from NodeId = { RpcNode100-ConnectTo-RpcNode2000 }, delay = 0 ms 
2026-04-13 16:11:59.531 DEBUG [nioEventLoopGroup-5-1] BaseClient [org.sunrise.game.core.client.BaseClientPulseHandler:27] - send ping, cur NodeId = { RpcNode2000-ConnectTo-RpcNode100 } 
2026-04-13 16:12:01.560 DEBUG [nioEventLoopGroup-6-1] BaseClient [org.sunrise.game.core.client.BaseClientPulseHandler:27] - send ping, cur NodeId = { RpcNode2000-ConnectTo-RpcNode1000 } 
2026-04-13 16:12:01.614 DEBUG [nioEventLoopGroup-3-2] BaseServer [org.sunrise.game.core.server.BaseServerPulseHandler:22] - recv ping, cur NodeId = { RpcNode2000 }, from NodeId = { RpcNode1000-ConnectTo-RpcNode2000 }, delay = 0 ms 
2026-04-13 16:12:03.818 DEBUG [nioEventLoopGroup-7-1] BaseClient [org.sunrise.game.core.client.BaseClientPulseHandler:27] - send ping, cur NodeId = { RpcNode2000-ConnectTo-RpcNode3 } 
2026-04-13 16:12:03.873 DEBUG [nioEventLoopGroup-3-3] BaseServer [org.sunrise.game.core.server.BaseServerPulseHandler:22] - recv ping, cur NodeId = { RpcNode2000 }, from NodeId = { RpcNode3-ConnectTo-RpcNode2000 }, delay = 0 ms 
2026-04-13 16:12:05.902 DEBUG [nioEventLoopGroup-8-1] BaseClient [org.sunrise.game.core.client.BaseClientPulseHandler:27] - send ping, cur NodeId = { RpcNode2000-ConnectTo-RpcNode2 } 
2026-04-13 16:12:05.962 DEBUG [nioEventLoopGroup-3-4] BaseServer [org.sunrise.game.core.server.BaseServerPulseHandler:22] - recv ping, cur NodeId = { RpcNode2000 }, from NodeId = { RpcNode2-ConnectTo-RpcNode2000 }, delay = 0 ms 
2026-04-13 16:12:09.110 INFO  [CheckMemory] ServerStartUp [org.sunrise.game.utils.Utils:125] - Memory : {  total memory: 256 MB, free memory: 212 MB, used memory: 43 MB } 
2026-04-13 16:12:09.526 DEBUG [nioEventLoopGroup-3-1] BaseServer [org.sunrise.game.core.server.BaseServerPulseHandler:22] - recv ping, cur NodeId = { RpcNode2000 }, from NodeId = { RpcNode100-ConnectTo-RpcNode2000 }, delay = 0 ms 
2026-04-13 16:12:09.532 DEBUG [nioEventLoopGroup-5-1] BaseClient [org.sunrise.game.core.client.BaseClientPulseHandler:27] - send ping, cur NodeId = { RpcNode2000-ConnectTo-RpcNode100 } 
2026-04-13 16:12:11.561 DEBUG [nioEventLoopGroup-6-1] BaseClient [org.sunrise.game.core.client.BaseClientPulseHandler:27] - send ping, cur NodeId = { RpcNode2000-ConnectTo-RpcNode1000 } 
2026-04-13 16:12:11.614 DEBUG [nioEventLoopGroup-3-2] BaseServer [org.sunrise.game.core.server.BaseServerPulseHandler:22] - recv ping, cur NodeId = { RpcNode2000 }, from NodeId = { RpcNode1000-ConnectTo-RpcNode2000 }, delay = 0 ms 
2026-04-13 16:12:13.819 DEBUG [nioEventLoopGroup-7-1] BaseClient [org.sunrise.game.core.client.BaseClientPulseHandler:27] - send ping, cur NodeId = { RpcNode2000-ConnectTo-RpcNode3 } 
2026-04-13 16:12:13.874 DEBUG [nioEventLoopGroup-3-3] BaseServer [org.sunrise.game.core.server.BaseServerPulseHandler:22] - recv ping, cur NodeId = { RpcNode2000 }, from NodeId = { RpcNode3-ConnectTo-RpcNode2000 }, delay = 0 ms 
2026-04-13 16:12:15.902 DEBUG [nioEventLoopGroup-8-1] BaseClient [org.sunrise.game.core.client.BaseClientPulseHandler:27] - send ping, cur NodeId = { RpcNode2000-ConnectTo-RpcNode2 } 
2026-04-13 16:12:15.963 DEBUG [nioEventLoopGroup-3-4] BaseServer [org.sunrise.game.core.server.BaseServerPulseHandler:22] - recv ping, cur NodeId = { RpcNode2000 }, from NodeId = { RpcNode2-ConnectTo-RpcNode2000 }, delay = 0 ms 
2026-04-13 16:12:19.526 DEBUG [nioEventLoopGroup-3-1] BaseServer [org.sunrise.game.core.server.BaseServerPulseHandler:22] - recv ping, cur NodeId = { RpcNode2000 }, from NodeId = { RpcNode100-ConnectTo-RpcNode2000 }, delay = 0 ms 
2026-04-13 16:12:19.532 DEBUG [nioEventLoopGroup-5-1] BaseClient [org.sunrise.game.core.client.BaseClientPulseHandler:27] - send ping, cur NodeId = { RpcNode2000-ConnectTo-RpcNode100 } 
2026-04-13 16:12:21.561 DEBUG [nioEventLoopGroup-6-1] BaseClient [org.sunrise.game.core.client.BaseClientPulseHandler:27] - send ping, cur NodeId = { RpcNode2000-ConnectTo-RpcNode1000 } 
2026-04-13 16:12:21.615 DEBUG [nioEventLoopGroup-3-2] BaseServer [org.sunrise.game.core.server.BaseServerPulseHandler:22] - recv ping, cur NodeId = { RpcNode2000 }, from NodeId = { RpcNode1000-ConnectTo-RpcNode2000 }, delay = 0 ms 
2026-04-13 16:12:23.820 DEBUG [nioEventLoopGroup-7-1] BaseClient [org.sunrise.game.core.client.BaseClientPulseHandler:27] - send ping, cur NodeId = { RpcNode2000-ConnectTo-RpcNode3 } 
2026-04-13 16:12:23.873 DEBUG [nioEventLoopGroup-3-3] BaseServer [org.sunrise.game.core.server.BaseServerPulseHandler:22] - recv ping, cur NodeId = { RpcNode2000 }, from NodeId = { RpcNode3-ConnectTo-RpcNode2000 }, delay = 0 ms 
2026-04-13 16:12:25.903 DEBUG [nioEventLoopGroup-8-1] BaseClient [org.sunrise.game.core.client.BaseClientPulseHandler:27] - send ping, cur NodeId = { RpcNode2000-ConnectTo-RpcNode2 } 
2026-04-13 16:12:25.964 DEBUG [nioEventLoopGroup-3-4] BaseServer [org.sunrise.game.core.server.BaseServerPulseHandler:22] - recv ping, cur NodeId = { RpcNode2000 }, from NodeId = { RpcNode2-ConnectTo-RpcNode2000 }, delay = 0 ms 
2026-04-13 16:12:29.526 DEBUG [nioEventLoopGroup-3-1] BaseServer [org.sunrise.game.core.server.BaseServerPulseHandler:22] - recv ping, cur NodeId = { RpcNode2000 }, from NodeId = { RpcNode100-ConnectTo-RpcNode2000 }, delay = 0 ms 
2026-04-13 16:12:29.531 DEBUG [nioEventLoopGroup-5-1] BaseClient [org.sunrise.game.core.client.BaseClientPulseHandler:27] - send ping, cur NodeId = { RpcNode2000-ConnectTo-RpcNode100 } 
2026-04-13 16:12:31.561 DEBUG [nioEventLoopGroup-6-1] BaseClient [org.sunrise.game.core.client.BaseClientPulseHandler:27] - send ping, cur NodeId = { RpcNode2000-ConnectTo-RpcNode1000 } 
2026-04-13 16:12:31.616 DEBUG [nioEventLoopGroup-3-2] BaseServer [org.sunrise.game.core.server.BaseServerPulseHandler:22] - recv ping, cur NodeId = { RpcNode2000 }, from NodeId = { RpcNode1000-ConnectTo-RpcNode2000 }, delay = 0 ms 
2026-04-13 16:12:33.821 DEBUG [nioEventLoopGroup-7-1] BaseClient [org.sunrise.game.core.client.BaseClientPulseHandler:27] - send ping, cur NodeId = { RpcNode2000-ConnectTo-RpcNode3 } 
2026-04-13 16:12:33.874 DEBUG [nioEventLoopGroup-3-3] BaseServer [org.sunrise.game.core.server.BaseServerPulseHandler:22] - recv ping, cur NodeId = { RpcNode2000 }, from NodeId = { RpcNode3-ConnectTo-RpcNode2000 }, delay = 0 ms 
2026-04-13 16:12:35.903 DEBUG [nioEventLoopGroup-8-1] BaseClient [org.sunrise.game.core.client.BaseClientPulseHandler:27] - send ping, cur NodeId = { RpcNode2000-ConnectTo-RpcNode2 } 
2026-04-13 16:12:35.965 DEBUG [nioEventLoopGroup-3-4] BaseServer [org.sunrise.game.core.server.BaseServerPulseHandler:22] - recv ping, cur NodeId = { RpcNode2000 }, from NodeId = { RpcNode2-ConnectTo-RpcNode2000 }, delay = 0 ms 
2026-04-13 16:12:39.527 DEBUG [nioEventLoopGroup-3-1] BaseServer [org.sunrise.game.core.server.BaseServerPulseHandler:22] - recv ping, cur NodeId = { RpcNode2000 }, from NodeId = { RpcNode100-ConnectTo-RpcNode2000 }, delay = 0 ms 
2026-04-13 16:12:39.532 DEBUG [nioEventLoopGroup-5-1] BaseClient [org.sunrise.game.core.client.BaseClientPulseHandler:27] - send ping, cur NodeId = { RpcNode2000-ConnectTo-RpcNode100 } 
2026-04-13 16:12:41.561 DEBUG [nioEventLoopGroup-6-1] BaseClient [org.sunrise.game.core.client.BaseClientPulseHandler:27] - send ping, cur NodeId = { RpcNode2000-ConnectTo-RpcNode1000 } 
2026-04-13 16:12:41.617 DEBUG [nioEventLoopGroup-3-2] BaseServer [org.sunrise.game.core.server.BaseServerPulseHandler:22] - recv ping, cur NodeId = { RpcNode2000 }, from NodeId = { RpcNode1000-ConnectTo-RpcNode2000 }, delay = 0 ms 
2026-04-13 16:12:43.821 DEBUG [nioEventLoopGroup-7-1] BaseClient [org.sunrise.game.core.client.BaseClientPulseHandler:27] - send ping, cur NodeId = { RpcNode2000-ConnectTo-RpcNode3 } 
2026-04-13 16:12:43.874 DEBUG [nioEventLoopGroup-3-3] BaseServer [org.sunrise.game.core.server.BaseServerPulseHandler:22] - recv ping, cur NodeId = { RpcNode2000 }, from NodeId = { RpcNode3-ConnectTo-RpcNode2000 }, delay = 0 ms 
2026-04-13 16:12:45.904 DEBUG [nioEventLoopGroup-8-1] BaseClient [org.sunrise.game.core.client.BaseClientPulseHandler:27] - send ping, cur NodeId = { RpcNode2000-ConnectTo-RpcNode2 } 
2026-04-13 16:12:45.965 DEBUG [nioEventLoopGroup-3-4] BaseServer [org.sunrise.game.core.server.BaseServerPulseHandler:22] - recv ping, cur NodeId = { RpcNode2000 }, from NodeId = { RpcNode2-ConnectTo-RpcNode2000 }, delay = 0 ms 
2026-04-13 16:12:49.528 DEBUG [nioEventLoopGroup-3-1] BaseServer [org.sunrise.game.core.server.BaseServerPulseHandler:22] - recv ping, cur NodeId = { RpcNode2000 }, from NodeId = { RpcNode100-ConnectTo-RpcNode2000 }, delay = 0 ms 
2026-04-13 16:12:49.533 DEBUG [nioEventLoopGroup-5-1] BaseClient [org.sunrise.game.core.client.BaseClientPulseHandler:27] - send ping, cur NodeId = { RpcNode2000-ConnectTo-RpcNode100 } 
2026-04-13 16:12:51.561 DEBUG [nioEventLoopGroup-6-1] BaseClient [org.sunrise.game.core.client.BaseClientPulseHandler:27] - send ping, cur NodeId = { RpcNode2000-ConnectTo-RpcNode1000 } 
2026-04-13 16:12:51.617 DEBUG [nioEventLoopGroup-3-2] BaseServer [org.sunrise.game.core.server.BaseServerPulseHandler:22] - recv ping, cur NodeId = { RpcNode2000 }, from NodeId = { RpcNode1000-ConnectTo-RpcNode2000 }, delay = 0 ms 
2026-04-13 16:12:53.821 DEBUG [nioEventLoopGroup-7-1] BaseClient [org.sunrise.game.core.client.BaseClientPulseHandler:27] - send ping, cur NodeId = { RpcNode2000-ConnectTo-RpcNode3 } 
2026-04-13 16:12:53.874 DEBUG [nioEventLoopGroup-3-3] BaseServer [org.sunrise.game.core.server.BaseServerPulseHandler:22] - recv ping, cur NodeId = { RpcNode2000 }, from NodeId = { RpcNode3-ConnectTo-RpcNode2000 }, delay = 0 ms 
2026-04-13 16:12:55.904 DEBUG [nioEventLoopGroup-8-1] BaseClient [org.sunrise.game.core.client.BaseClientPulseHandler:27] - send ping, cur NodeId = { RpcNode2000-ConnectTo-RpcNode2 } 
2026-04-13 16:12:55.965 DEBUG [nioEventLoopGroup-3-4] BaseServer [org.sunrise.game.core.server.BaseServerPulseHandler:22] - recv ping, cur NodeId = { RpcNode2000 }, from NodeId = { RpcNode2-ConnectTo-RpcNode2000 }, delay = 0 ms 
2026-04-13 16:12:59.529 DEBUG [nioEventLoopGroup-3-1] BaseServer [org.sunrise.game.core.server.BaseServerPulseHandler:22] - recv ping, cur NodeId = { RpcNode2000 }, from NodeId = { RpcNode100-ConnectTo-RpcNode2000 }, delay = 0 ms 
2026-04-13 16:12:59.534 DEBUG [nioEventLoopGroup-5-1] BaseClient [org.sunrise.game.core.client.BaseClientPulseHandler:27] - send ping, cur NodeId = { RpcNode2000-ConnectTo-RpcNode100 } 
2026-04-13 16:13:01.563 DEBUG [nioEventLoopGroup-6-1] BaseClient [org.sunrise.game.core.client.BaseClientPulseHandler:27] - send ping, cur NodeId = { RpcNode2000-ConnectTo-RpcNode1000 } 
2026-04-13 16:13:01.618 DEBUG [nioEventLoopGroup-3-2] BaseServer [org.sunrise.game.core.server.BaseServerPulseHandler:22] - recv ping, cur NodeId = { RpcNode2000 }, from NodeId = { RpcNode1000-ConnectTo-RpcNode2000 }, delay = 0 ms 
2026-04-13 16:13:03.822 DEBUG [nioEventLoopGroup-7-1] BaseClient [org.sunrise.game.core.client.BaseClientPulseHandler:27] - send ping, cur NodeId = { RpcNode2000-ConnectTo-RpcNode3 } 
2026-04-13 16:13:03.875 DEBUG [nioEventLoopGroup-3-3] BaseServer [org.sunrise.game.core.server.BaseServerPulseHandler:22] - recv ping, cur NodeId = { RpcNode2000 }, from NodeId = { RpcNode3-ConnectTo-RpcNode2000 }, delay = 0 ms 
2026-04-13 16:13:05.905 DEBUG [nioEventLoopGroup-8-1] BaseClient [org.sunrise.game.core.client.BaseClientPulseHandler:27] - send ping, cur NodeId = { RpcNode2000-ConnectTo-RpcNode2 } 
2026-04-13 16:13:05.967 DEBUG [nioEventLoopGroup-3-4] BaseServer [org.sunrise.game.core.server.BaseServerPulseHandler:22] - recv ping, cur NodeId = { RpcNode2000 }, from NodeId = { RpcNode2-ConnectTo-RpcNode2000 }, delay = 0 ms 
2026-04-13 16:13:09.111 INFO  [CheckMemory] ServerStartUp [org.sunrise.game.utils.Utils:125] - Memory : {  total memory: 256 MB, free memory: 210 MB, used memory: 45 MB } 
2026-04-13 16:13:09.530 DEBUG [nioEventLoopGroup-3-1] BaseServer [org.sunrise.game.core.server.BaseServerPulseHandler:22] - recv ping, cur NodeId = { RpcNode2000 }, from NodeId = { RpcNode100-ConnectTo-RpcNode2000 }, delay = 0 ms 
2026-04-13 16:13:09.534 DEBUG [nioEventLoopGroup-5-1] BaseClient [org.sunrise.game.core.client.BaseClientPulseHandler:27] - send ping, cur NodeId = { RpcNode2000-ConnectTo-RpcNode100 } 
2026-04-13 16:13:11.563 DEBUG [nioEventLoopGroup-6-1] BaseClient [org.sunrise.game.core.client.BaseClientPulseHandler:27] - send ping, cur NodeId = { RpcNode2000-ConnectTo-RpcNode1000 } 
2026-04-13 16:13:11.619 DEBUG [nioEventLoopGroup-3-2] BaseServer [org.sunrise.game.core.server.BaseServerPulseHandler:22] - recv ping, cur NodeId = { RpcNode2000 }, from NodeId = { RpcNode1000-ConnectTo-RpcNode2000 }, delay = 0 ms 
2026-04-13 16:13:13.822 DEBUG [nioEventLoopGroup-7-1] BaseClient [org.sunrise.game.core.client.BaseClientPulseHandler:27] - send ping, cur NodeId = { RpcNode2000-ConnectTo-RpcNode3 } 
2026-04-13 16:13:13.875 DEBUG [nioEventLoopGroup-3-3] BaseServer [org.sunrise.game.core.server.BaseServerPulseHandler:22] - recv ping, cur NodeId = { RpcNode2000 }, from NodeId = { RpcNode3-ConnectTo-RpcNode2000 }, delay = 0 ms 
2026-04-13 16:13:15.906 DEBUG [nioEventLoopGroup-8-1] BaseClient [org.sunrise.game.core.client.BaseClientPulseHandler:27] - send ping, cur NodeId = { RpcNode2000-ConnectTo-RpcNode2 } 
2026-04-13 16:13:15.967 DEBUG [nioEventLoopGroup-3-4] BaseServer [org.sunrise.game.core.server.BaseServerPulseHandler:22] - recv ping, cur NodeId = { RpcNode2000 }, from NodeId = { RpcNode2-ConnectTo-RpcNode2000 }, delay = 0 ms 
2026-04-13 16:13:19.531 DEBUG [nioEventLoopGroup-3-1] BaseServer [org.sunrise.game.core.server.BaseServerPulseHandler:22] - recv ping, cur NodeId = { RpcNode2000 }, from NodeId = { RpcNode100-ConnectTo-RpcNode2000 }, delay = 0 ms 
2026-04-13 16:13:19.534 DEBUG [nioEventLoopGroup-5-1] BaseClient [org.sunrise.game.core.client.BaseClientPulseHandler:27] - send ping, cur NodeId = { RpcNode2000-ConnectTo-RpcNode100 } 
2026-04-13 16:13:21.564 DEBUG [nioEventLoopGroup-6-1] BaseClient [org.sunrise.game.core.client.BaseClientPulseHandler:27] - send ping, cur NodeId = { RpcNode2000-ConnectTo-RpcNode1000 } 
2026-04-13 16:13:21.619 DEBUG [nioEventLoopGroup-3-2] BaseServer [org.sunrise.game.core.server.BaseServerPulseHandler:22] - recv ping, cur NodeId = { RpcNode2000 }, from NodeId = { RpcNode1000-ConnectTo-RpcNode2000 }, delay = 0 ms 
2026-04-13 16:13:23.823 DEBUG [nioEventLoopGroup-7-1] BaseClient [org.sunrise.game.core.client.BaseClientPulseHandler:27] - send ping, cur NodeId = { RpcNode2000-ConnectTo-RpcNode3 } 
2026-04-13 16:13:23.876 DEBUG [nioEventLoopGroup-3-3] BaseServer [org.sunrise.game.core.server.BaseServerPulseHandler:22] - recv ping, cur NodeId = { RpcNode2000 }, from NodeId = { RpcNode3-ConnectTo-RpcNode2000 }, delay = 0 ms 
2026-04-13 16:13:25.906 DEBUG [nioEventLoopGroup-8-1] BaseClient [org.sunrise.game.core.client.BaseClientPulseHandler:27] - send ping, cur NodeId = { RpcNode2000-ConnectTo-RpcNode2 } 
2026-04-13 16:13:25.967 DEBUG [nioEventLoopGroup-3-4] BaseServer [org.sunrise.game.core.server.BaseServerPulseHandler:22] - recv ping, cur NodeId = { RpcNode2000 }, from NodeId = { RpcNode2-ConnectTo-RpcNode2000 }, delay = 0 ms 
2026-04-13 16:13:29.531 DEBUG [nioEventLoopGroup-3-1] BaseServer [org.sunrise.game.core.server.BaseServerPulseHandler:22] - recv ping, cur NodeId = { RpcNode2000 }, from NodeId = { RpcNode100-ConnectTo-RpcNode2000 }, delay = 0 ms 
2026-04-13 16:13:29.535 DEBUG [nioEventLoopGroup-5-1] BaseClient [org.sunrise.game.core.client.BaseClientPulseHandler:27] - send ping, cur NodeId = { RpcNode2000-ConnectTo-RpcNode100 } 
2026-04-13 16:13:31.566 DEBUG [nioEventLoopGroup-6-1] BaseClient [org.sunrise.game.core.client.BaseClientPulseHandler:27] - send ping, cur NodeId = { RpcNode2000-ConnectTo-RpcNode1000 } 
2026-04-13 16:13:31.619 DEBUG [nioEventLoopGroup-3-2] BaseServer [org.sunrise.game.core.server.BaseServerPulseHandler:22] - recv ping, cur NodeId = { RpcNode2000 }, from NodeId = { RpcNode1000-ConnectTo-RpcNode2000 }, delay = 0 ms 
2026-04-13 16:13:33.825 DEBUG [nioEventLoopGroup-7-1] BaseClient [org.sunrise.game.core.client.BaseClientPulseHandler:27] - send ping, cur NodeId = { RpcNode2000-ConnectTo-RpcNode3 } 
2026-04-13 16:13:33.876 DEBUG [nioEventLoopGroup-3-3] BaseServer [org.sunrise.game.core.server.BaseServerPulseHandler:22] - recv ping, cur NodeId = { RpcNode2000 }, from NodeId = { RpcNode3-ConnectTo-RpcNode2000 }, delay = 0 ms 
2026-04-13 16:13:35.906 DEBUG [nioEventLoopGroup-8-1] BaseClient [org.sunrise.game.core.client.BaseClientPulseHandler:27] - send ping, cur NodeId = { RpcNode2000-ConnectTo-RpcNode2 } 
2026-04-13 16:13:35.969 DEBUG [nioEventLoopGroup-3-4] BaseServer [org.sunrise.game.core.server.BaseServerPulseHandler:22] - recv ping, cur NodeId = { RpcNode2000 }, from NodeId = { RpcNode2-ConnectTo-RpcNode2000 }, delay = 0 ms 
2026-04-13 16:13:39.532 DEBUG [nioEventLoopGroup-3-1] BaseServer [org.sunrise.game.core.server.BaseServerPulseHandler:22] - recv ping, cur NodeId = { RpcNode2000 }, from NodeId = { RpcNode100-ConnectTo-RpcNode2000 }, delay = 0 ms 
2026-04-13 16:13:39.537 DEBUG [nioEventLoopGroup-5-1] BaseClient [org.sunrise.game.core.client.BaseClientPulseHandler:27] - send ping, cur NodeId = { RpcNode2000-ConnectTo-RpcNode100 } 
2026-04-13 16:13:41.566 DEBUG [nioEventLoopGroup-6-1] BaseClient [org.sunrise.game.core.client.BaseClientPulseHandler:27] - send ping, cur NodeId = { RpcNode2000-ConnectTo-RpcNode1000 } 
2026-04-13 16:13:41.619 DEBUG [nioEventLoopGroup-3-2] BaseServer [org.sunrise.game.core.server.BaseServerPulseHandler:22] - recv ping, cur NodeId = { RpcNode2000 }, from NodeId = { RpcNode1000-ConnectTo-RpcNode2000 }, delay = 0 ms 
2026-04-13 16:13:43.825 DEBUG [nioEventLoopGroup-7-1] BaseClient [org.sunrise.game.core.client.BaseClientPulseHandler:27] - send ping, cur NodeId = { RpcNode2000-ConnectTo-RpcNode3 } 
2026-04-13 16:13:43.878 DEBUG [nioEventLoopGroup-3-3] BaseServer [org.sunrise.game.core.server.BaseServerPulseHandler:22] - recv ping, cur NodeId = { RpcNode2000 }, from NodeId = { RpcNode3-ConnectTo-RpcNode2000 }, delay = 0 ms 
2026-04-13 16:13:45.907 DEBUG [nioEventLoopGroup-8-1] BaseClient [org.sunrise.game.core.client.BaseClientPulseHandler:27] - send ping, cur NodeId = { RpcNode2000-ConnectTo-RpcNode2 } 
2026-04-13 16:13:45.969 DEBUG [nioEventLoopGroup-3-4] BaseServer [org.sunrise.game.core.server.BaseServerPulseHandler:22] - recv ping, cur NodeId = { RpcNode2000 }, from NodeId = { RpcNode2-ConnectTo-RpcNode2000 }, delay = 0 ms 
2026-04-13 16:13:49.533 DEBUG [nioEventLoopGroup-3-1] BaseServer [org.sunrise.game.core.server.BaseServerPulseHandler:22] - recv ping, cur NodeId = { RpcNode2000 }, from NodeId = { RpcNode100-ConnectTo-RpcNode2000 }, delay = 0 ms 
2026-04-13 16:13:49.538 DEBUG [nioEventLoopGroup-5-1] BaseClient [org.sunrise.game.core.client.BaseClientPulseHandler:27] - send ping, cur NodeId = { RpcNode2000-ConnectTo-RpcNode100 } 
2026-04-13 16:13:51.566 DEBUG [nioEventLoopGroup-6-1] BaseClient [org.sunrise.game.core.client.BaseClientPulseHandler:27] - send ping, cur NodeId = { RpcNode2000-ConnectTo-RpcNode1000 } 
2026-04-13 16:13:51.620 DEBUG [nioEventLoopGroup-3-2] BaseServer [org.sunrise.game.core.server.BaseServerPulseHandler:22] - recv ping, cur NodeId = { RpcNode2000 }, from NodeId = { RpcNode1000-ConnectTo-RpcNode2000 }, delay = 0 ms 
2026-04-13 16:13:53.826 DEBUG [nioEventLoopGroup-7-1] BaseClient [org.sunrise.game.core.client.BaseClientPulseHandler:27] - send ping, cur NodeId = { RpcNode2000-ConnectTo-RpcNode3 } 
2026-04-13 16:13:53.878 DEBUG [nioEventLoopGroup-3-3] BaseServer [org.sunrise.game.core.server.BaseServerPulseHandler:22] - recv ping, cur NodeId = { RpcNode2000 }, from NodeId = { RpcNode3-ConnectTo-RpcNode2000 }, delay = 0 ms 
2026-04-13 16:13:55.907 DEBUG [nioEventLoopGroup-8-1] BaseClient [org.sunrise.game.core.client.BaseClientPulseHandler:27] - send ping, cur NodeId = { RpcNode2000-ConnectTo-RpcNode2 } 
2026-04-13 16:13:55.969 DEBUG [nioEventLoopGroup-3-4] BaseServer [org.sunrise.game.core.server.BaseServerPulseHandler:22] - recv ping, cur NodeId = { RpcNode2000 }, from NodeId = { RpcNode2-ConnectTo-RpcNode2000 }, delay = 0 ms 
2026-04-13 16:13:59.533 DEBUG [nioEventLoopGroup-3-1] BaseServer [org.sunrise.game.core.server.BaseServerPulseHandler:22] - recv ping, cur NodeId = { RpcNode2000 }, from NodeId = { RpcNode100-ConnectTo-RpcNode2000 }, delay = 0 ms 
2026-04-13 16:13:59.539 DEBUG [nioEventLoopGroup-5-1] BaseClient [org.sunrise.game.core.client.BaseClientPulseHandler:27] - send ping, cur NodeId = { RpcNode2000-ConnectTo-RpcNode100 } 
2026-04-13 16:14:01.567 DEBUG [nioEventLoopGroup-6-1] BaseClient [org.sunrise.game.core.client.BaseClientPulseHandler:27] - send ping, cur NodeId = { RpcNode2000-ConnectTo-RpcNode1000 } 
2026-04-13 16:14:01.621 DEBUG [nioEventLoopGroup-3-2] BaseServer [org.sunrise.game.core.server.BaseServerPulseHandler:22] - recv ping, cur NodeId = { RpcNode2000 }, from NodeId = { RpcNode1000-ConnectTo-RpcNode2000 }, delay = 0 ms 
2026-04-13 16:14:03.826 DEBUG [nioEventLoopGroup-7-1] BaseClient [org.sunrise.game.core.client.BaseClientPulseHandler:27] - send ping, cur NodeId = { RpcNode2000-ConnectTo-RpcNode3 } 
2026-04-13 16:14:03.878 DEBUG [nioEventLoopGroup-3-3] BaseServer [org.sunrise.game.core.server.BaseServerPulseHandler:22] - recv ping, cur NodeId = { RpcNode2000 }, from NodeId = { RpcNode3-ConnectTo-RpcNode2000 }, delay = 0 ms 
2026-04-13 16:14:05.908 DEBUG [nioEventLoopGroup-8-1] BaseClient [org.sunrise.game.core.client.BaseClientPulseHandler:27] - send ping, cur NodeId = { RpcNode2000-ConnectTo-RpcNode2 } 
2026-04-13 16:14:05.970 DEBUG [nioEventLoopGroup-3-4] BaseServer [org.sunrise.game.core.server.BaseServerPulseHandler:22] - recv ping, cur NodeId = { RpcNode2000 }, from NodeId = { RpcNode2-ConnectTo-RpcNode2000 }, delay = 0 ms 
2026-04-13 16:14:09.111 INFO  [CheckMemory] ServerStartUp [org.sunrise.game.utils.Utils:125] - Memory : {  total memory: 256 MB, free memory: 209 MB, used memory: 46 MB } 
2026-04-13 16:14:09.534 DEBUG [nioEventLoopGroup-3-1] BaseServer [org.sunrise.game.core.server.BaseServerPulseHandler:22] - recv ping, cur NodeId = { RpcNode2000 }, from NodeId = { RpcNode100-ConnectTo-RpcNode2000 }, delay = 0 ms 
2026-04-13 16:14:09.539 DEBUG [nioEventLoopGroup-5-1] BaseClient [org.sunrise.game.core.client.BaseClientPulseHandler:27] - send ping, cur NodeId = { RpcNode2000-ConnectTo-RpcNode100 } 
2026-04-13 16:14:11.568 DEBUG [nioEventLoopGroup-6-1] BaseClient [org.sunrise.game.core.client.BaseClientPulseHandler:27] - send ping, cur NodeId = { RpcNode2000-ConnectTo-RpcNode1000 } 
2026-04-13 16:14:11.622 DEBUG [nioEventLoopGroup-3-2] BaseServer [org.sunrise.game.core.server.BaseServerPulseHandler:22] - recv ping, cur NodeId = { RpcNode2000 }, from NodeId = { RpcNode1000-ConnectTo-RpcNode2000 }, delay = 0 ms 
2026-04-13 16:14:13.827 DEBUG [nioEventLoopGroup-7-1] BaseClient [org.sunrise.game.core.client.BaseClientPulseHandler:27] - send ping, cur NodeId = { RpcNode2000-ConnectTo-RpcNode3 } 
2026-04-13 16:14:13.879 DEBUG [nioEventLoopGroup-3-3] BaseServer [org.sunrise.game.core.server.BaseServerPulseHandler:22] - recv ping, cur NodeId = { RpcNode2000 }, from NodeId = { RpcNode3-ConnectTo-RpcNode2000 }, delay = 0 ms 
2026-04-13 16:14:15.909 DEBUG [nioEventLoopGroup-8-1] BaseClient [org.sunrise.game.core.client.BaseClientPulseHandler:27] - send ping, cur NodeId = { RpcNode2000-ConnectTo-RpcNode2 } 
2026-04-13 16:14:15.969 DEBUG [nioEventLoopGroup-3-4] BaseServer [org.sunrise.game.core.server.BaseServerPulseHandler:22] - recv ping, cur NodeId = { RpcNode2000 }, from NodeId = { RpcNode2-ConnectTo-RpcNode2000 }, delay = 0 ms 
2026-04-13 16:14:19.533 DEBUG [nioEventLoopGroup-3-1] BaseServer [org.sunrise.game.core.server.BaseServerPulseHandler:22] - recv ping, cur NodeId = { RpcNode2000 }, from NodeId = { RpcNode100-ConnectTo-RpcNode2000 }, delay = 0 ms 
2026-04-13 16:14:19.540 DEBUG [nioEventLoopGroup-5-1] BaseClient [org.sunrise.game.core.client.BaseClientPulseHandler:27] - send ping, cur NodeId = { RpcNode2000-ConnectTo-RpcNode100 } 
2026-04-13 16:14:21.568 DEBUG [nioEventLoopGroup-6-1] BaseClient [org.sunrise.game.core.client.BaseClientPulseHandler:27] - send ping, cur NodeId = { RpcNode2000-ConnectTo-RpcNode1000 } 
2026-04-13 16:14:21.622 DEBUG [nioEventLoopGroup-3-2] BaseServer [org.sunrise.game.core.server.BaseServerPulseHandler:22] - recv ping, cur NodeId = { RpcNode2000 }, from NodeId = { RpcNode1000-ConnectTo-RpcNode2000 }, delay = 0 ms 
2026-04-13 16:14:23.827 DEBUG [nioEventLoopGroup-7-1] BaseClient [org.sunrise.game.core.client.BaseClientPulseHandler:27] - send ping, cur NodeId = { RpcNode2000-ConnectTo-RpcNode3 } 
2026-04-13 16:14:23.880 DEBUG [nioEventLoopGroup-3-3] BaseServer [org.sunrise.game.core.server.BaseServerPulseHandler:22] - recv ping, cur NodeId = { RpcNode2000 }, from NodeId = { RpcNode3-ConnectTo-RpcNode2000 }, delay = 0 ms 
2026-04-13 16:14:25.909 DEBUG [nioEventLoopGroup-8-1] BaseClient [org.sunrise.game.core.client.BaseClientPulseHandler:27] - send ping, cur NodeId = { RpcNode2000-ConnectTo-RpcNode2 } 
2026-04-13 16:14:25.971 DEBUG [nioEventLoopGroup-3-4] BaseServer [org.sunrise.game.core.server.BaseServerPulseHandler:22] - recv ping, cur NodeId = { RpcNode2000 }, from NodeId = { RpcNode2-ConnectTo-RpcNode2000 }, delay = 0 ms 
2026-04-13 16:14:29.535 DEBUG [nioEventLoopGroup-3-1] BaseServer [org.sunrise.game.core.server.BaseServerPulseHandler:22] - recv ping, cur NodeId = { RpcNode2000 }, from NodeId = { RpcNode100-ConnectTo-RpcNode2000 }, delay = 0 ms 
2026-04-13 16:14:29.541 DEBUG [nioEventLoopGroup-5-1] BaseClient [org.sunrise.game.core.client.BaseClientPulseHandler:27] - send ping, cur NodeId = { RpcNode2000-ConnectTo-RpcNode100 } 
2026-04-13 16:14:31.569 DEBUG [nioEventLoopGroup-6-1] BaseClient [org.sunrise.game.core.client.BaseClientPulseHandler:27] - send ping, cur NodeId = { RpcNode2000-ConnectTo-RpcNode1000 } 
2026-04-13 16:14:31.623 DEBUG [nioEventLoopGroup-3-2] BaseServer [org.sunrise.game.core.server.BaseServerPulseHandler:22] - recv ping, cur NodeId = { RpcNode2000 }, from NodeId = { RpcNode1000-ConnectTo-RpcNode2000 }, delay = 0 ms 
2026-04-13 16:14:33.828 DEBUG [nioEventLoopGroup-7-1] BaseClient [org.sunrise.game.core.client.BaseClientPulseHandler:27] - send ping, cur NodeId = { RpcNode2000-ConnectTo-RpcNode3 } 
2026-04-13 16:14:33.881 DEBUG [nioEventLoopGroup-3-3] BaseServer [org.sunrise.game.core.server.BaseServerPulseHandler:22] - recv ping, cur NodeId = { RpcNode2000 }, from NodeId = { RpcNode3-ConnectTo-RpcNode2000 }, delay = 0 ms 
2026-04-13 16:14:35.910 DEBUG [nioEventLoopGroup-8-1] BaseClient [org.sunrise.game.core.client.BaseClientPulseHandler:27] - send ping, cur NodeId = { RpcNode2000-ConnectTo-RpcNode2 } 
2026-04-13 16:14:35.972 DEBUG [nioEventLoopGroup-3-4] BaseServer [org.sunrise.game.core.server.BaseServerPulseHandler:22] - recv ping, cur NodeId = { RpcNode2000 }, from NodeId = { RpcNode2-ConnectTo-RpcNode2000 }, delay = 0 ms 
2026-04-13 16:14:39.535 DEBUG [nioEventLoopGroup-3-1] BaseServer [org.sunrise.game.core.server.BaseServerPulseHandler:22] - recv ping, cur NodeId = { RpcNode2000 }, from NodeId = { RpcNode100-ConnectTo-RpcNode2000 }, delay = 0 ms 
2026-04-13 16:14:39.542 DEBUG [nioEventLoopGroup-5-1] BaseClient [org.sunrise.game.core.client.BaseClientPulseHandler:27] - send ping, cur NodeId = { RpcNode2000-ConnectTo-RpcNode100 } 
2026-04-13 16:14:41.569 DEBUG [nioEventLoopGroup-6-1] BaseClient [org.sunrise.game.core.client.BaseClientPulseHandler:27] - send ping, cur NodeId = { RpcNode2000-ConnectTo-RpcNode1000 } 
2026-04-13 16:14:41.623 DEBUG [nioEventLoopGroup-3-2] BaseServer [org.sunrise.game.core.server.BaseServerPulseHandler:22] - recv ping, cur NodeId = { RpcNode2000 }, from NodeId = { RpcNode1000-ConnectTo-RpcNode2000 }, delay = 0 ms 
2026-04-13 16:14:43.828 DEBUG [nioEventLoopGroup-7-1] BaseClient [org.sunrise.game.core.client.BaseClientPulseHandler:27] - send ping, cur NodeId = { RpcNode2000-ConnectTo-RpcNode3 } 
2026-04-13 16:14:43.881 DEBUG [nioEventLoopGroup-3-3] BaseServer [org.sunrise.game.core.server.BaseServerPulseHandler:22] - recv ping, cur NodeId = { RpcNode2000 }, from NodeId = { RpcNode3-ConnectTo-RpcNode2000 }, delay = 0 ms 
2026-04-13 16:14:45.911 DEBUG [nioEventLoopGroup-8-1] BaseClient [org.sunrise.game.core.client.BaseClientPulseHandler:27] - send ping, cur NodeId = { RpcNode2000-ConnectTo-RpcNode2 } 
2026-04-13 16:14:45.972 DEBUG [nioEventLoopGroup-3-4] BaseServer [org.sunrise.game.core.server.BaseServerPulseHandler:22] - recv ping, cur NodeId = { RpcNode2000 }, from NodeId = { RpcNode2-ConnectTo-RpcNode2000 }, delay = 0 ms 
2026-04-13 16:14:49.535 DEBUG [nioEventLoopGroup-3-1] BaseServer [org.sunrise.game.core.server.BaseServerPulseHandler:22] - recv ping, cur NodeId = { RpcNode2000 }, from NodeId = { RpcNode100-ConnectTo-RpcNode2000 }, delay = 0 ms 
2026-04-13 16:14:49.542 DEBUG [nioEventLoopGroup-5-1] BaseClient [org.sunrise.game.core.client.BaseClientPulseHandler:27] - send ping, cur NodeId = { RpcNode2000-ConnectTo-RpcNode100 } 
2026-04-13 16:14:51.569 DEBUG [nioEventLoopGroup-6-1] BaseClient [org.sunrise.game.core.client.BaseClientPulseHandler:27] - send ping, cur NodeId = { RpcNode2000-ConnectTo-RpcNode1000 } 
2026-04-13 16:14:51.623 DEBUG [nioEventLoopGroup-3-2] BaseServer [org.sunrise.game.core.server.BaseServerPulseHandler:22] - recv ping, cur NodeId = { RpcNode2000 }, from NodeId = { RpcNode1000-ConnectTo-RpcNode2000 }, delay = 0 ms 
2026-04-13 16:14:53.829 DEBUG [nioEventLoopGroup-7-1] BaseClient [org.sunrise.game.core.client.BaseClientPulseHandler:27] - send ping, cur NodeId = { RpcNode2000-ConnectTo-RpcNode3 } 
2026-04-13 16:14:53.882 DEBUG [nioEventLoopGroup-3-3] BaseServer [org.sunrise.game.core.server.BaseServerPulseHandler:22] - recv ping, cur NodeId = { RpcNode2000 }, from NodeId = { RpcNode3-ConnectTo-RpcNode2000 }, delay = 0 ms 
2026-04-13 16:14:55.911 DEBUG [nioEventLoopGroup-8-1] BaseClient [org.sunrise.game.core.client.BaseClientPulseHandler:27] - send ping, cur NodeId = { RpcNode2000-ConnectTo-RpcNode2 } 
2026-04-13 16:14:55.973 DEBUG [nioEventLoopGroup-3-4] BaseServer [org.sunrise.game.core.server.BaseServerPulseHandler:22] - recv ping, cur NodeId = { RpcNode2000 }, from NodeId = { RpcNode2-ConnectTo-RpcNode2000 }, delay = 0 ms 
2026-04-13 16:14:59.535 DEBUG [nioEventLoopGroup-3-1] BaseServer [org.sunrise.game.core.server.BaseServerPulseHandler:22] - recv ping, cur NodeId = { RpcNode2000 }, from NodeId = { RpcNode100-ConnectTo-RpcNode2000 }, delay = 0 ms 
2026-04-13 16:14:59.543 DEBUG [nioEventLoopGroup-5-1] BaseClient [org.sunrise.game.core.client.BaseClientPulseHandler:27] - send ping, cur NodeId = { RpcNode2000-ConnectTo-RpcNode100 } 
2026-04-13 16:15:01.569 DEBUG [nioEventLoopGroup-6-1] BaseClient [org.sunrise.game.core.client.BaseClientPulseHandler:27] - send ping, cur NodeId = { RpcNode2000-ConnectTo-RpcNode1000 } 
2026-04-13 16:15:01.624 DEBUG [nioEventLoopGroup-3-2] BaseServer [org.sunrise.game.core.server.BaseServerPulseHandler:22] - recv ping, cur NodeId = { RpcNode2000 }, from NodeId = { RpcNode1000-ConnectTo-RpcNode2000 }, delay = 0 ms 
2026-04-13 16:15:03.829 DEBUG [nioEventLoopGroup-7-1] BaseClient [org.sunrise.game.core.client.BaseClientPulseHandler:27] - send ping, cur NodeId = { RpcNode2000-ConnectTo-RpcNode3 } 
2026-04-13 16:15:03.882 DEBUG [nioEventLoopGroup-3-3] BaseServer [org.sunrise.game.core.server.BaseServerPulseHandler:22] - recv ping, cur NodeId = { RpcNode2000 }, from NodeId = { RpcNode3-ConnectTo-RpcNode2000 }, delay = 0 ms 
2026-04-13 16:15:05.911 DEBUG [nioEventLoopGroup-8-1] BaseClient [org.sunrise.game.core.client.BaseClientPulseHandler:27] - send ping, cur NodeId = { RpcNode2000-ConnectTo-RpcNode2 } 
2026-04-13 16:15:05.974 DEBUG [nioEventLoopGroup-3-4] BaseServer [org.sunrise.game.core.server.BaseServerPulseHandler:22] - recv ping, cur NodeId = { RpcNode2000 }, from NodeId = { RpcNode2-ConnectTo-RpcNode2000 }, delay = 0 ms 
2026-04-13 16:15:09.113 INFO  [CheckMemory] ServerStartUp [org.sunrise.game.utils.Utils:125] - Memory : {  total memory: 256 MB, free memory: 208 MB, used memory: 47 MB } 
2026-04-13 16:15:09.536 DEBUG [nioEventLoopGroup-3-1] BaseServer [org.sunrise.game.core.server.BaseServerPulseHandler:22] - recv ping, cur NodeId = { RpcNode2000 }, from NodeId = { RpcNode100-ConnectTo-RpcNode2000 }, delay = 0 ms 
2026-04-13 16:15:09.543 DEBUG [nioEventLoopGroup-5-1] BaseClient [org.sunrise.game.core.client.BaseClientPulseHandler:27] - send ping, cur NodeId = { RpcNode2000-ConnectTo-RpcNode100 } 
2026-04-13 16:15:11.571 DEBUG [nioEventLoopGroup-6-1] BaseClient [org.sunrise.game.core.client.BaseClientPulseHandler:27] - send ping, cur NodeId = { RpcNode2000-ConnectTo-RpcNode1000 } 
2026-04-13 16:15:11.626 DEBUG [nioEventLoopGroup-3-2] BaseServer [org.sunrise.game.core.server.BaseServerPulseHandler:22] - recv ping, cur NodeId = { RpcNode2000 }, from NodeId = { RpcNode1000-ConnectTo-RpcNode2000 }, delay = 0 ms 
2026-04-13 16:15:13.830 DEBUG [nioEventLoopGroup-7-1] BaseClient [org.sunrise.game.core.client.BaseClientPulseHandler:27] - send ping, cur NodeId = { RpcNode2000-ConnectTo-RpcNode3 } 
2026-04-13 16:15:13.881 DEBUG [nioEventLoopGroup-3-3] BaseServer [org.sunrise.game.core.server.BaseServerPulseHandler:22] - recv ping, cur NodeId = { RpcNode2000 }, from NodeId = { RpcNode3-ConnectTo-RpcNode2000 }, delay = 0 ms 
2026-04-13 16:15:15.913 DEBUG [nioEventLoopGroup-8-1] BaseClient [org.sunrise.game.core.client.BaseClientPulseHandler:27] - send ping, cur NodeId = { RpcNode2000-ConnectTo-RpcNode2 } 
2026-04-13 16:15:15.974 DEBUG [nioEventLoopGroup-3-4] BaseServer [org.sunrise.game.core.server.BaseServerPulseHandler:22] - recv ping, cur NodeId = { RpcNode2000 }, from NodeId = { RpcNode2-ConnectTo-RpcNode2000 }, delay = 0 ms 
2026-04-13 16:15:19.536 DEBUG [nioEventLoopGroup-3-1] BaseServer [org.sunrise.game.core.server.BaseServerPulseHandler:22] - recv ping, cur NodeId = { RpcNode2000 }, from NodeId = { RpcNode100-ConnectTo-RpcNode2000 }, delay = 0 ms 
2026-04-13 16:15:19.544 DEBUG [nioEventLoopGroup-5-1] BaseClient [org.sunrise.game.core.client.BaseClientPulseHandler:27] - send ping, cur NodeId = { RpcNode2000-ConnectTo-RpcNode100 } 
2026-04-13 16:15:21.570 DEBUG [nioEventLoopGroup-6-1] BaseClient [org.sunrise.game.core.client.BaseClientPulseHandler:27] - send ping, cur NodeId = { RpcNode2000-ConnectTo-RpcNode1000 } 
2026-04-13 16:15:21.627 DEBUG [nioEventLoopGroup-3-2] BaseServer [org.sunrise.game.core.server.BaseServerPulseHandler:22] - recv ping, cur NodeId = { RpcNode2000 }, from NodeId = { RpcNode1000-ConnectTo-RpcNode2000 }, delay = 0 ms 
2026-04-13 16:15:23.830 DEBUG [nioEventLoopGroup-7-1] BaseClient [org.sunrise.game.core.client.BaseClientPulseHandler:27] - send ping, cur NodeId = { RpcNode2000-ConnectTo-RpcNode3 } 
2026-04-13 16:15:23.882 DEBUG [nioEventLoopGroup-3-3] BaseServer [org.sunrise.game.core.server.BaseServerPulseHandler:22] - recv ping, cur NodeId = { RpcNode2000 }, from NodeId = { RpcNode3-ConnectTo-RpcNode2000 }, delay = 0 ms 
2026-04-13 16:15:25.913 DEBUG [nioEventLoopGroup-8-1] BaseClient [org.sunrise.game.core.client.BaseClientPulseHandler:27] - send ping, cur NodeId = { RpcNode2000-ConnectTo-RpcNode2 } 
2026-04-13 16:15:25.974 DEBUG [nioEventLoopGroup-3-4] BaseServer [org.sunrise.game.core.server.BaseServerPulseHandler:22] - recv ping, cur NodeId = { RpcNode2000 }, from NodeId = { RpcNode2-ConnectTo-RpcNode2000 }, delay = 0 ms 
2026-04-13 16:15:29.537 DEBUG [nioEventLoopGroup-3-1] BaseServer [org.sunrise.game.core.server.BaseServerPulseHandler:22] - recv ping, cur NodeId = { RpcNode2000 }, from NodeId = { RpcNode100-ConnectTo-RpcNode2000 }, delay = 0 ms 
2026-04-13 16:15:29.544 DEBUG [nioEventLoopGroup-5-1] BaseClient [org.sunrise.game.core.client.BaseClientPulseHandler:27] - send ping, cur NodeId = { RpcNode2000-ConnectTo-RpcNode100 } 
2026-04-13 16:15:31.570 DEBUG [nioEventLoopGroup-6-1] BaseClient [org.sunrise.game.core.client.BaseClientPulseHandler:27] - send ping, cur NodeId = { RpcNode2000-ConnectTo-RpcNode1000 } 
2026-04-13 16:15:31.627 DEBUG [nioEventLoopGroup-3-2] BaseServer [org.sunrise.game.core.server.BaseServerPulseHandler:22] - recv ping, cur NodeId = { RpcNode2000 }, from NodeId = { RpcNode1000-ConnectTo-RpcNode2000 }, delay = 0 ms 
2026-04-13 16:15:33.830 DEBUG [nioEventLoopGroup-7-1] BaseClient [org.sunrise.game.core.client.BaseClientPulseHandler:27] - send ping, cur NodeId = { RpcNode2000-ConnectTo-RpcNode3 } 
2026-04-13 16:15:33.883 DEBUG [nioEventLoopGroup-3-3] BaseServer [org.sunrise.game.core.server.BaseServerPulseHandler:22] - recv ping, cur NodeId = { RpcNode2000 }, from NodeId = { RpcNode3-ConnectTo-RpcNode2000 }, delay = 0 ms 
2026-04-13 16:15:35.913 DEBUG [nioEventLoopGroup-8-1] BaseClient [org.sunrise.game.core.client.BaseClientPulseHandler:27] - send ping, cur NodeId = { RpcNode2000-ConnectTo-RpcNode2 } 
2026-04-13 16:15:35.975 DEBUG [nioEventLoopGroup-3-4] BaseServer [org.sunrise.game.core.server.BaseServerPulseHandler:22] - recv ping, cur NodeId = { RpcNode2000 }, from NodeId = { RpcNode2-ConnectTo-RpcNode2000 }, delay = 0 ms 
2026-04-13 16:15:39.537 DEBUG [nioEventLoopGroup-3-1] BaseServer [org.sunrise.game.core.server.BaseServerPulseHandler:22] - recv ping, cur NodeId = { RpcNode2000 }, from NodeId = { RpcNode100-ConnectTo-RpcNode2000 }, delay = 0 ms 
2026-04-13 16:15:39.545 DEBUG [nioEventLoopGroup-5-1] BaseClient [org.sunrise.game.core.client.BaseClientPulseHandler:27] - send ping, cur NodeId = { RpcNode2000-ConnectTo-RpcNode100 } 
2026-04-13 16:15:41.571 DEBUG [nioEventLoopGroup-6-1] BaseClient [org.sunrise.game.core.client.BaseClientPulseHandler:27] - send ping, cur NodeId = { RpcNode2000-ConnectTo-RpcNode1000 } 
2026-04-13 16:15:41.627 DEBUG [nioEventLoopGroup-3-2] BaseServer [org.sunrise.game.core.server.BaseServerPulseHandler:22] - recv ping, cur NodeId = { RpcNode2000 }, from NodeId = { RpcNode1000-ConnectTo-RpcNode2000 }, delay = 0 ms 
2026-04-13 16:15:43.831 DEBUG [nioEventLoopGroup-7-1] BaseClient [org.sunrise.game.core.client.BaseClientPulseHandler:27] - send ping, cur NodeId = { RpcNode2000-ConnectTo-RpcNode3 } 
2026-04-13 16:15:43.882 DEBUG [nioEventLoopGroup-3-3] BaseServer [org.sunrise.game.core.server.BaseServerPulseHandler:22] - recv ping, cur NodeId = { RpcNode2000 }, from NodeId = { RpcNode3-ConnectTo-RpcNode2000 }, delay = 0 ms 
2026-04-13 16:15:45.914 DEBUG [nioEventLoopGroup-8-1] BaseClient [org.sunrise.game.core.client.BaseClientPulseHandler:27] - send ping, cur NodeId = { RpcNode2000-ConnectTo-RpcNode2 } 
2026-04-13 16:15:45.976 DEBUG [nioEventLoopGroup-3-4] BaseServer [org.sunrise.game.core.server.BaseServerPulseHandler:22] - recv ping, cur NodeId = { RpcNode2000 }, from NodeId = { RpcNode2-ConnectTo-RpcNode2000 }, delay = 0 ms 
2026-04-13 16:15:49.537 DEBUG [nioEventLoopGroup-3-1] BaseServer [org.sunrise.game.core.server.BaseServerPulseHandler:22] - recv ping, cur NodeId = { RpcNode2000 }, from NodeId = { RpcNode100-ConnectTo-RpcNode2000 }, delay = 0 ms 
2026-04-13 16:15:49.546 DEBUG [nioEventLoopGroup-5-1] BaseClient [org.sunrise.game.core.client.BaseClientPulseHandler:27] - send ping, cur NodeId = { RpcNode2000-ConnectTo-RpcNode100 } 
2026-04-13 16:15:51.571 DEBUG [nioEventLoopGroup-6-1] BaseClient [org.sunrise.game.core.client.BaseClientPulseHandler:27] - send ping, cur NodeId = { RpcNode2000-ConnectTo-RpcNode1000 } 
2026-04-13 16:15:51.627 DEBUG [nioEventLoopGroup-3-2] BaseServer [org.sunrise.game.core.server.BaseServerPulseHandler:22] - recv ping, cur NodeId = { RpcNode2000 }, from NodeId = { RpcNode1000-ConnectTo-RpcNode2000 }, delay = 0 ms 
2026-04-13 16:15:53.831 DEBUG [nioEventLoopGroup-7-1] BaseClient [org.sunrise.game.core.client.BaseClientPulseHandler:27] - send ping, cur NodeId = { RpcNode2000-ConnectTo-RpcNode3 } 
2026-04-13 16:15:53.883 DEBUG [nioEventLoopGroup-3-3] BaseServer [org.sunrise.game.core.server.BaseServerPulseHandler:22] - recv ping, cur NodeId = { RpcNode2000 }, from NodeId = { RpcNode3-ConnectTo-RpcNode2000 }, delay = 0 ms 
2026-04-13 16:15:55.914 DEBUG [nioEventLoopGroup-8-1] BaseClient [org.sunrise.game.core.client.BaseClientPulseHandler:27] - send ping, cur NodeId = { RpcNode2000-ConnectTo-RpcNode2 } 
2026-04-13 16:15:55.976 DEBUG [nioEventLoopGroup-3-4] BaseServer [org.sunrise.game.core.server.BaseServerPulseHandler:22] - recv ping, cur NodeId = { RpcNode2000 }, from NodeId = { RpcNode2-ConnectTo-RpcNode2000 }, delay = 0 ms 
2026-04-13 16:15:59.538 DEBUG [nioEventLoopGroup-3-1] BaseServer [org.sunrise.game.core.server.BaseServerPulseHandler:22] - recv ping, cur NodeId = { RpcNode2000 }, from NodeId = { RpcNode100-ConnectTo-RpcNode2000 }, delay = 0 ms 
2026-04-13 16:15:59.545 DEBUG [nioEventLoopGroup-5-1] BaseClient [org.sunrise.game.core.client.BaseClientPulseHandler:27] - send ping, cur NodeId = { RpcNode2000-ConnectTo-RpcNode100 } 
2026-04-13 16:16:01.572 DEBUG [nioEventLoopGroup-6-1] BaseClient [org.sunrise.game.core.client.BaseClientPulseHandler:27] - send ping, cur NodeId = { RpcNode2000-ConnectTo-RpcNode1000 } 
2026-04-13 16:16:01.628 DEBUG [nioEventLoopGroup-3-2] BaseServer [org.sunrise.game.core.server.BaseServerPulseHandler:22] - recv ping, cur NodeId = { RpcNode2000 }, from NodeId = { RpcNode1000-ConnectTo-RpcNode2000 }, delay = 0 ms 
2026-04-13 16:16:03.832 DEBUG [nioEventLoopGroup-7-1] BaseClient [org.sunrise.game.core.client.BaseClientPulseHandler:27] - send ping, cur NodeId = { RpcNode2000-ConnectTo-RpcNode3 } 
2026-04-13 16:16:03.884 DEBUG [nioEventLoopGroup-3-3] BaseServer [org.sunrise.game.core.server.BaseServerPulseHandler:22] - recv ping, cur NodeId = { RpcNode2000 }, from NodeId = { RpcNode3-ConnectTo-RpcNode2000 }, delay = 0 ms 
2026-04-13 16:16:05.915 DEBUG [nioEventLoopGroup-8-1] BaseClient [org.sunrise.game.core.client.BaseClientPulseHandler:27] - send ping, cur NodeId = { RpcNode2000-ConnectTo-RpcNode2 } 
2026-04-13 16:16:05.976 DEBUG [nioEventLoopGroup-3-4] BaseServer [org.sunrise.game.core.server.BaseServerPulseHandler:22] - recv ping, cur NodeId = { RpcNode2000 }, from NodeId = { RpcNode2-ConnectTo-RpcNode2000 }, delay = 0 ms 
2026-04-13 16:16:09.114 INFO  [CheckMemory] ServerStartUp [org.sunrise.game.utils.Utils:125] - Memory : {  total memory: 256 MB, free memory: 207 MB, used memory: 48 MB } 
2026-04-13 16:16:09.538 DEBUG [nioEventLoopGroup-3-1] BaseServer [org.sunrise.game.core.server.BaseServerPulseHandler:22] - recv ping, cur NodeId = { RpcNode2000 }, from NodeId = { RpcNode100-ConnectTo-RpcNode2000 }, delay = 0 ms 
2026-04-13 16:16:09.545 DEBUG [nioEventLoopGroup-5-1] BaseClient [org.sunrise.game.core.client.BaseClientPulseHandler:27] - send ping, cur NodeId = { RpcNode2000-ConnectTo-RpcNode100 } 
2026-04-13 16:16:11.571 DEBUG [nioEventLoopGroup-6-1] BaseClient [org.sunrise.game.core.client.BaseClientPulseHandler:27] - send ping, cur NodeId = { RpcNode2000-ConnectTo-RpcNode1000 } 
2026-04-13 16:16:11.629 DEBUG [nioEventLoopGroup-3-2] BaseServer [org.sunrise.game.core.server.BaseServerPulseHandler:22] - recv ping, cur NodeId = { RpcNode2000 }, from NodeId = { RpcNode1000-ConnectTo-RpcNode2000 }, delay = 0 ms 
2026-04-13 16:16:13.831 DEBUG [nioEventLoopGroup-7-1] BaseClient [org.sunrise.game.core.client.BaseClientPulseHandler:27] - send ping, cur NodeId = { RpcNode2000-ConnectTo-RpcNode3 } 
2026-04-13 16:16:13.885 DEBUG [nioEventLoopGroup-3-3] BaseServer [org.sunrise.game.core.server.BaseServerPulseHandler:22] - recv ping, cur NodeId = { RpcNode2000 }, from NodeId = { RpcNode3-ConnectTo-RpcNode2000 }, delay = 0 ms 
2026-04-13 16:16:15.915 DEBUG [nioEventLoopGroup-8-1] BaseClient [org.sunrise.game.core.client.BaseClientPulseHandler:27] - send ping, cur NodeId = { RpcNode2000-ConnectTo-RpcNode2 } 
2026-04-13 16:16:15.976 DEBUG [nioEventLoopGroup-3-4] BaseServer [org.sunrise.game.core.server.BaseServerPulseHandler:22] - recv ping, cur NodeId = { RpcNode2000 }, from NodeId = { RpcNode2-ConnectTo-RpcNode2000 }, delay = 0 ms 
2026-04-13 16:16:19.539 DEBUG [nioEventLoopGroup-3-1] BaseServer [org.sunrise.game.core.server.BaseServerPulseHandler:22] - recv ping, cur NodeId = { RpcNode2000 }, from NodeId = { RpcNode100-ConnectTo-RpcNode2000 }, delay = 0 ms 
2026-04-13 16:16:19.547 DEBUG [nioEventLoopGroup-5-1] BaseClient [org.sunrise.game.core.client.BaseClientPulseHandler:27] - send ping, cur NodeId = { RpcNode2000-ConnectTo-RpcNode100 } 
2026-04-13 16:16:21.572 DEBUG [nioEventLoopGroup-6-1] BaseClient [org.sunrise.game.core.client.BaseClientPulseHandler:27] - send ping, cur NodeId = { RpcNode2000-ConnectTo-RpcNode1000 } 
2026-04-13 16:16:21.630 DEBUG [nioEventLoopGroup-3-2] BaseServer [org.sunrise.game.core.server.BaseServerPulseHandler:22] - recv ping, cur NodeId = { RpcNode2000 }, from NodeId = { RpcNode1000-ConnectTo-RpcNode2000 }, delay = 0 ms 
2026-04-13 16:16:23.833 DEBUG [nioEventLoopGroup-7-1] BaseClient [org.sunrise.game.core.client.BaseClientPulseHandler:27] - send ping, cur NodeId = { RpcNode2000-ConnectTo-RpcNode3 } 
2026-04-13 16:16:23.886 DEBUG [nioEventLoopGroup-3-3] BaseServer [org.sunrise.game.core.server.BaseServerPulseHandler:22] - recv ping, cur NodeId = { RpcNode2000 }, from NodeId = { RpcNode3-ConnectTo-RpcNode2000 }, delay = 0 ms 
2026-04-13 16:16:25.915 DEBUG [nioEventLoopGroup-8-1] BaseClient [org.sunrise.game.core.client.BaseClientPulseHandler:27] - send ping, cur NodeId = { RpcNode2000-ConnectTo-RpcNode2 } 
2026-04-13 16:16:25.977 DEBUG [nioEventLoopGroup-3-4] BaseServer [org.sunrise.game.core.server.BaseServerPulseHandler:22] - recv ping, cur NodeId = { RpcNode2000 }, from NodeId = { RpcNode2-ConnectTo-RpcNode2000 }, delay = 0 ms 
2026-04-13 16:16:29.538 DEBUG [nioEventLoopGroup-3-1] BaseServer [org.sunrise.game.core.server.BaseServerPulseHandler:22] - recv ping, cur NodeId = { RpcNode2000 }, from NodeId = { RpcNode100-ConnectTo-RpcNode2000 }, delay = 0 ms 
2026-04-13 16:16:29.547 DEBUG [nioEventLoopGroup-5-1] BaseClient [org.sunrise.game.core.client.BaseClientPulseHandler:27] - send ping, cur NodeId = { RpcNode2000-ConnectTo-RpcNode100 } 
2026-04-13 16:16:31.572 DEBUG [nioEventLoopGroup-6-1] BaseClient [org.sunrise.game.core.client.BaseClientPulseHandler:27] - send ping, cur NodeId = { RpcNode2000-ConnectTo-RpcNode1000 } 
2026-04-13 16:16:31.630 DEBUG [nioEventLoopGroup-3-2] BaseServer [org.sunrise.game.core.server.BaseServerPulseHandler:22] - recv ping, cur NodeId = { RpcNode2000 }, from NodeId = { RpcNode1000-ConnectTo-RpcNode2000 }, delay = 0 ms 
2026-04-13 16:16:33.833 DEBUG [nioEventLoopGroup-7-1] BaseClient [org.sunrise.game.core.client.BaseClientPulseHandler:27] - send ping, cur NodeId = { RpcNode2000-ConnectTo-RpcNode3 } 
2026-04-13 16:16:33.887 DEBUG [nioEventLoopGroup-3-3] BaseServer [org.sunrise.game.core.server.BaseServerPulseHandler:22] - recv ping, cur NodeId = { RpcNode2000 }, from NodeId = { RpcNode3-ConnectTo-RpcNode2000 }, delay = 0 ms 
2026-04-13 16:16:35.915 DEBUG [nioEventLoopGroup-8-1] BaseClient [org.sunrise.game.core.client.BaseClientPulseHandler:27] - send ping, cur NodeId = { RpcNode2000-ConnectTo-RpcNode2 } 
2026-04-13 16:16:35.978 DEBUG [nioEventLoopGroup-3-4] BaseServer [org.sunrise.game.core.server.BaseServerPulseHandler:22] - recv ping, cur NodeId = { RpcNode2000 }, from NodeId = { RpcNode2-ConnectTo-RpcNode2000 }, delay = 0 ms 
2026-04-13 16:16:39.538 DEBUG [nioEventLoopGroup-3-1] BaseServer [org.sunrise.game.core.server.BaseServerPulseHandler:22] - recv ping, cur NodeId = { RpcNode2000 }, from NodeId = { RpcNode100-ConnectTo-RpcNode2000 }, delay = 0 ms 
2026-04-13 16:16:39.548 DEBUG [nioEventLoopGroup-5-1] BaseClient [org.sunrise.game.core.client.BaseClientPulseHandler:27] - send ping, cur NodeId = { RpcNode2000-ConnectTo-RpcNode100 } 
2026-04-13 16:16:41.573 DEBUG [nioEventLoopGroup-6-1] BaseClient [org.sunrise.game.core.client.BaseClientPulseHandler:27] - send ping, cur NodeId = { RpcNode2000-ConnectTo-RpcNode1000 } 
2026-04-13 16:16:41.629 DEBUG [nioEventLoopGroup-3-2] BaseServer [org.sunrise.game.core.server.BaseServerPulseHandler:22] - recv ping, cur NodeId = { RpcNode2000 }, from NodeId = { RpcNode1000-ConnectTo-RpcNode2000 }, delay = 0 ms 
2026-04-13 16:16:43.835 DEBUG [nioEventLoopGroup-7-1] BaseClient [org.sunrise.game.core.client.BaseClientPulseHandler:27] - send ping, cur NodeId = { RpcNode2000-ConnectTo-RpcNode3 } 
2026-04-13 16:16:43.887 DEBUG [nioEventLoopGroup-3-3] BaseServer [org.sunrise.game.core.server.BaseServerPulseHandler:22] - recv ping, cur NodeId = { RpcNode2000 }, from NodeId = { RpcNode3-ConnectTo-RpcNode2000 }, delay = 0 ms 
2026-04-13 16:16:45.917 DEBUG [nioEventLoopGroup-8-1] BaseClient [org.sunrise.game.core.client.BaseClientPulseHandler:27] - send ping, cur NodeId = { RpcNode2000-ConnectTo-RpcNode2 } 
2026-04-13 16:16:45.978 DEBUG [nioEventLoopGroup-3-4] BaseServer [org.sunrise.game.core.server.BaseServerPulseHandler:22] - recv ping, cur NodeId = { RpcNode2000 }, from NodeId = { RpcNode2-ConnectTo-RpcNode2000 }, delay = 0 ms 
2026-04-13 16:16:49.539 DEBUG [nioEventLoopGroup-3-1] BaseServer [org.sunrise.game.core.server.BaseServerPulseHandler:22] - recv ping, cur NodeId = { RpcNode2000 }, from NodeId = { RpcNode100-ConnectTo-RpcNode2000 }, delay = 0 ms 
2026-04-13 16:16:49.548 DEBUG [nioEventLoopGroup-5-1] BaseClient [org.sunrise.game.core.client.BaseClientPulseHandler:27] - send ping, cur NodeId = { RpcNode2000-ConnectTo-RpcNode100 } 
2026-04-13 16:16:51.573 DEBUG [nioEventLoopGroup-6-1] BaseClient [org.sunrise.game.core.client.BaseClientPulseHandler:27] - send ping, cur NodeId = { RpcNode2000-ConnectTo-RpcNode1000 } 
2026-04-13 16:16:51.630 DEBUG [nioEventLoopGroup-3-2] BaseServer [org.sunrise.game.core.server.BaseServerPulseHandler:22] - recv ping, cur NodeId = { RpcNode2000 }, from NodeId = { RpcNode1000-ConnectTo-RpcNode2000 }, delay = 0 ms 
2026-04-13 16:16:53.835 DEBUG [nioEventLoopGroup-7-1] BaseClient [org.sunrise.game.core.client.BaseClientPulseHandler:27] - send ping, cur NodeId = { RpcNode2000-ConnectTo-RpcNode3 } 
2026-04-13 16:16:53.888 DEBUG [nioEventLoopGroup-3-3] BaseServer [org.sunrise.game.core.server.BaseServerPulseHandler:22] - recv ping, cur NodeId = { RpcNode2000 }, from NodeId = { RpcNode3-ConnectTo-RpcNode2000 }, delay = 0 ms 
2026-04-13 16:16:55.918 DEBUG [nioEventLoopGroup-8-1] BaseClient [org.sunrise.game.core.client.BaseClientPulseHandler:27] - send ping, cur NodeId = { RpcNode2000-ConnectTo-RpcNode2 } 
2026-04-13 16:16:55.979 DEBUG [nioEventLoopGroup-3-4] BaseServer [org.sunrise.game.core.server.BaseServerPulseHandler:22] - recv ping, cur NodeId = { RpcNode2000 }, from NodeId = { RpcNode2-ConnectTo-RpcNode2000 }, delay = 0 ms 
2026-04-13 16:16:59.539 DEBUG [nioEventLoopGroup-3-1] BaseServer [org.sunrise.game.core.server.BaseServerPulseHandler:22] - recv ping, cur NodeId = { RpcNode2000 }, from NodeId = { RpcNode100-ConnectTo-RpcNode2000 }, delay = 0 ms 
2026-04-13 16:16:59.549 DEBUG [nioEventLoopGroup-5-1] BaseClient [org.sunrise.game.core.client.BaseClientPulseHandler:27] - send ping, cur NodeId = { RpcNode2000-ConnectTo-RpcNode100 } 
2026-04-13 16:17:01.574 DEBUG [nioEventLoopGroup-6-1] BaseClient [org.sunrise.game.core.client.BaseClientPulseHandler:27] - send ping, cur NodeId = { RpcNode2000-ConnectTo-RpcNode1000 } 
2026-04-13 16:17:01.631 DEBUG [nioEventLoopGroup-3-2] BaseServer [org.sunrise.game.core.server.BaseServerPulseHandler:22] - recv ping, cur NodeId = { RpcNode2000 }, from NodeId = { RpcNode1000-ConnectTo-RpcNode2000 }, delay = 0 ms 
2026-04-13 16:17:03.836 DEBUG [nioEventLoopGroup-7-1] BaseClient [org.sunrise.game.core.client.BaseClientPulseHandler:27] - send ping, cur NodeId = { RpcNode2000-ConnectTo-RpcNode3 } 
2026-04-13 16:17:03.888 DEBUG [nioEventLoopGroup-3-3] BaseServer [org.sunrise.game.core.server.BaseServerPulseHandler:22] - recv ping, cur NodeId = { RpcNode2000 }, from NodeId = { RpcNode3-ConnectTo-RpcNode2000 }, delay = 0 ms 
2026-04-13 16:17:05.918 DEBUG [nioEventLoopGroup-8-1] BaseClient [org.sunrise.game.core.client.BaseClientPulseHandler:27] - send ping, cur NodeId = { RpcNode2000-ConnectTo-RpcNode2 } 
2026-04-13 16:17:05.979 DEBUG [nioEventLoopGroup-3-4] BaseServer [org.sunrise.game.core.server.BaseServerPulseHandler:22] - recv ping, cur NodeId = { RpcNode2000 }, from NodeId = { RpcNode2-ConnectTo-RpcNode2000 }, delay = 0 ms 
2026-04-13 16:17:09.116 INFO  [CheckMemory] ServerStartUp [org.sunrise.game.utils.Utils:125] - Memory : {  total memory: 256 MB, free memory: 207 MB, used memory: 48 MB } 
2026-04-13 16:17:09.539 DEBUG [nioEventLoopGroup-3-1] BaseServer [org.sunrise.game.core.server.BaseServerPulseHandler:22] - recv ping, cur NodeId = { RpcNode2000 }, from NodeId = { RpcNode100-ConnectTo-RpcNode2000 }, delay = 0 ms 
2026-04-13 16:17:09.550 DEBUG [nioEventLoopGroup-5-1] BaseClient [org.sunrise.game.core.client.BaseClientPulseHandler:27] - send ping, cur NodeId = { RpcNode2000-ConnectTo-RpcNode100 } 
2026-04-13 16:17:11.573 DEBUG [nioEventLoopGroup-6-1] BaseClient [org.sunrise.game.core.client.BaseClientPulseHandler:27] - send ping, cur NodeId = { RpcNode2000-ConnectTo-RpcNode1000 } 
2026-04-13 16:17:11.631 DEBUG [nioEventLoopGroup-3-2] BaseServer [org.sunrise.game.core.server.BaseServerPulseHandler:22] - recv ping, cur NodeId = { RpcNode2000 }, from NodeId = { RpcNode1000-ConnectTo-RpcNode2000 }, delay = 0 ms 
2026-04-13 16:17:13.836 DEBUG [nioEventLoopGroup-7-1] BaseClient [org.sunrise.game.core.client.BaseClientPulseHandler:27] - send ping, cur NodeId = { RpcNode2000-ConnectTo-RpcNode3 } 
2026-04-13 16:17:13.889 DEBUG [nioEventLoopGroup-3-3] BaseServer [org.sunrise.game.core.server.BaseServerPulseHandler:22] - recv ping, cur NodeId = { RpcNode2000 }, from NodeId = { RpcNode3-ConnectTo-RpcNode2000 }, delay = 0 ms 
2026-04-13 16:17:15.919 DEBUG [nioEventLoopGroup-8-1] BaseClient [org.sunrise.game.core.client.BaseClientPulseHandler:27] - send ping, cur NodeId = { RpcNode2000-ConnectTo-RpcNode2 } 
2026-04-13 16:17:15.979 DEBUG [nioEventLoopGroup-3-4] BaseServer [org.sunrise.game.core.server.BaseServerPulseHandler:22] - recv ping, cur NodeId = { RpcNode2000 }, from NodeId = { RpcNode2-ConnectTo-RpcNode2000 }, delay = 0 ms 
2026-04-13 16:17:19.541 DEBUG [nioEventLoopGroup-3-1] BaseServer [org.sunrise.game.core.server.BaseServerPulseHandler:22] - recv ping, cur NodeId = { RpcNode2000 }, from NodeId = { RpcNode100-ConnectTo-RpcNode2000 }, delay = 0 ms 
2026-04-13 16:17:19.550 DEBUG [nioEventLoopGroup-5-1] BaseClient [org.sunrise.game.core.client.BaseClientPulseHandler:27] - send ping, cur NodeId = { RpcNode2000-ConnectTo-RpcNode100 } 
2026-04-13 16:17:21.574 DEBUG [nioEventLoopGroup-6-1] BaseClient [org.sunrise.game.core.client.BaseClientPulseHandler:27] - send ping, cur NodeId = { RpcNode2000-ConnectTo-RpcNode1000 } 
2026-04-13 16:17:21.632 DEBUG [nioEventLoopGroup-3-2] BaseServer [org.sunrise.game.core.server.BaseServerPulseHandler:22] - recv ping, cur NodeId = { RpcNode2000 }, from NodeId = { RpcNode1000-ConnectTo-RpcNode2000 }, delay = 0 ms 
2026-04-13 16:17:23.836 DEBUG [nioEventLoopGroup-7-1] BaseClient [org.sunrise.game.core.client.BaseClientPulseHandler:27] - send ping, cur NodeId = { RpcNode2000-ConnectTo-RpcNode3 } 
2026-04-13 16:17:23.889 DEBUG [nioEventLoopGroup-3-3] BaseServer [org.sunrise.game.core.server.BaseServerPulseHandler:22] - recv ping, cur NodeId = { RpcNode2000 }, from NodeId = { RpcNode3-ConnectTo-RpcNode2000 }, delay = 0 ms 
2026-04-13 16:17:25.921 DEBUG [nioEventLoopGroup-8-1] BaseClient [org.sunrise.game.core.client.BaseClientPulseHandler:27] - send ping, cur NodeId = { RpcNode2000-ConnectTo-RpcNode2 } 
2026-04-13 16:17:25.980 DEBUG [nioEventLoopGroup-3-4] BaseServer [org.sunrise.game.core.server.BaseServerPulseHandler:22] - recv ping, cur NodeId = { RpcNode2000 }, from NodeId = { RpcNode2-ConnectTo-RpcNode2000 }, delay = 0 ms 
2026-04-13 16:17:29.542 DEBUG [nioEventLoopGroup-3-1] BaseServer [org.sunrise.game.core.server.BaseServerPulseHandler:22] - recv ping, cur NodeId = { RpcNode2000 }, from NodeId = { RpcNode100-ConnectTo-RpcNode2000 }, delay = 0 ms 
2026-04-13 16:17:29.550 DEBUG [nioEventLoopGroup-5-1] BaseClient [org.sunrise.game.core.client.BaseClientPulseHandler:27] - send ping, cur NodeId = { RpcNode2000-ConnectTo-RpcNode100 } 
2026-04-13 16:17:31.574 DEBUG [nioEventLoopGroup-6-1] BaseClient [org.sunrise.game.core.client.BaseClientPulseHandler:27] - send ping, cur NodeId = { RpcNode2000-ConnectTo-RpcNode1000 } 
2026-04-13 16:17:31.632 DEBUG [nioEventLoopGroup-3-2] BaseServer [org.sunrise.game.core.server.BaseServerPulseHandler:22] - recv ping, cur NodeId = { RpcNode2000 }, from NodeId = { RpcNode1000-ConnectTo-RpcNode2000 }, delay = 0 ms 
2026-04-13 16:17:33.838 DEBUG [nioEventLoopGroup-7-1] BaseClient [org.sunrise.game.core.client.BaseClientPulseHandler:27] - send ping, cur NodeId = { RpcNode2000-ConnectTo-RpcNode3 } 
2026-04-13 16:17:33.889 DEBUG [nioEventLoopGroup-3-3] BaseServer [org.sunrise.game.core.server.BaseServerPulseHandler:22] - recv ping, cur NodeId = { RpcNode2000 }, from NodeId = { RpcNode3-ConnectTo-RpcNode2000 }, delay = 0 ms 
2026-04-13 16:17:35.921 DEBUG [nioEventLoopGroup-8-1] BaseClient [org.sunrise.game.core.client.BaseClientPulseHandler:27] - send ping, cur NodeId = { RpcNode2000-ConnectTo-RpcNode2 } 
2026-04-13 16:17:35.981 DEBUG [nioEventLoopGroup-3-4] BaseServer [org.sunrise.game.core.server.BaseServerPulseHandler:22] - recv ping, cur NodeId = { RpcNode2000 }, from NodeId = { RpcNode2-ConnectTo-RpcNode2000 }, delay = 0 ms 
2026-04-13 16:17:39.542 DEBUG [nioEventLoopGroup-3-1] BaseServer [org.sunrise.game.core.server.BaseServerPulseHandler:22] - recv ping, cur NodeId = { RpcNode2000 }, from NodeId = { RpcNode100-ConnectTo-RpcNode2000 }, delay = 0 ms 
2026-04-13 16:17:39.550 DEBUG [nioEventLoopGroup-5-1] BaseClient [org.sunrise.game.core.client.BaseClientPulseHandler:27] - send ping, cur NodeId = { RpcNode2000-ConnectTo-RpcNode100 } 
2026-04-13 16:17:41.575 DEBUG [nioEventLoopGroup-6-1] BaseClient [org.sunrise.game.core.client.BaseClientPulseHandler:27] - send ping, cur NodeId = { RpcNode2000-ConnectTo-RpcNode1000 } 
2026-04-13 16:17:41.633 DEBUG [nioEventLoopGroup-3-2] BaseServer [org.sunrise.game.core.server.BaseServerPulseHandler:22] - recv ping, cur NodeId = { RpcNode2000 }, from NodeId = { RpcNode1000-ConnectTo-RpcNode2000 }, delay = 0 ms 
2026-04-13 16:17:43.838 DEBUG [nioEventLoopGroup-7-1] BaseClient [org.sunrise.game.core.client.BaseClientPulseHandler:27] - send ping, cur NodeId = { RpcNode2000-ConnectTo-RpcNode3 } 
2026-04-13 16:17:43.890 DEBUG [nioEventLoopGroup-3-3] BaseServer [org.sunrise.game.core.server.BaseServerPulseHandler:22] - recv ping, cur NodeId = { RpcNode2000 }, from NodeId = { RpcNode3-ConnectTo-RpcNode2000 }, delay = 0 ms 
2026-04-13 16:17:45.921 DEBUG [nioEventLoopGroup-8-1] BaseClient [org.sunrise.game.core.client.BaseClientPulseHandler:27] - send ping, cur NodeId = { RpcNode2000-ConnectTo-RpcNode2 } 
2026-04-13 16:17:45.982 DEBUG [nioEventLoopGroup-3-4] BaseServer [org.sunrise.game.core.server.BaseServerPulseHandler:22] - recv ping, cur NodeId = { RpcNode2000 }, from NodeId = { RpcNode2-ConnectTo-RpcNode2000 }, delay = 0 ms 
2026-04-13 16:17:49.542 DEBUG [nioEventLoopGroup-3-1] BaseServer [org.sunrise.game.core.server.BaseServerPulseHandler:22] - recv ping, cur NodeId = { RpcNode2000 }, from NodeId = { RpcNode100-ConnectTo-RpcNode2000 }, delay = 0 ms 
2026-04-13 16:17:49.551 DEBUG [nioEventLoopGroup-5-1] BaseClient [org.sunrise.game.core.client.BaseClientPulseHandler:27] - send ping, cur NodeId = { RpcNode2000-ConnectTo-RpcNode100 } 
2026-04-13 16:17:51.575 DEBUG [nioEventLoopGroup-6-1] BaseClient [org.sunrise.game.core.client.BaseClientPulseHandler:27] - send ping, cur NodeId = { RpcNode2000-ConnectTo-RpcNode1000 } 
2026-04-13 16:17:51.633 DEBUG [nioEventLoopGroup-3-2] BaseServer [org.sunrise.game.core.server.BaseServerPulseHandler:22] - recv ping, cur NodeId = { RpcNode2000 }, from NodeId = { RpcNode1000-ConnectTo-RpcNode2000 }, delay = 0 ms 
2026-04-13 16:17:53.839 DEBUG [nioEventLoopGroup-7-1] BaseClient [org.sunrise.game.core.client.BaseClientPulseHandler:27] - send ping, cur NodeId = { RpcNode2000-ConnectTo-RpcNode3 } 
2026-04-13 16:17:53.890 DEBUG [nioEventLoopGroup-3-3] BaseServer [org.sunrise.game.core.server.BaseServerPulseHandler:22] - recv ping, cur NodeId = { RpcNode2000 }, from NodeId = { RpcNode3-ConnectTo-RpcNode2000 }, delay = 0 ms 
2026-04-13 16:17:55.922 DEBUG [nioEventLoopGroup-8-1] BaseClient [org.sunrise.game.core.client.BaseClientPulseHandler:27] - send ping, cur NodeId = { RpcNode2000-ConnectTo-RpcNode2 } 
2026-04-13 16:17:55.981 DEBUG [nioEventLoopGroup-3-4] BaseServer [org.sunrise.game.core.server.BaseServerPulseHandler:22] - recv ping, cur NodeId = { RpcNode2000 }, from NodeId = { RpcNode2-ConnectTo-RpcNode2000 }, delay = 0 ms 
2026-04-13 16:17:59.543 DEBUG [nioEventLoopGroup-3-1] BaseServer [org.sunrise.game.core.server.BaseServerPulseHandler:22] - recv ping, cur NodeId = { RpcNode2000 }, from NodeId = { RpcNode100-ConnectTo-RpcNode2000 }, delay = 0 ms 
2026-04-13 16:17:59.551 DEBUG [nioEventLoopGroup-5-1] BaseClient [org.sunrise.game.core.client.BaseClientPulseHandler:27] - send ping, cur NodeId = { RpcNode2000-ConnectTo-RpcNode100 } 
2026-04-13 16:18:01.576 DEBUG [nioEventLoopGroup-6-1] BaseClient [org.sunrise.game.core.client.BaseClientPulseHandler:27] - send ping, cur NodeId = { RpcNode2000-ConnectTo-RpcNode1000 } 
2026-04-13 16:18:01.633 DEBUG [nioEventLoopGroup-3-2] BaseServer [org.sunrise.game.core.server.BaseServerPulseHandler:22] - recv ping, cur NodeId = { RpcNode2000 }, from NodeId = { RpcNode1000-ConnectTo-RpcNode2000 }, delay = 0 ms 
2026-04-13 16:18:03.839 DEBUG [nioEventLoopGroup-7-1] BaseClient [org.sunrise.game.core.client.BaseClientPulseHandler:27] - send ping, cur NodeId = { RpcNode2000-ConnectTo-RpcNode3 } 
2026-04-13 16:18:03.890 DEBUG [nioEventLoopGroup-3-3] BaseServer [org.sunrise.game.core.server.BaseServerPulseHandler:22] - recv ping, cur NodeId = { RpcNode2000 }, from NodeId = { RpcNode3-ConnectTo-RpcNode2000 }, delay = 0 ms 
2026-04-13 16:18:05.922 DEBUG [nioEventLoopGroup-8-1] BaseClient [org.sunrise.game.core.client.BaseClientPulseHandler:27] - send ping, cur NodeId = { RpcNode2000-ConnectTo-RpcNode2 } 
2026-04-13 16:18:05.982 DEBUG [nioEventLoopGroup-3-4] BaseServer [org.sunrise.game.core.server.BaseServerPulseHandler:22] - recv ping, cur NodeId = { RpcNode2000 }, from NodeId = { RpcNode2-ConnectTo-RpcNode2000 }, delay = 0 ms 
2026-04-13 16:18:09.118 INFO  [CheckMemory] ServerStartUp [org.sunrise.game.utils.Utils:125] - Memory : {  total memory: 256 MB, free memory: 207 MB, used memory: 48 MB } 
2026-04-13 16:18:09.544 DEBUG [nioEventLoopGroup-3-1] BaseServer [org.sunrise.game.core.server.BaseServerPulseHandler:22] - recv ping, cur NodeId = { RpcNode2000 }, from NodeId = { RpcNode100-ConnectTo-RpcNode2000 }, delay = 0 ms 
2026-04-13 16:18:09.552 DEBUG [nioEventLoopGroup-5-1] BaseClient [org.sunrise.game.core.client.BaseClientPulseHandler:27] - send ping, cur NodeId = { RpcNode2000-ConnectTo-RpcNode100 } 
2026-04-13 16:18:11.578 DEBUG [nioEventLoopGroup-6-1] BaseClient [org.sunrise.game.core.client.BaseClientPulseHandler:27] - send ping, cur NodeId = { RpcNode2000-ConnectTo-RpcNode1000 } 
2026-04-13 16:18:11.634 DEBUG [nioEventLoopGroup-3-2] BaseServer [org.sunrise.game.core.server.BaseServerPulseHandler:22] - recv ping, cur NodeId = { RpcNode2000 }, from NodeId = { RpcNode1000-ConnectTo-RpcNode2000 }, delay = 0 ms 
2026-04-13 16:18:13.840 DEBUG [nioEventLoopGroup-7-1] BaseClient [org.sunrise.game.core.client.BaseClientPulseHandler:27] - send ping, cur NodeId = { RpcNode2000-ConnectTo-RpcNode3 } 
2026-04-13 16:18:13.891 DEBUG [nioEventLoopGroup-3-3] BaseServer [org.sunrise.game.core.server.BaseServerPulseHandler:22] - recv ping, cur NodeId = { RpcNode2000 }, from NodeId = { RpcNode3-ConnectTo-RpcNode2000 }, delay = 0 ms 
2026-04-13 16:18:15.923 DEBUG [nioEventLoopGroup-8-1] BaseClient [org.sunrise.game.core.client.BaseClientPulseHandler:27] - send ping, cur NodeId = { RpcNode2000-ConnectTo-RpcNode2 } 
2026-04-13 16:18:15.984 DEBUG [nioEventLoopGroup-3-4] BaseServer [org.sunrise.game.core.server.BaseServerPulseHandler:22] - recv ping, cur NodeId = { RpcNode2000 }, from NodeId = { RpcNode2-ConnectTo-RpcNode2000 }, delay = 0 ms 
2026-04-13 16:18:19.544 DEBUG [nioEventLoopGroup-3-1] BaseServer [org.sunrise.game.core.server.BaseServerPulseHandler:22] - recv ping, cur NodeId = { RpcNode2000 }, from NodeId = { RpcNode100-ConnectTo-RpcNode2000 }, delay = 0 ms 
2026-04-13 16:18:19.552 DEBUG [nioEventLoopGroup-5-1] BaseClient [org.sunrise.game.core.client.BaseClientPulseHandler:27] - send ping, cur NodeId = { RpcNode2000-ConnectTo-RpcNode100 } 
2026-04-13 16:18:21.578 DEBUG [nioEventLoopGroup-6-1] BaseClient [org.sunrise.game.core.client.BaseClientPulseHandler:27] - send ping, cur NodeId = { RpcNode2000-ConnectTo-RpcNode1000 } 
2026-04-13 16:18:21.633 DEBUG [nioEventLoopGroup-3-2] BaseServer [org.sunrise.game.core.server.BaseServerPulseHandler:22] - recv ping, cur NodeId = { RpcNode2000 }, from NodeId = { RpcNode1000-ConnectTo-RpcNode2000 }, delay = 0 ms 
2026-04-13 16:18:23.841 DEBUG [nioEventLoopGroup-7-1] BaseClient [org.sunrise.game.core.client.BaseClientPulseHandler:27] - send ping, cur NodeId = { RpcNode2000-ConnectTo-RpcNode3 } 
2026-04-13 16:18:23.891 DEBUG [nioEventLoopGroup-3-3] BaseServer [org.sunrise.game.core.server.BaseServerPulseHandler:22] - recv ping, cur NodeId = { RpcNode2000 }, from NodeId = { RpcNode3-ConnectTo-RpcNode2000 }, delay = 0 ms 
2026-04-13 16:18:25.925 DEBUG [nioEventLoopGroup-8-1] BaseClient [org.sunrise.game.core.client.BaseClientPulseHandler:27] - send ping, cur NodeId = { RpcNode2000-ConnectTo-RpcNode2 } 
2026-04-13 16:18:25.983 DEBUG [nioEventLoopGroup-3-4] BaseServer [org.sunrise.game.core.server.BaseServerPulseHandler:22] - recv ping, cur NodeId = { RpcNode2000 }, from NodeId = { RpcNode2-ConnectTo-RpcNode2000 }, delay = 0 ms 
2026-04-13 16:18:29.545 DEBUG [nioEventLoopGroup-3-1] BaseServer [org.sunrise.game.core.server.BaseServerPulseHandler:22] - recv ping, cur NodeId = { RpcNode2000 }, from NodeId = { RpcNode100-ConnectTo-RpcNode2000 }, delay = 0 ms 
2026-04-13 16:18:29.552 DEBUG [nioEventLoopGroup-5-1] BaseClient [org.sunrise.game.core.client.BaseClientPulseHandler:27] - send ping, cur NodeId = { RpcNode2000-ConnectTo-RpcNode100 } 
2026-04-13 16:18:31.579 DEBUG [nioEventLoopGroup-6-1] BaseClient [org.sunrise.game.core.client.BaseClientPulseHandler:27] - send ping, cur NodeId = { RpcNode2000-ConnectTo-RpcNode1000 } 
2026-04-13 16:18:31.634 DEBUG [nioEventLoopGroup-3-2] BaseServer [org.sunrise.game.core.server.BaseServerPulseHandler:22] - recv ping, cur NodeId = { RpcNode2000 }, from NodeId = { RpcNode1000-ConnectTo-RpcNode2000 }, delay = 0 ms 
2026-04-13 16:18:33.842 DEBUG [nioEventLoopGroup-7-1] BaseClient [org.sunrise.game.core.client.BaseClientPulseHandler:27] - send ping, cur NodeId = { RpcNode2000-ConnectTo-RpcNode3 } 
2026-04-13 16:18:33.892 DEBUG [nioEventLoopGroup-3-3] BaseServer [org.sunrise.game.core.server.BaseServerPulseHandler:22] - recv ping, cur NodeId = { RpcNode2000 }, from NodeId = { RpcNode3-ConnectTo-RpcNode2000 }, delay = 0 ms 
2026-04-13 16:18:35.925 DEBUG [nioEventLoopGroup-8-1] BaseClient [org.sunrise.game.core.client.BaseClientPulseHandler:27] - send ping, cur NodeId = { RpcNode2000-ConnectTo-RpcNode2 } 
2026-04-13 16:18:35.985 DEBUG [nioEventLoopGroup-3-4] BaseServer [org.sunrise.game.core.server.BaseServerPulseHandler:22] - recv ping, cur NodeId = { RpcNode2000 }, from NodeId = { RpcNode2-ConnectTo-RpcNode2000 }, delay = 0 ms 
2026-04-13 16:18:39.547 DEBUG [nioEventLoopGroup-3-1] BaseServer [org.sunrise.game.core.server.BaseServerPulseHandler:22] - recv ping, cur NodeId = { RpcNode2000 }, from NodeId = { RpcNode100-ConnectTo-RpcNode2000 }, delay = 0 ms 
2026-04-13 16:18:39.554 DEBUG [nioEventLoopGroup-5-1] BaseClient [org.sunrise.game.core.client.BaseClientPulseHandler:27] - send ping, cur NodeId = { RpcNode2000-ConnectTo-RpcNode100 } 
2026-04-13 16:18:41.579 DEBUG [nioEventLoopGroup-6-1] BaseClient [org.sunrise.game.core.client.BaseClientPulseHandler:27] - send ping, cur NodeId = { RpcNode2000-ConnectTo-RpcNode1000 } 
2026-04-13 16:18:41.635 DEBUG [nioEventLoopGroup-3-2] BaseServer [org.sunrise.game.core.server.BaseServerPulseHandler:22] - recv ping, cur NodeId = { RpcNode2000 }, from NodeId = { RpcNode1000-ConnectTo-RpcNode2000 }, delay = 0 ms 
2026-04-13 16:18:43.843 DEBUG [nioEventLoopGroup-7-1] BaseClient [org.sunrise.game.core.client.BaseClientPulseHandler:27] - send ping, cur NodeId = { RpcNode2000-ConnectTo-RpcNode3 } 
2026-04-13 16:18:43.894 DEBUG [nioEventLoopGroup-3-3] BaseServer [org.sunrise.game.core.server.BaseServerPulseHandler:22] - recv ping, cur NodeId = { RpcNode2000 }, from NodeId = { RpcNode3-ConnectTo-RpcNode2000 }, delay = 0 ms 
2026-04-13 16:18:45.926 DEBUG [nioEventLoopGroup-8-1] BaseClient [org.sunrise.game.core.client.BaseClientPulseHandler:27] - send ping, cur NodeId = { RpcNode2000-ConnectTo-RpcNode2 } 
2026-04-13 16:18:45.985 DEBUG [nioEventLoopGroup-3-4] BaseServer [org.sunrise.game.core.server.BaseServerPulseHandler:22] - recv ping, cur NodeId = { RpcNode2000 }, from NodeId = { RpcNode2-ConnectTo-RpcNode2000 }, delay = 0 ms 
2026-04-13 16:18:49.547 DEBUG [nioEventLoopGroup-3-1] BaseServer [org.sunrise.game.core.server.BaseServerPulseHandler:22] - recv ping, cur NodeId = { RpcNode2000 }, from NodeId = { RpcNode100-ConnectTo-RpcNode2000 }, delay = 0 ms 
2026-04-13 16:18:49.554 DEBUG [nioEventLoopGroup-5-1] BaseClient [org.sunrise.game.core.client.BaseClientPulseHandler:27] - send ping, cur NodeId = { RpcNode2000-ConnectTo-RpcNode100 } 
2026-04-13 16:18:51.580 DEBUG [nioEventLoopGroup-6-1] BaseClient [org.sunrise.game.core.client.BaseClientPulseHandler:27] - send ping, cur NodeId = { RpcNode2000-ConnectTo-RpcNode1000 } 
2026-04-13 16:18:51.636 DEBUG [nioEventLoopGroup-3-2] BaseServer [org.sunrise.game.core.server.BaseServerPulseHandler:22] - recv ping, cur NodeId = { RpcNode2000 }, from NodeId = { RpcNode1000-ConnectTo-RpcNode2000 }, delay = 0 ms 
2026-04-13 16:18:53.843 DEBUG [nioEventLoopGroup-7-1] BaseClient [org.sunrise.game.core.client.BaseClientPulseHandler:27] - send ping, cur NodeId = { RpcNode2000-ConnectTo-RpcNode3 } 
2026-04-13 16:18:53.895 DEBUG [nioEventLoopGroup-3-3] BaseServer [org.sunrise.game.core.server.BaseServerPulseHandler:22] - recv ping, cur NodeId = { RpcNode2000 }, from NodeId = { RpcNode3-ConnectTo-RpcNode2000 }, delay = 0 ms 
2026-04-13 16:18:55.927 DEBUG [nioEventLoopGroup-8-1] BaseClient [org.sunrise.game.core.client.BaseClientPulseHandler:27] - send ping, cur NodeId = { RpcNode2000-ConnectTo-RpcNode2 } 
2026-04-13 16:18:55.985 DEBUG [nioEventLoopGroup-3-4] BaseServer [org.sunrise.game.core.server.BaseServerPulseHandler:22] - recv ping, cur NodeId = { RpcNode2000 }, from NodeId = { RpcNode2-ConnectTo-RpcNode2000 }, delay = 0 ms 
2026-04-13 16:18:59.547 DEBUG [nioEventLoopGroup-3-1] BaseServer [org.sunrise.game.core.server.BaseServerPulseHandler:22] - recv ping, cur NodeId = { RpcNode2000 }, from NodeId = { RpcNode100-ConnectTo-RpcNode2000 }, delay = 0 ms 
2026-04-13 16:18:59.554 DEBUG [nioEventLoopGroup-5-1] BaseClient [org.sunrise.game.core.client.BaseClientPulseHandler:27] - send ping, cur NodeId = { RpcNode2000-ConnectTo-RpcNode100 } 
2026-04-13 16:19:01.581 DEBUG [nioEventLoopGroup-6-1] BaseClient [org.sunrise.game.core.client.BaseClientPulseHandler:27] - send ping, cur NodeId = { RpcNode2000-ConnectTo-RpcNode1000 } 
2026-04-13 16:19:01.636 DEBUG [nioEventLoopGroup-3-2] BaseServer [org.sunrise.game.core.server.BaseServerPulseHandler:22] - recv ping, cur NodeId = { RpcNode2000 }, from NodeId = { RpcNode1000-ConnectTo-RpcNode2000 }, delay = 0 ms 
2026-04-13 16:19:03.845 DEBUG [nioEventLoopGroup-7-1] BaseClient [org.sunrise.game.core.client.BaseClientPulseHandler:27] - send ping, cur NodeId = { RpcNode2000-ConnectTo-RpcNode3 } 
2026-04-13 16:19:03.895 DEBUG [nioEventLoopGroup-3-3] BaseServer [org.sunrise.game.core.server.BaseServerPulseHandler:22] - recv ping, cur NodeId = { RpcNode2000 }, from NodeId = { RpcNode3-ConnectTo-RpcNode2000 }, delay = 0 ms 
2026-04-13 16:19:05.927 DEBUG [nioEventLoopGroup-8-1] BaseClient [org.sunrise.game.core.client.BaseClientPulseHandler:27] - send ping, cur NodeId = { RpcNode2000-ConnectTo-RpcNode2 } 
2026-04-13 16:19:05.986 DEBUG [nioEventLoopGroup-3-4] BaseServer [org.sunrise.game.core.server.BaseServerPulseHandler:22] - recv ping, cur NodeId = { RpcNode2000 }, from NodeId = { RpcNode2-ConnectTo-RpcNode2000 }, delay = 0 ms 
2026-04-13 16:19:09.119 INFO  [CheckMemory] ServerStartUp [org.sunrise.game.utils.Utils:125] - Memory : {  total memory: 256 MB, free memory: 207 MB, used memory: 48 MB } 
2026-04-13 16:19:09.548 DEBUG [nioEventLoopGroup-3-1] BaseServer [org.sunrise.game.core.server.BaseServerPulseHandler:22] - recv ping, cur NodeId = { RpcNode2000 }, from NodeId = { RpcNode100-ConnectTo-RpcNode2000 }, delay = 0 ms 
2026-04-13 16:19:09.555 DEBUG [nioEventLoopGroup-5-1] BaseClient [org.sunrise.game.core.client.BaseClientPulseHandler:27] - send ping, cur NodeId = { RpcNode2000-ConnectTo-RpcNode100 } 
2026-04-13 16:19:11.581 DEBUG [nioEventLoopGroup-6-1] BaseClient [org.sunrise.game.core.client.BaseClientPulseHandler:27] - send ping, cur NodeId = { RpcNode2000-ConnectTo-RpcNode1000 } 
2026-04-13 16:19:11.637 DEBUG [nioEventLoopGroup-3-2] BaseServer [org.sunrise.game.core.server.BaseServerPulseHandler:22] - recv ping, cur NodeId = { RpcNode2000 }, from NodeId = { RpcNode1000-ConnectTo-RpcNode2000 }, delay = 0 ms 
2026-04-13 16:19:13.845 DEBUG [nioEventLoopGroup-7-1] BaseClient [org.sunrise.game.core.client.BaseClientPulseHandler:27] - send ping, cur NodeId = { RpcNode2000-ConnectTo-RpcNode3 } 
2026-04-13 16:19:13.896 DEBUG [nioEventLoopGroup-3-3] BaseServer [org.sunrise.game.core.server.BaseServerPulseHandler:22] - recv ping, cur NodeId = { RpcNode2000 }, from NodeId = { RpcNode3-ConnectTo-RpcNode2000 }, delay = 0 ms 
2026-04-13 16:19:15.929 DEBUG [nioEventLoopGroup-8-1] BaseClient [org.sunrise.game.core.client.BaseClientPulseHandler:27] - send ping, cur NodeId = { RpcNode2000-ConnectTo-RpcNode2 } 
2026-04-13 16:19:15.986 DEBUG [nioEventLoopGroup-3-4] BaseServer [org.sunrise.game.core.server.BaseServerPulseHandler:22] - recv ping, cur NodeId = { RpcNode2000 }, from NodeId = { RpcNode2-ConnectTo-RpcNode2000 }, delay = 0 ms 
2026-04-13 16:19:19.548 DEBUG [nioEventLoopGroup-3-1] BaseServer [org.sunrise.game.core.server.BaseServerPulseHandler:22] - recv ping, cur NodeId = { RpcNode2000 }, from NodeId = { RpcNode100-ConnectTo-RpcNode2000 }, delay = 0 ms 
2026-04-13 16:19:19.555 DEBUG [nioEventLoopGroup-5-1] BaseClient [org.sunrise.game.core.client.BaseClientPulseHandler:27] - send ping, cur NodeId = { RpcNode2000-ConnectTo-RpcNode100 } 
2026-04-13 16:19:21.582 DEBUG [nioEventLoopGroup-6-1] BaseClient [org.sunrise.game.core.client.BaseClientPulseHandler:27] - send ping, cur NodeId = { RpcNode2000-ConnectTo-RpcNode1000 } 
2026-04-13 16:19:21.638 DEBUG [nioEventLoopGroup-3-2] BaseServer [org.sunrise.game.core.server.BaseServerPulseHandler:22] - recv ping, cur NodeId = { RpcNode2000 }, from NodeId = { RpcNode1000-ConnectTo-RpcNode2000 }, delay = 0 ms 
2026-04-13 16:19:23.845 DEBUG [nioEventLoopGroup-7-1] BaseClient [org.sunrise.game.core.client.BaseClientPulseHandler:27] - send ping, cur NodeId = { RpcNode2000-ConnectTo-RpcNode3 } 
2026-04-13 16:19:23.895 DEBUG [nioEventLoopGroup-3-3] BaseServer [org.sunrise.game.core.server.BaseServerPulseHandler:22] - recv ping, cur NodeId = { RpcNode2000 }, from NodeId = { RpcNode3-ConnectTo-RpcNode2000 }, delay = 0 ms 
2026-04-13 16:19:25.930 DEBUG [nioEventLoopGroup-8-1] BaseClient [org.sunrise.game.core.client.BaseClientPulseHandler:27] - send ping, cur NodeId = { RpcNode2000-ConnectTo-RpcNode2 } 
2026-04-13 16:19:25.986 DEBUG [nioEventLoopGroup-3-4] BaseServer [org.sunrise.game.core.server.BaseServerPulseHandler:22] - recv ping, cur NodeId = { RpcNode2000 }, from NodeId = { RpcNode2-ConnectTo-RpcNode2000 }, delay = 0 ms 
2026-04-13 16:19:29.548 DEBUG [nioEventLoopGroup-3-1] BaseServer [org.sunrise.game.core.server.BaseServerPulseHandler:22] - recv ping, cur NodeId = { RpcNode2000 }, from NodeId = { RpcNode100-ConnectTo-RpcNode2000 }, delay = 0 ms 
2026-04-13 16:19:29.556 DEBUG [nioEventLoopGroup-5-1] BaseClient [org.sunrise.game.core.client.BaseClientPulseHandler:27] - send ping, cur NodeId = { RpcNode2000-ConnectTo-RpcNode100 } 
2026-04-13 16:19:31.583 DEBUG [nioEventLoopGroup-6-1] BaseClient [org.sunrise.game.core.client.BaseClientPulseHandler:27] - send ping, cur NodeId = { RpcNode2000-ConnectTo-RpcNode1000 } 
2026-04-13 16:19:31.638 DEBUG [nioEventLoopGroup-3-2] BaseServer [org.sunrise.game.core.server.BaseServerPulseHandler:22] - recv ping, cur NodeId = { RpcNode2000 }, from NodeId = { RpcNode1000-ConnectTo-RpcNode2000 }, delay = 0 ms 
2026-04-13 16:19:33.845 DEBUG [nioEventLoopGroup-7-1] BaseClient [org.sunrise.game.core.client.BaseClientPulseHandler:27] - send ping, cur NodeId = { RpcNode2000-ConnectTo-RpcNode3 } 
2026-04-13 16:19:33.896 DEBUG [nioEventLoopGroup-3-3] BaseServer [org.sunrise.game.core.server.BaseServerPulseHandler:22] - recv ping, cur NodeId = { RpcNode2000 }, from NodeId = { RpcNode3-ConnectTo-RpcNode2000 }, delay = 0 ms 
2026-04-13 16:19:35.930 DEBUG [nioEventLoopGroup-8-1] BaseClient [org.sunrise.game.core.client.BaseClientPulseHandler:27] - send ping, cur NodeId = { RpcNode2000-ConnectTo-RpcNode2 } 
2026-04-13 16:19:35.987 DEBUG [nioEventLoopGroup-3-4] BaseServer [org.sunrise.game.core.server.BaseServerPulseHandler:22] - recv ping, cur NodeId = { RpcNode2000 }, from NodeId = { RpcNode2-ConnectTo-RpcNode2000 }, delay = 0 ms 
2026-04-13 16:19:39.549 DEBUG [nioEventLoopGroup-3-1] BaseServer [org.sunrise.game.core.server.BaseServerPulseHandler:22] - recv ping, cur NodeId = { RpcNode2000 }, from NodeId = { RpcNode100-ConnectTo-RpcNode2000 }, delay = 0 ms 
2026-04-13 16:19:39.556 DEBUG [nioEventLoopGroup-5-1] BaseClient [org.sunrise.game.core.client.BaseClientPulseHandler:27] - send ping, cur NodeId = { RpcNode2000-ConnectTo-RpcNode100 } 
2026-04-13 16:19:41.582 DEBUG [nioEventLoopGroup-6-1] BaseClient [org.sunrise.game.core.client.BaseClientPulseHandler:27] - send ping, cur NodeId = { RpcNode2000-ConnectTo-RpcNode1000 } 
2026-04-13 16:19:41.639 DEBUG [nioEventLoopGroup-3-2] BaseServer [org.sunrise.game.core.server.BaseServerPulseHandler:22] - recv ping, cur NodeId = { RpcNode2000 }, from NodeId = { RpcNode1000-ConnectTo-RpcNode2000 }, delay = 0 ms 
2026-04-13 16:19:43.845 DEBUG [nioEventLoopGroup-7-1] BaseClient [org.sunrise.game.core.client.BaseClientPulseHandler:27] - send ping, cur NodeId = { RpcNode2000-ConnectTo-RpcNode3 } 
2026-04-13 16:19:43.896 DEBUG [nioEventLoopGroup-3-3] BaseServer [org.sunrise.game.core.server.BaseServerPulseHandler:22] - recv ping, cur NodeId = { RpcNode2000 }, from NodeId = { RpcNode3-ConnectTo-RpcNode2000 }, delay = 0 ms 
2026-04-13 16:19:45.930 DEBUG [nioEventLoopGroup-8-1] BaseClient [org.sunrise.game.core.client.BaseClientPulseHandler:27] - send ping, cur NodeId = { RpcNode2000-ConnectTo-RpcNode2 } 
2026-04-13 16:19:45.987 DEBUG [nioEventLoopGroup-3-4] BaseServer [org.sunrise.game.core.server.BaseServerPulseHandler:22] - recv ping, cur NodeId = { RpcNode2000 }, from NodeId = { RpcNode2-ConnectTo-RpcNode2000 }, delay = 0 ms 
2026-04-13 16:19:49.550 DEBUG [nioEventLoopGroup-3-1] BaseServer [org.sunrise.game.core.server.BaseServerPulseHandler:22] - recv ping, cur NodeId = { RpcNode2000 }, from NodeId = { RpcNode100-ConnectTo-RpcNode2000 }, delay = 0 ms 
2026-04-13 16:19:49.557 DEBUG [nioEventLoopGroup-5-1] BaseClient [org.sunrise.game.core.client.BaseClientPulseHandler:27] - send ping, cur NodeId = { RpcNode2000-ConnectTo-RpcNode100 } 
2026-04-13 16:19:51.584 DEBUG [nioEventLoopGroup-6-1] BaseClient [org.sunrise.game.core.client.BaseClientPulseHandler:27] - send ping, cur NodeId = { RpcNode2000-ConnectTo-RpcNode1000 } 
2026-04-13 16:19:51.639 DEBUG [nioEventLoopGroup-3-2] BaseServer [org.sunrise.game.core.server.BaseServerPulseHandler:22] - recv ping, cur NodeId = { RpcNode2000 }, from NodeId = { RpcNode1000-ConnectTo-RpcNode2000 }, delay = 0 ms 
2026-04-13 16:19:53.846 DEBUG [nioEventLoopGroup-7-1] BaseClient [org.sunrise.game.core.client.BaseClientPulseHandler:27] - send ping, cur NodeId = { RpcNode2000-ConnectTo-RpcNode3 } 
2026-04-13 16:19:53.897 DEBUG [nioEventLoopGroup-3-3] BaseServer [org.sunrise.game.core.server.BaseServerPulseHandler:22] - recv ping, cur NodeId = { RpcNode2000 }, from NodeId = { RpcNode3-ConnectTo-RpcNode2000 }, delay = 0 ms 
2026-04-13 16:19:55.931 DEBUG [nioEventLoopGroup-8-1] BaseClient [org.sunrise.game.core.client.BaseClientPulseHandler:27] - send ping, cur NodeId = { RpcNode2000-ConnectTo-RpcNode2 } 
2026-04-13 16:19:55.987 DEBUG [nioEventLoopGroup-3-4] BaseServer [org.sunrise.game.core.server.BaseServerPulseHandler:22] - recv ping, cur NodeId = { RpcNode2000 }, from NodeId = { RpcNode2-ConnectTo-RpcNode2000 }, delay = 0 ms 
2026-04-13 16:19:59.550 DEBUG [nioEventLoopGroup-3-1] BaseServer [org.sunrise.game.core.server.BaseServerPulseHandler:22] - recv ping, cur NodeId = { RpcNode2000 }, from NodeId = { RpcNode100-ConnectTo-RpcNode2000 }, delay = 0 ms 
2026-04-13 16:19:59.558 DEBUG [nioEventLoopGroup-5-1] BaseClient [org.sunrise.game.core.client.BaseClientPulseHandler:27] - send ping, cur NodeId = { RpcNode2000-ConnectTo-RpcNode100 } 
2026-04-13 16:20:01.584 DEBUG [nioEventLoopGroup-6-1] BaseClient [org.sunrise.game.core.client.BaseClientPulseHandler:27] - send ping, cur NodeId = { RpcNode2000-ConnectTo-RpcNode1000 } 
2026-04-13 16:20:01.640 DEBUG [nioEventLoopGroup-3-2] BaseServer [org.sunrise.game.core.server.BaseServerPulseHandler:22] - recv ping, cur NodeId = { RpcNode2000 }, from NodeId = { RpcNode1000-ConnectTo-RpcNode2000 }, delay = 0 ms 
2026-04-13 16:20:03.846 DEBUG [nioEventLoopGroup-7-1] BaseClient [org.sunrise.game.core.client.BaseClientPulseHandler:27] - send ping, cur NodeId = { RpcNode2000-ConnectTo-RpcNode3 } 
2026-04-13 16:20:03.898 DEBUG [nioEventLoopGroup-3-3] BaseServer [org.sunrise.game.core.server.BaseServerPulseHandler:22] - recv ping, cur NodeId = { RpcNode2000 }, from NodeId = { RpcNode3-ConnectTo-RpcNode2000 }, delay = 0 ms 
2026-04-13 16:20:05.932 DEBUG [nioEventLoopGroup-8-1] BaseClient [org.sunrise.game.core.client.BaseClientPulseHandler:27] - send ping, cur NodeId = { RpcNode2000-ConnectTo-RpcNode2 } 
2026-04-13 16:20:05.988 DEBUG [nioEventLoopGroup-3-4] BaseServer [org.sunrise.game.core.server.BaseServerPulseHandler:22] - recv ping, cur NodeId = { RpcNode2000 }, from NodeId = { RpcNode2-ConnectTo-RpcNode2000 }, delay = 0 ms 
2026-04-13 16:20:09.120 INFO  [CheckMemory] ServerStartUp [org.sunrise.game.utils.Utils:125] - Memory : {  total memory: 256 MB, free memory: 207 MB, used memory: 48 MB } 
2026-04-13 16:20:09.550 DEBUG [nioEventLoopGroup-3-1] BaseServer [org.sunrise.game.core.server.BaseServerPulseHandler:22] - recv ping, cur NodeId = { RpcNode2000 }, from NodeId = { RpcNode100-ConnectTo-RpcNode2000 }, delay = 0 ms 
2026-04-13 16:20:09.559 DEBUG [nioEventLoopGroup-5-1] BaseClient [org.sunrise.game.core.client.BaseClientPulseHandler:27] - send ping, cur NodeId = { RpcNode2000-ConnectTo-RpcNode100 } 
2026-04-13 16:20:11.584 DEBUG [nioEventLoopGroup-6-1] BaseClient [org.sunrise.game.core.client.BaseClientPulseHandler:27] - send ping, cur NodeId = { RpcNode2000-ConnectTo-RpcNode1000 } 
2026-04-13 16:20:11.640 DEBUG [nioEventLoopGroup-3-2] BaseServer [org.sunrise.game.core.server.BaseServerPulseHandler:22] - recv ping, cur NodeId = { RpcNode2000 }, from NodeId = { RpcNode1000-ConnectTo-RpcNode2000 }, delay = 0 ms 
2026-04-13 16:20:13.846 DEBUG [nioEventLoopGroup-7-1] BaseClient [org.sunrise.game.core.client.BaseClientPulseHandler:27] - send ping, cur NodeId = { RpcNode2000-ConnectTo-RpcNode3 } 
2026-04-13 16:20:13.899 DEBUG [nioEventLoopGroup-3-3] BaseServer [org.sunrise.game.core.server.BaseServerPulseHandler:22] - recv ping, cur NodeId = { RpcNode2000 }, from NodeId = { RpcNode3-ConnectTo-RpcNode2000 }, delay = 0 ms 
2026-04-13 16:20:15.932 DEBUG [nioEventLoopGroup-8-1] BaseClient [org.sunrise.game.core.client.BaseClientPulseHandler:27] - send ping, cur NodeId = { RpcNode2000-ConnectTo-RpcNode2 } 
2026-04-13 16:20:15.988 DEBUG [nioEventLoopGroup-3-4] BaseServer [org.sunrise.game.core.server.BaseServerPulseHandler:22] - recv ping, cur NodeId = { RpcNode2000 }, from NodeId = { RpcNode2-ConnectTo-RpcNode2000 }, delay = 0 ms 
2026-04-13 16:20:19.550 DEBUG [nioEventLoopGroup-3-1] BaseServer [org.sunrise.game.core.server.BaseServerPulseHandler:22] - recv ping, cur NodeId = { RpcNode2000 }, from NodeId = { RpcNode100-ConnectTo-RpcNode2000 }, delay = 0 ms 
2026-04-13 16:20:19.558 DEBUG [nioEventLoopGroup-5-1] BaseClient [org.sunrise.game.core.client.BaseClientPulseHandler:27] - send ping, cur NodeId = { RpcNode2000-ConnectTo-RpcNode100 } 
2026-04-13 16:20:21.585 DEBUG [nioEventLoopGroup-6-1] BaseClient [org.sunrise.game.core.client.BaseClientPulseHandler:27] - send ping, cur NodeId = { RpcNode2000-ConnectTo-RpcNode1000 } 
2026-04-13 16:20:21.641 DEBUG [nioEventLoopGroup-3-2] BaseServer [org.sunrise.game.core.server.BaseServerPulseHandler:22] - recv ping, cur NodeId = { RpcNode2000 }, from NodeId = { RpcNode1000-ConnectTo-RpcNode2000 }, delay = 0 ms 
2026-04-13 16:20:23.847 DEBUG [nioEventLoopGroup-7-1] BaseClient [org.sunrise.game.core.client.BaseClientPulseHandler:27] - send ping, cur NodeId = { RpcNode2000-ConnectTo-RpcNode3 } 
2026-04-13 16:20:23.900 DEBUG [nioEventLoopGroup-3-3] BaseServer [org.sunrise.game.core.server.BaseServerPulseHandler:22] - recv ping, cur NodeId = { RpcNode2000 }, from NodeId = { RpcNode3-ConnectTo-RpcNode2000 }, delay = 0 ms 
2026-04-13 16:20:25.932 DEBUG [nioEventLoopGroup-8-1] BaseClient [org.sunrise.game.core.client.BaseClientPulseHandler:27] - send ping, cur NodeId = { RpcNode2000-ConnectTo-RpcNode2 } 
2026-04-13 16:20:25.988 DEBUG [nioEventLoopGroup-3-4] BaseServer [org.sunrise.game.core.server.BaseServerPulseHandler:22] - recv ping, cur NodeId = { RpcNode2000 }, from NodeId = { RpcNode2-ConnectTo-RpcNode2000 }, delay = 0 ms 
2026-04-13 16:20:29.551 DEBUG [nioEventLoopGroup-3-1] BaseServer [org.sunrise.game.core.server.BaseServerPulseHandler:22] - recv ping, cur NodeId = { RpcNode2000 }, from NodeId = { RpcNode100-ConnectTo-RpcNode2000 }, delay = 0 ms 
2026-04-13 16:20:29.560 DEBUG [nioEventLoopGroup-5-1] BaseClient [org.sunrise.game.core.client.BaseClientPulseHandler:27] - send ping, cur NodeId = { RpcNode2000-ConnectTo-RpcNode100 } 
2026-04-13 16:20:31.586 DEBUG [nioEventLoopGroup-6-1] BaseClient [org.sunrise.game.core.client.BaseClientPulseHandler:27] - send ping, cur NodeId = { RpcNode2000-ConnectTo-RpcNode1000 } 
2026-04-13 16:20:31.642 DEBUG [nioEventLoopGroup-3-2] BaseServer [org.sunrise.game.core.server.BaseServerPulseHandler:22] - recv ping, cur NodeId = { RpcNode2000 }, from NodeId = { RpcNode1000-ConnectTo-RpcNode2000 }, delay = 0 ms 
2026-04-13 16:20:33.846 DEBUG [nioEventLoopGroup-7-1] BaseClient [org.sunrise.game.core.client.BaseClientPulseHandler:27] - send ping, cur NodeId = { RpcNode2000-ConnectTo-RpcNode3 } 
2026-04-13 16:20:33.901 DEBUG [nioEventLoopGroup-3-3] BaseServer [org.sunrise.game.core.server.BaseServerPulseHandler:22] - recv ping, cur NodeId = { RpcNode2000 }, from NodeId = { RpcNode3-ConnectTo-RpcNode2000 }, delay = 0 ms 
2026-04-13 16:20:35.938 DEBUG [nioEventLoopGroup-8-1] BaseClient [org.sunrise.game.core.client.BaseClientPulseHandler:27] - send ping, cur NodeId = { RpcNode2000-ConnectTo-RpcNode2 } 
2026-04-13 16:20:35.988 DEBUG [nioEventLoopGroup-3-4] BaseServer [org.sunrise.game.core.server.BaseServerPulseHandler:22] - recv ping, cur NodeId = { RpcNode2000 }, from NodeId = { RpcNode2-ConnectTo-RpcNode2000 }, delay = 0 ms 
2026-04-13 16:20:39.552 DEBUG [nioEventLoopGroup-3-1] BaseServer [org.sunrise.game.core.server.BaseServerPulseHandler:22] - recv ping, cur NodeId = { RpcNode2000 }, from NodeId = { RpcNode100-ConnectTo-RpcNode2000 }, delay = 0 ms 
2026-04-13 16:20:39.561 DEBUG [nioEventLoopGroup-5-1] BaseClient [org.sunrise.game.core.client.BaseClientPulseHandler:27] - send ping, cur NodeId = { RpcNode2000-ConnectTo-RpcNode100 } 
2026-04-13 16:20:41.587 DEBUG [nioEventLoopGroup-6-1] BaseClient [org.sunrise.game.core.client.BaseClientPulseHandler:27] - send ping, cur NodeId = { RpcNode2000-ConnectTo-RpcNode1000 } 
2026-04-13 16:20:41.643 DEBUG [nioEventLoopGroup-3-2] BaseServer [org.sunrise.game.core.server.BaseServerPulseHandler:22] - recv ping, cur NodeId = { RpcNode2000 }, from NodeId = { RpcNode1000-ConnectTo-RpcNode2000 }, delay = 0 ms 
2026-04-13 16:20:43.847 DEBUG [nioEventLoopGroup-7-1] BaseClient [org.sunrise.game.core.client.BaseClientPulseHandler:27] - send ping, cur NodeId = { RpcNode2000-ConnectTo-RpcNode3 } 
2026-04-13 16:20:43.901 DEBUG [nioEventLoopGroup-3-3] BaseServer [org.sunrise.game.core.server.BaseServerPulseHandler:22] - recv ping, cur NodeId = { RpcNode2000 }, from NodeId = { RpcNode3-ConnectTo-RpcNode2000 }, delay = 0 ms 
2026-04-13 16:20:45.938 DEBUG [nioEventLoopGroup-8-1] BaseClient [org.sunrise.game.core.client.BaseClientPulseHandler:27] - send ping, cur NodeId = { RpcNode2000-ConnectTo-RpcNode2 } 
2026-04-13 16:20:45.990 DEBUG [nioEventLoopGroup-3-4] BaseServer [org.sunrise.game.core.server.BaseServerPulseHandler:22] - recv ping, cur NodeId = { RpcNode2000 }, from NodeId = { RpcNode2-ConnectTo-RpcNode2000 }, delay = 0 ms 
2026-04-13 16:20:49.552 DEBUG [nioEventLoopGroup-3-1] BaseServer [org.sunrise.game.core.server.BaseServerPulseHandler:22] - recv ping, cur NodeId = { RpcNode2000 }, from NodeId = { RpcNode100-ConnectTo-RpcNode2000 }, delay = 0 ms 
2026-04-13 16:20:49.562 DEBUG [nioEventLoopGroup-5-1] BaseClient [org.sunrise.game.core.client.BaseClientPulseHandler:27] - send ping, cur NodeId = { RpcNode2000-ConnectTo-RpcNode100 } 
2026-04-13 16:20:51.587 DEBUG [nioEventLoopGroup-6-1] BaseClient [org.sunrise.game.core.client.BaseClientPulseHandler:27] - send ping, cur NodeId = { RpcNode2000-ConnectTo-RpcNode1000 } 
2026-04-13 16:20:51.643 DEBUG [nioEventLoopGroup-3-2] BaseServer [org.sunrise.game.core.server.BaseServerPulseHandler:22] - recv ping, cur NodeId = { RpcNode2000 }, from NodeId = { RpcNode1000-ConnectTo-RpcNode2000 }, delay = 0 ms 
2026-04-13 16:20:53.847 DEBUG [nioEventLoopGroup-7-1] BaseClient [org.sunrise.game.core.client.BaseClientPulseHandler:27] - send ping, cur NodeId = { RpcNode2000-ConnectTo-RpcNode3 } 
2026-04-13 16:20:53.901 DEBUG [nioEventLoopGroup-3-3] BaseServer [org.sunrise.game.core.server.BaseServerPulseHandler:22] - recv ping, cur NodeId = { RpcNode2000 }, from NodeId = { RpcNode3-ConnectTo-RpcNode2000 }, delay = 0 ms 
2026-04-13 16:20:55.939 DEBUG [nioEventLoopGroup-8-1] BaseClient [org.sunrise.game.core.client.BaseClientPulseHandler:27] - send ping, cur NodeId = { RpcNode2000-ConnectTo-RpcNode2 } 
2026-04-13 16:20:55.989 DEBUG [nioEventLoopGroup-3-4] BaseServer [org.sunrise.game.core.server.BaseServerPulseHandler:22] - recv ping, cur NodeId = { RpcNode2000 }, from NodeId = { RpcNode2-ConnectTo-RpcNode2000 }, delay = 0 ms 
2026-04-13 16:20:59.553 DEBUG [nioEventLoopGroup-3-1] BaseServer [org.sunrise.game.core.server.BaseServerPulseHandler:22] - recv ping, cur NodeId = { RpcNode2000 }, from NodeId = { RpcNode100-ConnectTo-RpcNode2000 }, delay = 0 ms 
2026-04-13 16:20:59.562 DEBUG [nioEventLoopGroup-5-1] BaseClient [org.sunrise.game.core.client.BaseClientPulseHandler:27] - send ping, cur NodeId = { RpcNode2000-ConnectTo-RpcNode100 } 
2026-04-13 16:21:01.589 DEBUG [nioEventLoopGroup-6-1] BaseClient [org.sunrise.game.core.client.BaseClientPulseHandler:27] - send ping, cur NodeId = { RpcNode2000-ConnectTo-RpcNode1000 } 
2026-04-13 16:21:01.644 DEBUG [nioEventLoopGroup-3-2] BaseServer [org.sunrise.game.core.server.BaseServerPulseHandler:22] - recv ping, cur NodeId = { RpcNode2000 }, from NodeId = { RpcNode1000-ConnectTo-RpcNode2000 }, delay = 0 ms 
2026-04-13 16:21:03.848 DEBUG [nioEventLoopGroup-7-1] BaseClient [org.sunrise.game.core.client.BaseClientPulseHandler:27] - send ping, cur NodeId = { RpcNode2000-ConnectTo-RpcNode3 } 
2026-04-13 16:21:03.902 DEBUG [nioEventLoopGroup-3-3] BaseServer [org.sunrise.game.core.server.BaseServerPulseHandler:22] - recv ping, cur NodeId = { RpcNode2000 }, from NodeId = { RpcNode3-ConnectTo-RpcNode2000 }, delay = 0 ms 
2026-04-13 16:21:05.940 DEBUG [nioEventLoopGroup-8-1] BaseClient [org.sunrise.game.core.client.BaseClientPulseHandler:27] - send ping, cur NodeId = { RpcNode2000-ConnectTo-RpcNode2 } 
2026-04-13 16:21:05.989 DEBUG [nioEventLoopGroup-3-4] BaseServer [org.sunrise.game.core.server.BaseServerPulseHandler:22] - recv ping, cur NodeId = { RpcNode2000 }, from NodeId = { RpcNode2-ConnectTo-RpcNode2000 }, delay = 0 ms 
2026-04-13 16:21:09.122 INFO  [CheckMemory] ServerStartUp [org.sunrise.game.utils.Utils:125] - Memory : {  total memory: 256 MB, free memory: 206 MB, used memory: 49 MB } 
2026-04-13 16:21:09.553 DEBUG [nioEventLoopGroup-3-1] BaseServer [org.sunrise.game.core.server.BaseServerPulseHandler:22] - recv ping, cur NodeId = { RpcNode2000 }, from NodeId = { RpcNode100-ConnectTo-RpcNode2000 }, delay = 0 ms 
2026-04-13 16:21:09.563 DEBUG [nioEventLoopGroup-5-1] BaseClient [org.sunrise.game.core.client.BaseClientPulseHandler:27] - send ping, cur NodeId = { RpcNode2000-ConnectTo-RpcNode100 } 
2026-04-13 16:21:11.589 DEBUG [nioEventLoopGroup-6-1] BaseClient [org.sunrise.game.core.client.BaseClientPulseHandler:27] - send ping, cur NodeId = { RpcNode2000-ConnectTo-RpcNode1000 } 
2026-04-13 16:21:11.644 DEBUG [nioEventLoopGroup-3-2] BaseServer [org.sunrise.game.core.server.BaseServerPulseHandler:22] - recv ping, cur NodeId = { RpcNode2000 }, from NodeId = { RpcNode1000-ConnectTo-RpcNode2000 }, delay = 0 ms 
2026-04-13 16:21:13.848 DEBUG [nioEventLoopGroup-7-1] BaseClient [org.sunrise.game.core.client.BaseClientPulseHandler:27] - send ping, cur NodeId = { RpcNode2000-ConnectTo-RpcNode3 } 
2026-04-13 16:21:13.901 DEBUG [nioEventLoopGroup-3-3] BaseServer [org.sunrise.game.core.server.BaseServerPulseHandler:22] - recv ping, cur NodeId = { RpcNode2000 }, from NodeId = { RpcNode3-ConnectTo-RpcNode2000 }, delay = 0 ms 
2026-04-13 16:21:15.941 DEBUG [nioEventLoopGroup-8-1] BaseClient [org.sunrise.game.core.client.BaseClientPulseHandler:27] - send ping, cur NodeId = { RpcNode2000-ConnectTo-RpcNode2 } 
2026-04-13 16:21:15.990 DEBUG [nioEventLoopGroup-3-4] BaseServer [org.sunrise.game.core.server.BaseServerPulseHandler:22] - recv ping, cur NodeId = { RpcNode2000 }, from NodeId = { RpcNode2-ConnectTo-RpcNode2000 }, delay = 0 ms 
2026-04-13 16:21:19.553 DEBUG [nioEventLoopGroup-3-1] BaseServer [org.sunrise.game.core.server.BaseServerPulseHandler:22] - recv ping, cur NodeId = { RpcNode2000 }, from NodeId = { RpcNode100-ConnectTo-RpcNode2000 }, delay = 0 ms 
2026-04-13 16:21:19.564 DEBUG [nioEventLoopGroup-5-1] BaseClient [org.sunrise.game.core.client.BaseClientPulseHandler:27] - send ping, cur NodeId = { RpcNode2000-ConnectTo-RpcNode100 } 
2026-04-13 16:21:21.589 DEBUG [nioEventLoopGroup-6-1] BaseClient [org.sunrise.game.core.client.BaseClientPulseHandler:27] - send ping, cur NodeId = { RpcNode2000-ConnectTo-RpcNode1000 } 
2026-04-13 16:21:21.645 DEBUG [nioEventLoopGroup-3-2] BaseServer [org.sunrise.game.core.server.BaseServerPulseHandler:22] - recv ping, cur NodeId = { RpcNode2000 }, from NodeId = { RpcNode1000-ConnectTo-RpcNode2000 }, delay = 0 ms 
2026-04-13 16:21:23.849 DEBUG [nioEventLoopGroup-7-1] BaseClient [org.sunrise.game.core.client.BaseClientPulseHandler:27] - send ping, cur NodeId = { RpcNode2000-ConnectTo-RpcNode3 } 
2026-04-13 16:21:23.903 DEBUG [nioEventLoopGroup-3-3] BaseServer [org.sunrise.game.core.server.BaseServerPulseHandler:22] - recv ping, cur NodeId = { RpcNode2000 }, from NodeId = { RpcNode3-ConnectTo-RpcNode2000 }, delay = 0 ms 
2026-04-13 16:21:25.941 DEBUG [nioEventLoopGroup-8-1] BaseClient [org.sunrise.game.core.client.BaseClientPulseHandler:27] - send ping, cur NodeId = { RpcNode2000-ConnectTo-RpcNode2 } 
2026-04-13 16:21:25.991 DEBUG [nioEventLoopGroup-3-4] BaseServer [org.sunrise.game.core.server.BaseServerPulseHandler:22] - recv ping, cur NodeId = { RpcNode2000 }, from NodeId = { RpcNode2-ConnectTo-RpcNode2000 }, delay = 0 ms 
2026-04-13 16:21:29.554 DEBUG [nioEventLoopGroup-3-1] BaseServer [org.sunrise.game.core.server.BaseServerPulseHandler:22] - recv ping, cur NodeId = { RpcNode2000 }, from NodeId = { RpcNode100-ConnectTo-RpcNode2000 }, delay = 0 ms 
2026-04-13 16:21:29.565 DEBUG [nioEventLoopGroup-5-1] BaseClient [org.sunrise.game.core.client.BaseClientPulseHandler:27] - send ping, cur NodeId = { RpcNode2000-ConnectTo-RpcNode100 } 
2026-04-13 16:21:31.590 DEBUG [nioEventLoopGroup-6-1] BaseClient [org.sunrise.game.core.client.BaseClientPulseHandler:27] - send ping, cur NodeId = { RpcNode2000-ConnectTo-RpcNode1000 } 
2026-04-13 16:21:31.645 DEBUG [nioEventLoopGroup-3-2] BaseServer [org.sunrise.game.core.server.BaseServerPulseHandler:22] - recv ping, cur NodeId = { RpcNode2000 }, from NodeId = { RpcNode1000-ConnectTo-RpcNode2000 }, delay = 0 ms 
2026-04-13 16:21:33.849 DEBUG [nioEventLoopGroup-7-1] BaseClient [org.sunrise.game.core.client.BaseClientPulseHandler:27] - send ping, cur NodeId = { RpcNode2000-ConnectTo-RpcNode3 } 
2026-04-13 16:21:33.902 DEBUG [nioEventLoopGroup-3-3] BaseServer [org.sunrise.game.core.server.BaseServerPulseHandler:22] - recv ping, cur NodeId = { RpcNode2000 }, from NodeId = { RpcNode3-ConnectTo-RpcNode2000 }, delay = 0 ms 
2026-04-13 16:21:35.942 DEBUG [nioEventLoopGroup-8-1] BaseClient [org.sunrise.game.core.client.BaseClientPulseHandler:27] - send ping, cur NodeId = { RpcNode2000-ConnectTo-RpcNode2 } 
2026-04-13 16:21:35.992 DEBUG [nioEventLoopGroup-3-4] BaseServer [org.sunrise.game.core.server.BaseServerPulseHandler:22] - recv ping, cur NodeId = { RpcNode2000 }, from NodeId = { RpcNode2-ConnectTo-RpcNode2000 }, delay = 0 ms 
2026-04-13 16:21:39.555 DEBUG [nioEventLoopGroup-3-1] BaseServer [org.sunrise.game.core.server.BaseServerPulseHandler:22] - recv ping, cur NodeId = { RpcNode2000 }, from NodeId = { RpcNode100-ConnectTo-RpcNode2000 }, delay = 0 ms 
2026-04-13 16:21:39.565 DEBUG [nioEventLoopGroup-5-1] BaseClient [org.sunrise.game.core.client.BaseClientPulseHandler:27] - send ping, cur NodeId = { RpcNode2000-ConnectTo-RpcNode100 } 
2026-04-13 16:21:41.591 DEBUG [nioEventLoopGroup-6-1] BaseClient [org.sunrise.game.core.client.BaseClientPulseHandler:27] - send ping, cur NodeId = { RpcNode2000-ConnectTo-RpcNode1000 } 
2026-04-13 16:21:41.645 DEBUG [nioEventLoopGroup-3-2] BaseServer [org.sunrise.game.core.server.BaseServerPulseHandler:22] - recv ping, cur NodeId = { RpcNode2000 }, from NodeId = { RpcNode1000-ConnectTo-RpcNode2000 }, delay = 0 ms 
2026-04-13 16:21:43.849 DEBUG [nioEventLoopGroup-7-1] BaseClient [org.sunrise.game.core.client.BaseClientPulseHandler:27] - send ping, cur NodeId = { RpcNode2000-ConnectTo-RpcNode3 } 
2026-04-13 16:21:43.903 DEBUG [nioEventLoopGroup-3-3] BaseServer [org.sunrise.game.core.server.BaseServerPulseHandler:22] - recv ping, cur NodeId = { RpcNode2000 }, from NodeId = { RpcNode3-ConnectTo-RpcNode2000 }, delay = 0 ms 
2026-04-13 16:21:45.942 DEBUG [nioEventLoopGroup-8-1] BaseClient [org.sunrise.game.core.client.BaseClientPulseHandler:27] - send ping, cur NodeId = { RpcNode2000-ConnectTo-RpcNode2 } 
2026-04-13 16:21:45.992 DEBUG [nioEventLoopGroup-3-4] BaseServer [org.sunrise.game.core.server.BaseServerPulseHandler:22] - recv ping, cur NodeId = { RpcNode2000 }, from NodeId = { RpcNode2-ConnectTo-RpcNode2000 }, delay = 0 ms 
2026-04-13 16:21:49.555 DEBUG [nioEventLoopGroup-3-1] BaseServer [org.sunrise.game.core.server.BaseServerPulseHandler:22] - recv ping, cur NodeId = { RpcNode2000 }, from NodeId = { RpcNode100-ConnectTo-RpcNode2000 }, delay = 0 ms 
2026-04-13 16:21:49.566 DEBUG [nioEventLoopGroup-5-1] BaseClient [org.sunrise.game.core.client.BaseClientPulseHandler:27] - send ping, cur NodeId = { RpcNode2000-ConnectTo-RpcNode100 } 
2026-04-13 16:21:51.593 DEBUG [nioEventLoopGroup-6-1] BaseClient [org.sunrise.game.core.client.BaseClientPulseHandler:27] - send ping, cur NodeId = { RpcNode2000-ConnectTo-RpcNode1000 } 
2026-04-13 16:21:51.646 DEBUG [nioEventLoopGroup-3-2] BaseServer [org.sunrise.game.core.server.BaseServerPulseHandler:22] - recv ping, cur NodeId = { RpcNode2000 }, from NodeId = { RpcNode1000-ConnectTo-RpcNode2000 }, delay = 0 ms 
2026-04-13 16:21:53.850 DEBUG [nioEventLoopGroup-7-1] BaseClient [org.sunrise.game.core.client.BaseClientPulseHandler:27] - send ping, cur NodeId = { RpcNode2000-ConnectTo-RpcNode3 } 
2026-04-13 16:21:53.904 DEBUG [nioEventLoopGroup-3-3] BaseServer [org.sunrise.game.core.server.BaseServerPulseHandler:22] - recv ping, cur NodeId = { RpcNode2000 }, from NodeId = { RpcNode3-ConnectTo-RpcNode2000 }, delay = 0 ms 
2026-04-13 16:21:55.942 DEBUG [nioEventLoopGroup-8-1] BaseClient [org.sunrise.game.core.client.BaseClientPulseHandler:27] - send ping, cur NodeId = { RpcNode2000-ConnectTo-RpcNode2 } 
2026-04-13 16:21:55.993 DEBUG [nioEventLoopGroup-3-4] BaseServer [org.sunrise.game.core.server.BaseServerPulseHandler:22] - recv ping, cur NodeId = { RpcNode2000 }, from NodeId = { RpcNode2-ConnectTo-RpcNode2000 }, delay = 0 ms 
2026-04-13 16:21:59.555 DEBUG [nioEventLoopGroup-3-1] BaseServer [org.sunrise.game.core.server.BaseServerPulseHandler:22] - recv ping, cur NodeId = { RpcNode2000 }, from NodeId = { RpcNode100-ConnectTo-RpcNode2000 }, delay = 0 ms 
2026-04-13 16:21:59.566 DEBUG [nioEventLoopGroup-5-1] BaseClient [org.sunrise.game.core.client.BaseClientPulseHandler:27] - send ping, cur NodeId = { RpcNode2000-ConnectTo-RpcNode100 } 
2026-04-13 16:22:01.593 DEBUG [nioEventLoopGroup-6-1] BaseClient [org.sunrise.game.core.client.BaseClientPulseHandler:27] - send ping, cur NodeId = { RpcNode2000-ConnectTo-RpcNode1000 } 
2026-04-13 16:22:01.646 DEBUG [nioEventLoopGroup-3-2] BaseServer [org.sunrise.game.core.server.BaseServerPulseHandler:22] - recv ping, cur NodeId = { RpcNode2000 }, from NodeId = { RpcNode1000-ConnectTo-RpcNode2000 }, delay = 0 ms 
2026-04-13 16:22:03.850 DEBUG [nioEventLoopGroup-7-1] BaseClient [org.sunrise.game.core.client.BaseClientPulseHandler:27] - send ping, cur NodeId = { RpcNode2000-ConnectTo-RpcNode3 } 
2026-04-13 16:22:03.904 DEBUG [nioEventLoopGroup-3-3] BaseServer [org.sunrise.game.core.server.BaseServerPulseHandler:22] - recv ping, cur NodeId = { RpcNode2000 }, from NodeId = { RpcNode3-ConnectTo-RpcNode2000 }, delay = 0 ms 
2026-04-13 16:22:05.943 DEBUG [nioEventLoopGroup-8-1] BaseClient [org.sunrise.game.core.client.BaseClientPulseHandler:27] - send ping, cur NodeId = { RpcNode2000-ConnectTo-RpcNode2 } 
2026-04-13 16:22:05.993 DEBUG [nioEventLoopGroup-3-4] BaseServer [org.sunrise.game.core.server.BaseServerPulseHandler:22] - recv ping, cur NodeId = { RpcNode2000 }, from NodeId = { RpcNode2-ConnectTo-RpcNode2000 }, delay = 0 ms 
2026-04-13 16:22:09.124 INFO  [CheckMemory] ServerStartUp [org.sunrise.game.utils.Utils:125] - Memory : {  total memory: 256 MB, free memory: 205 MB, used memory: 50 MB } 
2026-04-13 16:22:09.556 DEBUG [nioEventLoopGroup-3-1] BaseServer [org.sunrise.game.core.server.BaseServerPulseHandler:22] - recv ping, cur NodeId = { RpcNode2000 }, from NodeId = { RpcNode100-ConnectTo-RpcNode2000 }, delay = 0 ms 
2026-04-13 16:22:09.566 DEBUG [nioEventLoopGroup-5-1] BaseClient [org.sunrise.game.core.client.BaseClientPulseHandler:27] - send ping, cur NodeId = { RpcNode2000-ConnectTo-RpcNode100 } 
2026-04-13 16:22:11.594 DEBUG [nioEventLoopGroup-6-1] BaseClient [org.sunrise.game.core.client.BaseClientPulseHandler:27] - send ping, cur NodeId = { RpcNode2000-ConnectTo-RpcNode1000 } 
2026-04-13 16:22:11.647 DEBUG [nioEventLoopGroup-3-2] BaseServer [org.sunrise.game.core.server.BaseServerPulseHandler:22] - recv ping, cur NodeId = { RpcNode2000 }, from NodeId = { RpcNode1000-ConnectTo-RpcNode2000 }, delay = 0 ms 
2026-04-13 16:22:13.850 DEBUG [nioEventLoopGroup-7-1] BaseClient [org.sunrise.game.core.client.BaseClientPulseHandler:27] - send ping, cur NodeId = { RpcNode2000-ConnectTo-RpcNode3 } 
2026-04-13 16:22:13.904 DEBUG [nioEventLoopGroup-3-3] BaseServer [org.sunrise.game.core.server.BaseServerPulseHandler:22] - recv ping, cur NodeId = { RpcNode2000 }, from NodeId = { RpcNode3-ConnectTo-RpcNode2000 }, delay = 0 ms 
2026-04-13 16:22:15.944 DEBUG [nioEventLoopGroup-8-1] BaseClient [org.sunrise.game.core.client.BaseClientPulseHandler:27] - send ping, cur NodeId = { RpcNode2000-ConnectTo-RpcNode2 } 
2026-04-13 16:22:15.994 DEBUG [nioEventLoopGroup-3-4] BaseServer [org.sunrise.game.core.server.BaseServerPulseHandler:22] - recv ping, cur NodeId = { RpcNode2000 }, from NodeId = { RpcNode2-ConnectTo-RpcNode2000 }, delay = 0 ms 
2026-04-13 16:22:19.557 DEBUG [nioEventLoopGroup-3-1] BaseServer [org.sunrise.game.core.server.BaseServerPulseHandler:22] - recv ping, cur NodeId = { RpcNode2000 }, from NodeId = { RpcNode100-ConnectTo-RpcNode2000 }, delay = 0 ms 
2026-04-13 16:22:19.567 DEBUG [nioEventLoopGroup-5-1] BaseClient [org.sunrise.game.core.client.BaseClientPulseHandler:27] - send ping, cur NodeId = { RpcNode2000-ConnectTo-RpcNode100 } 
2026-04-13 16:22:21.594 DEBUG [nioEventLoopGroup-6-1] BaseClient [org.sunrise.game.core.client.BaseClientPulseHandler:27] - send ping, cur NodeId = { RpcNode2000-ConnectTo-RpcNode1000 } 
2026-04-13 16:22:21.647 DEBUG [nioEventLoopGroup-3-2] BaseServer [org.sunrise.game.core.server.BaseServerPulseHandler:22] - recv ping, cur NodeId = { RpcNode2000 }, from NodeId = { RpcNode1000-ConnectTo-RpcNode2000 }, delay = 0 ms 
2026-04-13 16:22:23.851 DEBUG [nioEventLoopGroup-7-1] BaseClient [org.sunrise.game.core.client.BaseClientPulseHandler:27] - send ping, cur NodeId = { RpcNode2000-ConnectTo-RpcNode3 } 
2026-04-13 16:22:23.905 DEBUG [nioEventLoopGroup-3-3] BaseServer [org.sunrise.game.core.server.BaseServerPulseHandler:22] - recv ping, cur NodeId = { RpcNode2000 }, from NodeId = { RpcNode3-ConnectTo-RpcNode2000 }, delay = 0 ms 
2026-04-13 16:22:25.945 DEBUG [nioEventLoopGroup-8-1] BaseClient [org.sunrise.game.core.client.BaseClientPulseHandler:27] - send ping, cur NodeId = { RpcNode2000-ConnectTo-RpcNode2 } 
2026-04-13 16:22:25.994 DEBUG [nioEventLoopGroup-3-4] BaseServer [org.sunrise.game.core.server.BaseServerPulseHandler:22] - recv ping, cur NodeId = { RpcNode2000 }, from NodeId = { RpcNode2-ConnectTo-RpcNode2000 }, delay = 0 ms 
2026-04-13 16:22:29.557 DEBUG [nioEventLoopGroup-3-1] BaseServer [org.sunrise.game.core.server.BaseServerPulseHandler:22] - recv ping, cur NodeId = { RpcNode2000 }, from NodeId = { RpcNode100-ConnectTo-RpcNode2000 }, delay = 0 ms 
2026-04-13 16:22:29.567 DEBUG [nioEventLoopGroup-5-1] BaseClient [org.sunrise.game.core.client.BaseClientPulseHandler:27] - send ping, cur NodeId = { RpcNode2000-ConnectTo-RpcNode100 } 
2026-04-13 16:22:31.594 DEBUG [nioEventLoopGroup-6-1] BaseClient [org.sunrise.game.core.client.BaseClientPulseHandler:27] - send ping, cur NodeId = { RpcNode2000-ConnectTo-RpcNode1000 } 
2026-04-13 16:22:31.647 DEBUG [nioEventLoopGroup-3-2] BaseServer [org.sunrise.game.core.server.BaseServerPulseHandler:22] - recv ping, cur NodeId = { RpcNode2000 }, from NodeId = { RpcNode1000-ConnectTo-RpcNode2000 }, delay = 0 ms 
2026-04-13 16:22:33.851 DEBUG [nioEventLoopGroup-7-1] BaseClient [org.sunrise.game.core.client.BaseClientPulseHandler:27] - send ping, cur NodeId = { RpcNode2000-ConnectTo-RpcNode3 } 
2026-04-13 16:22:33.906 DEBUG [nioEventLoopGroup-3-3] BaseServer [org.sunrise.game.core.server.BaseServerPulseHandler:22] - recv ping, cur NodeId = { RpcNode2000 }, from NodeId = { RpcNode3-ConnectTo-RpcNode2000 }, delay = 0 ms 
2026-04-13 16:22:35.945 DEBUG [nioEventLoopGroup-8-1] BaseClient [org.sunrise.game.core.client.BaseClientPulseHandler:27] - send ping, cur NodeId = { RpcNode2000-ConnectTo-RpcNode2 } 
2026-04-13 16:22:35.994 DEBUG [nioEventLoopGroup-3-4] BaseServer [org.sunrise.game.core.server.BaseServerPulseHandler:22] - recv ping, cur NodeId = { RpcNode2000 }, from NodeId = { RpcNode2-ConnectTo-RpcNode2000 }, delay = 0 ms 
2026-04-13 16:22:39.557 DEBUG [nioEventLoopGroup-3-1] BaseServer [org.sunrise.game.core.server.BaseServerPulseHandler:22] - recv ping, cur NodeId = { RpcNode2000 }, from NodeId = { RpcNode100-ConnectTo-RpcNode2000 }, delay = 0 ms 
2026-04-13 16:22:39.568 DEBUG [nioEventLoopGroup-5-1] BaseClient [org.sunrise.game.core.client.BaseClientPulseHandler:27] - send ping, cur NodeId = { RpcNode2000-ConnectTo-RpcNode100 } 
2026-04-13 16:22:41.595 DEBUG [nioEventLoopGroup-6-1] BaseClient [org.sunrise.game.core.client.BaseClientPulseHandler:27] - send ping, cur NodeId = { RpcNode2000-ConnectTo-RpcNode1000 } 
2026-04-13 16:22:41.649 DEBUG [nioEventLoopGroup-3-2] BaseServer [org.sunrise.game.core.server.BaseServerPulseHandler:22] - recv ping, cur NodeId = { RpcNode2000 }, from NodeId = { RpcNode1000-ConnectTo-RpcNode2000 }, delay = 0 ms 
2026-04-13 16:22:43.851 DEBUG [nioEventLoopGroup-7-1] BaseClient [org.sunrise.game.core.client.BaseClientPulseHandler:27] - send ping, cur NodeId = { RpcNode2000-ConnectTo-RpcNode3 } 
2026-04-13 16:22:43.906 DEBUG [nioEventLoopGroup-3-3] BaseServer [org.sunrise.game.core.server.BaseServerPulseHandler:22] - recv ping, cur NodeId = { RpcNode2000 }, from NodeId = { RpcNode3-ConnectTo-RpcNode2000 }, delay = 0 ms 
2026-04-13 16:22:45.946 DEBUG [nioEventLoopGroup-8-1] BaseClient [org.sunrise.game.core.client.BaseClientPulseHandler:27] - send ping, cur NodeId = { RpcNode2000-ConnectTo-RpcNode2 } 
2026-04-13 16:22:45.995 DEBUG [nioEventLoopGroup-3-4] BaseServer [org.sunrise.game.core.server.BaseServerPulseHandler:22] - recv ping, cur NodeId = { RpcNode2000 }, from NodeId = { RpcNode2-ConnectTo-RpcNode2000 }, delay = 0 ms 
2026-04-13 16:22:49.558 DEBUG [nioEventLoopGroup-3-1] BaseServer [org.sunrise.game.core.server.BaseServerPulseHandler:22] - recv ping, cur NodeId = { RpcNode2000 }, from NodeId = { RpcNode100-ConnectTo-RpcNode2000 }, delay = 0 ms 
2026-04-13 16:22:49.568 DEBUG [nioEventLoopGroup-5-1] BaseClient [org.sunrise.game.core.client.BaseClientPulseHandler:27] - send ping, cur NodeId = { RpcNode2000-ConnectTo-RpcNode100 } 
2026-04-13 16:22:51.596 DEBUG [nioEventLoopGroup-6-1] BaseClient [org.sunrise.game.core.client.BaseClientPulseHandler:27] - send ping, cur NodeId = { RpcNode2000-ConnectTo-RpcNode1000 } 
2026-04-13 16:22:51.650 DEBUG [nioEventLoopGroup-3-2] BaseServer [org.sunrise.game.core.server.BaseServerPulseHandler:22] - recv ping, cur NodeId = { RpcNode2000 }, from NodeId = { RpcNode1000-ConnectTo-RpcNode2000 }, delay = 0 ms 
2026-04-13 16:22:53.853 DEBUG [nioEventLoopGroup-7-1] BaseClient [org.sunrise.game.core.client.BaseClientPulseHandler:27] - send ping, cur NodeId = { RpcNode2000-ConnectTo-RpcNode3 } 
2026-04-13 16:22:53.906 DEBUG [nioEventLoopGroup-3-3] BaseServer [org.sunrise.game.core.server.BaseServerPulseHandler:22] - recv ping, cur NodeId = { RpcNode2000 }, from NodeId = { RpcNode3-ConnectTo-RpcNode2000 }, delay = 0 ms 
2026-04-13 16:22:55.947 DEBUG [nioEventLoopGroup-8-1] BaseClient [org.sunrise.game.core.client.BaseClientPulseHandler:27] - send ping, cur NodeId = { RpcNode2000-ConnectTo-RpcNode2 } 
2026-04-13 16:22:55.995 DEBUG [nioEventLoopGroup-3-4] BaseServer [org.sunrise.game.core.server.BaseServerPulseHandler:22] - recv ping, cur NodeId = { RpcNode2000 }, from NodeId = { RpcNode2-ConnectTo-RpcNode2000 }, delay = 0 ms 
2026-04-13 16:22:59.558 DEBUG [nioEventLoopGroup-3-1] BaseServer [org.sunrise.game.core.server.BaseServerPulseHandler:22] - recv ping, cur NodeId = { RpcNode2000 }, from NodeId = { RpcNode100-ConnectTo-RpcNode2000 }, delay = 0 ms 
2026-04-13 16:22:59.568 DEBUG [nioEventLoopGroup-5-1] BaseClient [org.sunrise.game.core.client.BaseClientPulseHandler:27] - send ping, cur NodeId = { RpcNode2000-ConnectTo-RpcNode100 } 
2026-04-13 16:23:01.597 DEBUG [nioEventLoopGroup-6-1] BaseClient [org.sunrise.game.core.client.BaseClientPulseHandler:27] - send ping, cur NodeId = { RpcNode2000-ConnectTo-RpcNode1000 } 
2026-04-13 16:23:01.650 DEBUG [nioEventLoopGroup-3-2] BaseServer [org.sunrise.game.core.server.BaseServerPulseHandler:22] - recv ping, cur NodeId = { RpcNode2000 }, from NodeId = { RpcNode1000-ConnectTo-RpcNode2000 }, delay = 0 ms 
2026-04-13 16:23:03.853 DEBUG [nioEventLoopGroup-7-1] BaseClient [org.sunrise.game.core.client.BaseClientPulseHandler:27] - send ping, cur NodeId = { RpcNode2000-ConnectTo-RpcNode3 } 
2026-04-13 16:23:03.908 DEBUG [nioEventLoopGroup-3-3] BaseServer [org.sunrise.game.core.server.BaseServerPulseHandler:22] - recv ping, cur NodeId = { RpcNode2000 }, from NodeId = { RpcNode3-ConnectTo-RpcNode2000 }, delay = 0 ms 
2026-04-13 16:23:05.946 DEBUG [nioEventLoopGroup-8-1] BaseClient [org.sunrise.game.core.client.BaseClientPulseHandler:27] - send ping, cur NodeId = { RpcNode2000-ConnectTo-RpcNode2 } 
2026-04-13 16:23:05.995 DEBUG [nioEventLoopGroup-3-4] BaseServer [org.sunrise.game.core.server.BaseServerPulseHandler:22] - recv ping, cur NodeId = { RpcNode2000 }, from NodeId = { RpcNode2-ConnectTo-RpcNode2000 }, delay = 0 ms 
2026-04-13 16:23:09.126 INFO  [CheckMemory] ServerStartUp [org.sunrise.game.utils.Utils:125] - Memory : {  total memory: 256 MB, free memory: 204 MB, used memory: 51 MB } 
2026-04-13 16:23:09.558 DEBUG [nioEventLoopGroup-3-1] BaseServer [org.sunrise.game.core.server.BaseServerPulseHandler:22] - recv ping, cur NodeId = { RpcNode2000 }, from NodeId = { RpcNode100-ConnectTo-RpcNode2000 }, delay = 0 ms 
2026-04-13 16:23:09.569 DEBUG [nioEventLoopGroup-5-1] BaseClient [org.sunrise.game.core.client.BaseClientPulseHandler:27] - send ping, cur NodeId = { RpcNode2000-ConnectTo-RpcNode100 } 
2026-04-13 16:23:11.598 DEBUG [nioEventLoopGroup-6-1] BaseClient [org.sunrise.game.core.client.BaseClientPulseHandler:27] - send ping, cur NodeId = { RpcNode2000-ConnectTo-RpcNode1000 } 
2026-04-13 16:23:11.650 DEBUG [nioEventLoopGroup-3-2] BaseServer [org.sunrise.game.core.server.BaseServerPulseHandler:22] - recv ping, cur NodeId = { RpcNode2000 }, from NodeId = { RpcNode1000-ConnectTo-RpcNode2000 }, delay = 0 ms 
2026-04-13 16:23:13.853 DEBUG [nioEventLoopGroup-7-1] BaseClient [org.sunrise.game.core.client.BaseClientPulseHandler:27] - send ping, cur NodeId = { RpcNode2000-ConnectTo-RpcNode3 } 
2026-04-13 16:23:13.908 DEBUG [nioEventLoopGroup-3-3] BaseServer [org.sunrise.game.core.server.BaseServerPulseHandler:22] - recv ping, cur NodeId = { RpcNode2000 }, from NodeId = { RpcNode3-ConnectTo-RpcNode2000 }, delay = 0 ms 
2026-04-13 16:23:15.948 DEBUG [nioEventLoopGroup-8-1] BaseClient [org.sunrise.game.core.client.BaseClientPulseHandler:27] - send ping, cur NodeId = { RpcNode2000-ConnectTo-RpcNode2 } 
2026-04-13 16:23:15.995 DEBUG [nioEventLoopGroup-3-4] BaseServer [org.sunrise.game.core.server.BaseServerPulseHandler:22] - recv ping, cur NodeId = { RpcNode2000 }, from NodeId = { RpcNode2-ConnectTo-RpcNode2000 }, delay = 0 ms 
2026-04-13 16:23:19.560 DEBUG [nioEventLoopGroup-3-1] BaseServer [org.sunrise.game.core.server.BaseServerPulseHandler:22] - recv ping, cur NodeId = { RpcNode2000 }, from NodeId = { RpcNode100-ConnectTo-RpcNode2000 }, delay = 0 ms 
2026-04-13 16:23:19.569 DEBUG [nioEventLoopGroup-5-1] BaseClient [org.sunrise.game.core.client.BaseClientPulseHandler:27] - send ping, cur NodeId = { RpcNode2000-ConnectTo-RpcNode100 } 
2026-04-13 16:23:21.600 DEBUG [nioEventLoopGroup-6-1] BaseClient [org.sunrise.game.core.client.BaseClientPulseHandler:27] - send ping, cur NodeId = { RpcNode2000-ConnectTo-RpcNode1000 } 
2026-04-13 16:23:21.650 DEBUG [nioEventLoopGroup-3-2] BaseServer [org.sunrise.game.core.server.BaseServerPulseHandler:22] - recv ping, cur NodeId = { RpcNode2000 }, from NodeId = { RpcNode1000-ConnectTo-RpcNode2000 }, delay = 0 ms 
2026-04-13 16:23:23.854 DEBUG [nioEventLoopGroup-7-1] BaseClient [org.sunrise.game.core.client.BaseClientPulseHandler:27] - send ping, cur NodeId = { RpcNode2000-ConnectTo-RpcNode3 } 
2026-04-13 16:23:23.908 DEBUG [nioEventLoopGroup-3-3] BaseServer [org.sunrise.game.core.server.BaseServerPulseHandler:22] - recv ping, cur NodeId = { RpcNode2000 }, from NodeId = { RpcNode3-ConnectTo-RpcNode2000 }, delay = 0 ms 
2026-04-13 16:23:25.948 DEBUG [nioEventLoopGroup-8-1] BaseClient [org.sunrise.game.core.client.BaseClientPulseHandler:27] - send ping, cur NodeId = { RpcNode2000-ConnectTo-RpcNode2 } 
2026-04-13 16:23:25.996 DEBUG [nioEventLoopGroup-3-4] BaseServer [org.sunrise.game.core.server.BaseServerPulseHandler:22] - recv ping, cur NodeId = { RpcNode2000 }, from NodeId = { RpcNode2-ConnectTo-RpcNode2000 }, delay = 0 ms 
2026-04-13 16:23:29.560 DEBUG [nioEventLoopGroup-3-1] BaseServer [org.sunrise.game.core.server.BaseServerPulseHandler:22] - recv ping, cur NodeId = { RpcNode2000 }, from NodeId = { RpcNode100-ConnectTo-RpcNode2000 }, delay = 0 ms 
2026-04-13 16:23:29.570 DEBUG [nioEventLoopGroup-5-1] BaseClient [org.sunrise.game.core.client.BaseClientPulseHandler:27] - send ping, cur NodeId = { RpcNode2000-ConnectTo-RpcNode100 } 
2026-04-13 16:23:31.601 DEBUG [nioEventLoopGroup-6-1] BaseClient [org.sunrise.game.core.client.BaseClientPulseHandler:27] - send ping, cur NodeId = { RpcNode2000-ConnectTo-RpcNode1000 } 
2026-04-13 16:23:31.651 DEBUG [nioEventLoopGroup-3-2] BaseServer [org.sunrise.game.core.server.BaseServerPulseHandler:22] - recv ping, cur NodeId = { RpcNode2000 }, from NodeId = { RpcNode1000-ConnectTo-RpcNode2000 }, delay = 0 ms 
2026-04-13 16:23:33.855 DEBUG [nioEventLoopGroup-7-1] BaseClient [org.sunrise.game.core.client.BaseClientPulseHandler:27] - send ping, cur NodeId = { RpcNode2000-ConnectTo-RpcNode3 } 
2026-04-13 16:23:33.909 DEBUG [nioEventLoopGroup-3-3] BaseServer [org.sunrise.game.core.server.BaseServerPulseHandler:22] - recv ping, cur NodeId = { RpcNode2000 }, from NodeId = { RpcNode3-ConnectTo-RpcNode2000 }, delay = 0 ms 
2026-04-13 16:23:35.949 DEBUG [nioEventLoopGroup-8-1] BaseClient [org.sunrise.game.core.client.BaseClientPulseHandler:27] - send ping, cur NodeId = { RpcNode2000-ConnectTo-RpcNode2 } 
2026-04-13 16:23:35.998 DEBUG [nioEventLoopGroup-3-4] BaseServer [org.sunrise.game.core.server.BaseServerPulseHandler:22] - recv ping, cur NodeId = { RpcNode2000 }, from NodeId = { RpcNode2-ConnectTo-RpcNode2000 }, delay = 0 ms 
2026-04-13 16:23:39.561 DEBUG [nioEventLoopGroup-3-1] BaseServer [org.sunrise.game.core.server.BaseServerPulseHandler:22] - recv ping, cur NodeId = { RpcNode2000 }, from NodeId = { RpcNode100-ConnectTo-RpcNode2000 }, delay = 0 ms 
2026-04-13 16:23:39.571 DEBUG [nioEventLoopGroup-5-1] BaseClient [org.sunrise.game.core.client.BaseClientPulseHandler:27] - send ping, cur NodeId = { RpcNode2000-ConnectTo-RpcNode100 } 
2026-04-13 16:23:41.601 DEBUG [nioEventLoopGroup-6-1] BaseClient [org.sunrise.game.core.client.BaseClientPulseHandler:27] - send ping, cur NodeId = { RpcNode2000-ConnectTo-RpcNode1000 } 
2026-04-13 16:23:41.651 DEBUG [nioEventLoopGroup-3-2] BaseServer [org.sunrise.game.core.server.BaseServerPulseHandler:22] - recv ping, cur NodeId = { RpcNode2000 }, from NodeId = { RpcNode1000-ConnectTo-RpcNode2000 }, delay = 0 ms 
2026-04-13 16:23:43.855 DEBUG [nioEventLoopGroup-7-1] BaseClient [org.sunrise.game.core.client.BaseClientPulseHandler:27] - send ping, cur NodeId = { RpcNode2000-ConnectTo-RpcNode3 } 
2026-04-13 16:23:43.909 DEBUG [nioEventLoopGroup-3-3] BaseServer [org.sunrise.game.core.server.BaseServerPulseHandler:22] - recv ping, cur NodeId = { RpcNode2000 }, from NodeId = { RpcNode3-ConnectTo-RpcNode2000 }, delay = 0 ms 
2026-04-13 16:23:45.950 DEBUG [nioEventLoopGroup-8-1] BaseClient [org.sunrise.game.core.client.BaseClientPulseHandler:27] - send ping, cur NodeId = { RpcNode2000-ConnectTo-RpcNode2 } 
2026-04-13 16:23:45.998 DEBUG [nioEventLoopGroup-3-4] BaseServer [org.sunrise.game.core.server.BaseServerPulseHandler:22] - recv ping, cur NodeId = { RpcNode2000 }, from NodeId = { RpcNode2-ConnectTo-RpcNode2000 }, delay = 0 ms 
2026-04-13 16:23:49.560 DEBUG [nioEventLoopGroup-3-1] BaseServer [org.sunrise.game.core.server.BaseServerPulseHandler:22] - recv ping, cur NodeId = { RpcNode2000 }, from NodeId = { RpcNode100-ConnectTo-RpcNode2000 }, delay = 0 ms 
2026-04-13 16:23:49.571 DEBUG [nioEventLoopGroup-5-1] BaseClient [org.sunrise.game.core.client.BaseClientPulseHandler:27] - send ping, cur NodeId = { RpcNode2000-ConnectTo-RpcNode100 } 
2026-04-13 16:23:51.601 DEBUG [nioEventLoopGroup-6-1] BaseClient [org.sunrise.game.core.client.BaseClientPulseHandler:27] - send ping, cur NodeId = { RpcNode2000-ConnectTo-RpcNode1000 } 
2026-04-13 16:23:51.652 DEBUG [nioEventLoopGroup-3-2] BaseServer [org.sunrise.game.core.server.BaseServerPulseHandler:22] - recv ping, cur NodeId = { RpcNode2000 }, from NodeId = { RpcNode1000-ConnectTo-RpcNode2000 }, delay = 0 ms 
2026-04-13 16:23:53.855 DEBUG [nioEventLoopGroup-7-1] BaseClient [org.sunrise.game.core.client.BaseClientPulseHandler:27] - send ping, cur NodeId = { RpcNode2000-ConnectTo-RpcNode3 } 
2026-04-13 16:23:53.909 DEBUG [nioEventLoopGroup-3-3] BaseServer [org.sunrise.game.core.server.BaseServerPulseHandler:22] - recv ping, cur NodeId = { RpcNode2000 }, from NodeId = { RpcNode3-ConnectTo-RpcNode2000 }, delay = 0 ms 
2026-04-13 16:23:55.950 DEBUG [nioEventLoopGroup-8-1] BaseClient [org.sunrise.game.core.client.BaseClientPulseHandler:27] - send ping, cur NodeId = { RpcNode2000-ConnectTo-RpcNode2 } 
2026-04-13 16:23:55.998 DEBUG [nioEventLoopGroup-3-4] BaseServer [org.sunrise.game.core.server.BaseServerPulseHandler:22] - recv ping, cur NodeId = { RpcNode2000 }, from NodeId = { RpcNode2-ConnectTo-RpcNode2000 }, delay = 0 ms 
2026-04-13 16:23:59.561 DEBUG [nioEventLoopGroup-3-1] BaseServer [org.sunrise.game.core.server.BaseServerPulseHandler:22] - recv ping, cur NodeId = { RpcNode2000 }, from NodeId = { RpcNode100-ConnectTo-RpcNode2000 }, delay = 0 ms 
2026-04-13 16:23:59.571 DEBUG [nioEventLoopGroup-5-1] BaseClient [org.sunrise.game.core.client.BaseClientPulseHandler:27] - send ping, cur NodeId = { RpcNode2000-ConnectTo-RpcNode100 } 
2026-04-13 16:24:01.601 DEBUG [nioEventLoopGroup-6-1] BaseClient [org.sunrise.game.core.client.BaseClientPulseHandler:27] - send ping, cur NodeId = { RpcNode2000-ConnectTo-RpcNode1000 } 
2026-04-13 16:24:01.652 DEBUG [nioEventLoopGroup-3-2] BaseServer [org.sunrise.game.core.server.BaseServerPulseHandler:22] - recv ping, cur NodeId = { RpcNode2000 }, from NodeId = { RpcNode1000-ConnectTo-RpcNode2000 }, delay = 0 ms 
2026-04-13 16:24:03.856 DEBUG [nioEventLoopGroup-7-1] BaseClient [org.sunrise.game.core.client.BaseClientPulseHandler:27] - send ping, cur NodeId = { RpcNode2000-ConnectTo-RpcNode3 } 
2026-04-13 16:24:03.910 DEBUG [nioEventLoopGroup-3-3] BaseServer [org.sunrise.game.core.server.BaseServerPulseHandler:22] - recv ping, cur NodeId = { RpcNode2000 }, from NodeId = { RpcNode3-ConnectTo-RpcNode2000 }, delay = 0 ms 
2026-04-13 16:24:05.950 DEBUG [nioEventLoopGroup-8-1] BaseClient [org.sunrise.game.core.client.BaseClientPulseHandler:27] - send ping, cur NodeId = { RpcNode2000-ConnectTo-RpcNode2 } 
2026-04-13 16:24:05.999 DEBUG [nioEventLoopGroup-3-4] BaseServer [org.sunrise.game.core.server.BaseServerPulseHandler:22] - recv ping, cur NodeId = { RpcNode2000 }, from NodeId = { RpcNode2-ConnectTo-RpcNode2000 }, delay = 0 ms 
2026-04-13 16:24:09.129 INFO  [CheckMemory] ServerStartUp [org.sunrise.game.utils.Utils:125] - Memory : {  total memory: 256 MB, free memory: 204 MB, used memory: 51 MB } 
2026-04-13 16:24:09.562 DEBUG [nioEventLoopGroup-3-1] BaseServer [org.sunrise.game.core.server.BaseServerPulseHandler:22] - recv ping, cur NodeId = { RpcNode2000 }, from NodeId = { RpcNode100-ConnectTo-RpcNode2000 }, delay = 0 ms 
2026-04-13 16:24:09.571 DEBUG [nioEventLoopGroup-5-1] BaseClient [org.sunrise.game.core.client.BaseClientPulseHandler:27] - send ping, cur NodeId = { RpcNode2000-ConnectTo-RpcNode100 } 
2026-04-13 16:24:11.603 DEBUG [nioEventLoopGroup-6-1] BaseClient [org.sunrise.game.core.client.BaseClientPulseHandler:27] - send ping, cur NodeId = { RpcNode2000-ConnectTo-RpcNode1000 } 
2026-04-13 16:24:11.652 DEBUG [nioEventLoopGroup-3-2] BaseServer [org.sunrise.game.core.server.BaseServerPulseHandler:22] - recv ping, cur NodeId = { RpcNode2000 }, from NodeId = { RpcNode1000-ConnectTo-RpcNode2000 }, delay = 0 ms 
2026-04-13 16:24:13.858 DEBUG [nioEventLoopGroup-7-1] BaseClient [org.sunrise.game.core.client.BaseClientPulseHandler:27] - send ping, cur NodeId = { RpcNode2000-ConnectTo-RpcNode3 } 
2026-04-13 16:24:13.911 DEBUG [nioEventLoopGroup-3-3] BaseServer [org.sunrise.game.core.server.BaseServerPulseHandler:22] - recv ping, cur NodeId = { RpcNode2000 }, from NodeId = { RpcNode3-ConnectTo-RpcNode2000 }, delay = 0 ms 
2026-04-13 16:24:15.950 DEBUG [nioEventLoopGroup-8-1] BaseClient [org.sunrise.game.core.client.BaseClientPulseHandler:27] - send ping, cur NodeId = { RpcNode2000-ConnectTo-RpcNode2 } 
2026-04-13 16:24:15.999 DEBUG [nioEventLoopGroup-3-4] BaseServer [org.sunrise.game.core.server.BaseServerPulseHandler:22] - recv ping, cur NodeId = { RpcNode2000 }, from NodeId = { RpcNode2-ConnectTo-RpcNode2000 }, delay = 0 ms 
2026-04-13 16:24:19.562 DEBUG [nioEventLoopGroup-3-1] BaseServer [org.sunrise.game.core.server.BaseServerPulseHandler:22] - recv ping, cur NodeId = { RpcNode2000 }, from NodeId = { RpcNode100-ConnectTo-RpcNode2000 }, delay = 0 ms 
2026-04-13 16:24:19.572 DEBUG [nioEventLoopGroup-5-1] BaseClient [org.sunrise.game.core.client.BaseClientPulseHandler:27] - send ping, cur NodeId = { RpcNode2000-ConnectTo-RpcNode100 } 
2026-04-13 16:24:21.603 DEBUG [nioEventLoopGroup-6-1] BaseClient [org.sunrise.game.core.client.BaseClientPulseHandler:27] - send ping, cur NodeId = { RpcNode2000-ConnectTo-RpcNode1000 } 
2026-04-13 16:24:21.653 DEBUG [nioEventLoopGroup-3-2] BaseServer [org.sunrise.game.core.server.BaseServerPulseHandler:22] - recv ping, cur NodeId = { RpcNode2000 }, from NodeId = { RpcNode1000-ConnectTo-RpcNode2000 }, delay = 0 ms 
2026-04-13 16:24:23.859 DEBUG [nioEventLoopGroup-7-1] BaseClient [org.sunrise.game.core.client.BaseClientPulseHandler:27] - send ping, cur NodeId = { RpcNode2000-ConnectTo-RpcNode3 } 
2026-04-13 16:24:23.911 DEBUG [nioEventLoopGroup-3-3] BaseServer [org.sunrise.game.core.server.BaseServerPulseHandler:22] - recv ping, cur NodeId = { RpcNode2000 }, from NodeId = { RpcNode3-ConnectTo-RpcNode2000 }, delay = 0 ms 
2026-04-13 16:24:25.951 DEBUG [nioEventLoopGroup-8-1] BaseClient [org.sunrise.game.core.client.BaseClientPulseHandler:27] - send ping, cur NodeId = { RpcNode2000-ConnectTo-RpcNode2 } 
2026-04-13 16:24:25.999 DEBUG [nioEventLoopGroup-3-4] BaseServer [org.sunrise.game.core.server.BaseServerPulseHandler:22] - recv ping, cur NodeId = { RpcNode2000 }, from NodeId = { RpcNode2-ConnectTo-RpcNode2000 }, delay = 0 ms 
2026-04-13 16:24:29.563 DEBUG [nioEventLoopGroup-3-1] BaseServer [org.sunrise.game.core.server.BaseServerPulseHandler:22] - recv ping, cur NodeId = { RpcNode2000 }, from NodeId = { RpcNode100-ConnectTo-RpcNode2000 }, delay = 0 ms 
2026-04-13 16:24:29.572 DEBUG [nioEventLoopGroup-5-1] BaseClient [org.sunrise.game.core.client.BaseClientPulseHandler:27] - send ping, cur NodeId = { RpcNode2000-ConnectTo-RpcNode100 } 
2026-04-13 16:24:31.604 DEBUG [nioEventLoopGroup-6-1] BaseClient [org.sunrise.game.core.client.BaseClientPulseHandler:27] - send ping, cur NodeId = { RpcNode2000-ConnectTo-RpcNode1000 } 
2026-04-13 16:24:31.653 DEBUG [nioEventLoopGroup-3-2] BaseServer [org.sunrise.game.core.server.BaseServerPulseHandler:22] - recv ping, cur NodeId = { RpcNode2000 }, from NodeId = { RpcNode1000-ConnectTo-RpcNode2000 }, delay = 0 ms 
2026-04-13 16:24:33.859 DEBUG [nioEventLoopGroup-7-1] BaseClient [org.sunrise.game.core.client.BaseClientPulseHandler:27] - send ping, cur NodeId = { RpcNode2000-ConnectTo-RpcNode3 } 
2026-04-13 16:24:33.912 DEBUG [nioEventLoopGroup-3-3] BaseServer [org.sunrise.game.core.server.BaseServerPulseHandler:22] - recv ping, cur NodeId = { RpcNode2000 }, from NodeId = { RpcNode3-ConnectTo-RpcNode2000 }, delay = 0 ms 
2026-04-13 16:24:35.952 DEBUG [nioEventLoopGroup-8-1] BaseClient [org.sunrise.game.core.client.BaseClientPulseHandler:27] - send ping, cur NodeId = { RpcNode2000-ConnectTo-RpcNode2 } 
2026-04-13 16:24:36.000 DEBUG [nioEventLoopGroup-3-4] BaseServer [org.sunrise.game.core.server.BaseServerPulseHandler:22] - recv ping, cur NodeId = { RpcNode2000 }, from NodeId = { RpcNode2-ConnectTo-RpcNode2000 }, delay = 0 ms 
2026-04-13 16:24:39.563 DEBUG [nioEventLoopGroup-3-1] BaseServer [org.sunrise.game.core.server.BaseServerPulseHandler:22] - recv ping, cur NodeId = { RpcNode2000 }, from NodeId = { RpcNode100-ConnectTo-RpcNode2000 }, delay = 0 ms 
2026-04-13 16:24:39.573 DEBUG [nioEventLoopGroup-5-1] BaseClient [org.sunrise.game.core.client.BaseClientPulseHandler:27] - send ping, cur NodeId = { RpcNode2000-ConnectTo-RpcNode100 } 
2026-04-13 16:24:41.604 DEBUG [nioEventLoopGroup-6-1] BaseClient [org.sunrise.game.core.client.BaseClientPulseHandler:27] - send ping, cur NodeId = { RpcNode2000-ConnectTo-RpcNode1000 } 
2026-04-13 16:24:41.654 DEBUG [nioEventLoopGroup-3-2] BaseServer [org.sunrise.game.core.server.BaseServerPulseHandler:22] - recv ping, cur NodeId = { RpcNode2000 }, from NodeId = { RpcNode1000-ConnectTo-RpcNode2000 }, delay = 0 ms 
2026-04-13 16:24:43.860 DEBUG [nioEventLoopGroup-7-1] BaseClient [org.sunrise.game.core.client.BaseClientPulseHandler:27] - send ping, cur NodeId = { RpcNode2000-ConnectTo-RpcNode3 } 
2026-04-13 16:24:43.914 DEBUG [nioEventLoopGroup-3-3] BaseServer [org.sunrise.game.core.server.BaseServerPulseHandler:22] - recv ping, cur NodeId = { RpcNode2000 }, from NodeId = { RpcNode3-ConnectTo-RpcNode2000 }, delay = 0 ms 
2026-04-13 16:24:45.952 DEBUG [nioEventLoopGroup-8-1] BaseClient [org.sunrise.game.core.client.BaseClientPulseHandler:27] - send ping, cur NodeId = { RpcNode2000-ConnectTo-RpcNode2 } 
2026-04-13 16:24:46.000 DEBUG [nioEventLoopGroup-3-4] BaseServer [org.sunrise.game.core.server.BaseServerPulseHandler:22] - recv ping, cur NodeId = { RpcNode2000 }, from NodeId = { RpcNode2-ConnectTo-RpcNode2000 }, delay = 0 ms 
2026-04-13 16:24:49.564 DEBUG [nioEventLoopGroup-3-1] BaseServer [org.sunrise.game.core.server.BaseServerPulseHandler:22] - recv ping, cur NodeId = { RpcNode2000 }, from NodeId = { RpcNode100-ConnectTo-RpcNode2000 }, delay = 0 ms 
2026-04-13 16:24:49.573 DEBUG [nioEventLoopGroup-5-1] BaseClient [org.sunrise.game.core.client.BaseClientPulseHandler:27] - send ping, cur NodeId = { RpcNode2000-ConnectTo-RpcNode100 } 
2026-04-13 16:24:51.604 DEBUG [nioEventLoopGroup-6-1] BaseClient [org.sunrise.game.core.client.BaseClientPulseHandler:27] - send ping, cur NodeId = { RpcNode2000-ConnectTo-RpcNode1000 } 
2026-04-13 16:24:51.655 DEBUG [nioEventLoopGroup-3-2] BaseServer [org.sunrise.game.core.server.BaseServerPulseHandler:22] - recv ping, cur NodeId = { RpcNode2000 }, from NodeId = { RpcNode1000-ConnectTo-RpcNode2000 }, delay = 0 ms 
2026-04-13 16:24:53.861 DEBUG [nioEventLoopGroup-7-1] BaseClient [org.sunrise.game.core.client.BaseClientPulseHandler:27] - send ping, cur NodeId = { RpcNode2000-ConnectTo-RpcNode3 } 
2026-04-13 16:24:53.914 DEBUG [nioEventLoopGroup-3-3] BaseServer [org.sunrise.game.core.server.BaseServerPulseHandler:22] - recv ping, cur NodeId = { RpcNode2000 }, from NodeId = { RpcNode3-ConnectTo-RpcNode2000 }, delay = 0 ms 
2026-04-13 16:24:55.953 DEBUG [nioEventLoopGroup-8-1] BaseClient [org.sunrise.game.core.client.BaseClientPulseHandler:27] - send ping, cur NodeId = { RpcNode2000-ConnectTo-RpcNode2 } 
2026-04-13 16:24:56.000 DEBUG [nioEventLoopGroup-3-4] BaseServer [org.sunrise.game.core.server.BaseServerPulseHandler:22] - recv ping, cur NodeId = { RpcNode2000 }, from NodeId = { RpcNode2-ConnectTo-RpcNode2000 }, delay = 0 ms 
2026-04-13 16:24:59.565 DEBUG [nioEventLoopGroup-3-1] BaseServer [org.sunrise.game.core.server.BaseServerPulseHandler:22] - recv ping, cur NodeId = { RpcNode2000 }, from NodeId = { RpcNode100-ConnectTo-RpcNode2000 }, delay = 0 ms 
2026-04-13 16:24:59.574 DEBUG [nioEventLoopGroup-5-1] BaseClient [org.sunrise.game.core.client.BaseClientPulseHandler:27] - send ping, cur NodeId = { RpcNode2000-ConnectTo-RpcNode100 } 
2026-04-13 16:25:01.605 DEBUG [nioEventLoopGroup-6-1] BaseClient [org.sunrise.game.core.client.BaseClientPulseHandler:27] - send ping, cur NodeId = { RpcNode2000-ConnectTo-RpcNode1000 } 
2026-04-13 16:25:01.656 DEBUG [nioEventLoopGroup-3-2] BaseServer [org.sunrise.game.core.server.BaseServerPulseHandler:22] - recv ping, cur NodeId = { RpcNode2000 }, from NodeId = { RpcNode1000-ConnectTo-RpcNode2000 }, delay = 0 ms 
2026-04-13 16:25:03.862 DEBUG [nioEventLoopGroup-7-1] BaseClient [org.sunrise.game.core.client.BaseClientPulseHandler:27] - send ping, cur NodeId = { RpcNode2000-ConnectTo-RpcNode3 } 
2026-04-13 16:25:03.914 DEBUG [nioEventLoopGroup-3-3] BaseServer [org.sunrise.game.core.server.BaseServerPulseHandler:22] - recv ping, cur NodeId = { RpcNode2000 }, from NodeId = { RpcNode3-ConnectTo-RpcNode2000 }, delay = 0 ms 
2026-04-13 16:25:05.953 DEBUG [nioEventLoopGroup-8-1] BaseClient [org.sunrise.game.core.client.BaseClientPulseHandler:27] - send ping, cur NodeId = { RpcNode2000-ConnectTo-RpcNode2 } 
2026-04-13 16:25:06.000 DEBUG [nioEventLoopGroup-3-4] BaseServer [org.sunrise.game.core.server.BaseServerPulseHandler:22] - recv ping, cur NodeId = { RpcNode2000 }, from NodeId = { RpcNode2-ConnectTo-RpcNode2000 }, delay = 0 ms 
2026-04-13 16:25:09.129 INFO  [CheckMemory] ServerStartUp [org.sunrise.game.utils.Utils:125] - Memory : {  total memory: 256 MB, free memory: 204 MB, used memory: 51 MB } 
2026-04-13 16:25:09.564 DEBUG [nioEventLoopGroup-3-1] BaseServer [org.sunrise.game.core.server.BaseServerPulseHandler:22] - recv ping, cur NodeId = { RpcNode2000 }, from NodeId = { RpcNode100-ConnectTo-RpcNode2000 }, delay = 0 ms 
2026-04-13 16:25:09.574 DEBUG [nioEventLoopGroup-5-1] BaseClient [org.sunrise.game.core.client.BaseClientPulseHandler:27] - send ping, cur NodeId = { RpcNode2000-ConnectTo-RpcNode100 } 
2026-04-13 16:25:11.606 DEBUG [nioEventLoopGroup-6-1] BaseClient [org.sunrise.game.core.client.BaseClientPulseHandler:27] - send ping, cur NodeId = { RpcNode2000-ConnectTo-RpcNode1000 } 
2026-04-13 16:25:11.657 DEBUG [nioEventLoopGroup-3-2] BaseServer [org.sunrise.game.core.server.BaseServerPulseHandler:22] - recv ping, cur NodeId = { RpcNode2000 }, from NodeId = { RpcNode1000-ConnectTo-RpcNode2000 }, delay = 0 ms 
2026-04-13 16:25:13.862 DEBUG [nioEventLoopGroup-7-1] BaseClient [org.sunrise.game.core.client.BaseClientPulseHandler:27] - send ping, cur NodeId = { RpcNode2000-ConnectTo-RpcNode3 } 
2026-04-13 16:25:13.916 DEBUG [nioEventLoopGroup-3-3] BaseServer [org.sunrise.game.core.server.BaseServerPulseHandler:22] - recv ping, cur NodeId = { RpcNode2000 }, from NodeId = { RpcNode3-ConnectTo-RpcNode2000 }, delay = 0 ms 
2026-04-13 16:25:15.953 DEBUG [nioEventLoopGroup-8-1] BaseClient [org.sunrise.game.core.client.BaseClientPulseHandler:27] - send ping, cur NodeId = { RpcNode2000-ConnectTo-RpcNode2 } 
2026-04-13 16:25:16.002 DEBUG [nioEventLoopGroup-3-4] BaseServer [org.sunrise.game.core.server.BaseServerPulseHandler:22] - recv ping, cur NodeId = { RpcNode2000 }, from NodeId = { RpcNode2-ConnectTo-RpcNode2000 }, delay = 0 ms 
2026-04-13 16:25:19.566 DEBUG [nioEventLoopGroup-3-1] BaseServer [org.sunrise.game.core.server.BaseServerPulseHandler:22] - recv ping, cur NodeId = { RpcNode2000 }, from NodeId = { RpcNode100-ConnectTo-RpcNode2000 }, delay = 0 ms 
2026-04-13 16:25:19.575 DEBUG [nioEventLoopGroup-5-1] BaseClient [org.sunrise.game.core.client.BaseClientPulseHandler:27] - send ping, cur NodeId = { RpcNode2000-ConnectTo-RpcNode100 } 
2026-04-13 16:25:21.607 DEBUG [nioEventLoopGroup-6-1] BaseClient [org.sunrise.game.core.client.BaseClientPulseHandler:27] - send ping, cur NodeId = { RpcNode2000-ConnectTo-RpcNode1000 } 
2026-04-13 16:25:21.657 DEBUG [nioEventLoopGroup-3-2] BaseServer [org.sunrise.game.core.server.BaseServerPulseHandler:22] - recv ping, cur NodeId = { RpcNode2000 }, from NodeId = { RpcNode1000-ConnectTo-RpcNode2000 }, delay = 0 ms 
2026-04-13 16:25:23.863 DEBUG [nioEventLoopGroup-7-1] BaseClient [org.sunrise.game.core.client.BaseClientPulseHandler:27] - send ping, cur NodeId = { RpcNode2000-ConnectTo-RpcNode3 } 
2026-04-13 16:25:23.916 DEBUG [nioEventLoopGroup-3-3] BaseServer [org.sunrise.game.core.server.BaseServerPulseHandler:22] - recv ping, cur NodeId = { RpcNode2000 }, from NodeId = { RpcNode3-ConnectTo-RpcNode2000 }, delay = 0 ms 
2026-04-13 16:25:25.955 DEBUG [nioEventLoopGroup-8-1] BaseClient [org.sunrise.game.core.client.BaseClientPulseHandler:27] - send ping, cur NodeId = { RpcNode2000-ConnectTo-RpcNode2 } 
2026-04-13 16:25:26.002 DEBUG [nioEventLoopGroup-3-4] BaseServer [org.sunrise.game.core.server.BaseServerPulseHandler:22] - recv ping, cur NodeId = { RpcNode2000 }, from NodeId = { RpcNode2-ConnectTo-RpcNode2000 }, delay = 0 ms 
2026-04-13 16:25:29.567 DEBUG [nioEventLoopGroup-3-1] BaseServer [org.sunrise.game.core.server.BaseServerPulseHandler:22] - recv ping, cur NodeId = { RpcNode2000 }, from NodeId = { RpcNode100-ConnectTo-RpcNode2000 }, delay = 0 ms 
2026-04-13 16:25:29.575 DEBUG [nioEventLoopGroup-5-1] BaseClient [org.sunrise.game.core.client.BaseClientPulseHandler:27] - send ping, cur NodeId = { RpcNode2000-ConnectTo-RpcNode100 } 
2026-04-13 16:25:31.607 DEBUG [nioEventLoopGroup-6-1] BaseClient [org.sunrise.game.core.client.BaseClientPulseHandler:27] - send ping, cur NodeId = { RpcNode2000-ConnectTo-RpcNode1000 } 
2026-04-13 16:25:31.658 DEBUG [nioEventLoopGroup-3-2] BaseServer [org.sunrise.game.core.server.BaseServerPulseHandler:22] - recv ping, cur NodeId = { RpcNode2000 }, from NodeId = { RpcNode1000-ConnectTo-RpcNode2000 }, delay = 0 ms 
2026-04-13 16:25:33.864 DEBUG [nioEventLoopGroup-7-1] BaseClient [org.sunrise.game.core.client.BaseClientPulseHandler:27] - send ping, cur NodeId = { RpcNode2000-ConnectTo-RpcNode3 } 
2026-04-13 16:25:33.916 DEBUG [nioEventLoopGroup-3-3] BaseServer [org.sunrise.game.core.server.BaseServerPulseHandler:22] - recv ping, cur NodeId = { RpcNode2000 }, from NodeId = { RpcNode3-ConnectTo-RpcNode2000 }, delay = 0 ms 
2026-04-13 16:25:35.955 DEBUG [nioEventLoopGroup-8-1] BaseClient [org.sunrise.game.core.client.BaseClientPulseHandler:27] - send ping, cur NodeId = { RpcNode2000-ConnectTo-RpcNode2 } 
2026-04-13 16:25:36.003 DEBUG [nioEventLoopGroup-3-4] BaseServer [org.sunrise.game.core.server.BaseServerPulseHandler:22] - recv ping, cur NodeId = { RpcNode2000 }, from NodeId = { RpcNode2-ConnectTo-RpcNode2000 }, delay = 0 ms 
2026-04-13 16:25:39.568 DEBUG [nioEventLoopGroup-3-1] BaseServer [org.sunrise.game.core.server.BaseServerPulseHandler:22] - recv ping, cur NodeId = { RpcNode2000 }, from NodeId = { RpcNode100-ConnectTo-RpcNode2000 }, delay = 0 ms 
2026-04-13 16:25:39.577 DEBUG [nioEventLoopGroup-5-1] BaseClient [org.sunrise.game.core.client.BaseClientPulseHandler:27] - send ping, cur NodeId = { RpcNode2000-ConnectTo-RpcNode100 } 
2026-04-13 16:25:41.607 DEBUG [nioEventLoopGroup-6-1] BaseClient [org.sunrise.game.core.client.BaseClientPulseHandler:27] - send ping, cur NodeId = { RpcNode2000-ConnectTo-RpcNode1000 } 
2026-04-13 16:25:41.659 DEBUG [nioEventLoopGroup-3-2] BaseServer [org.sunrise.game.core.server.BaseServerPulseHandler:22] - recv ping, cur NodeId = { RpcNode2000 }, from NodeId = { RpcNode1000-ConnectTo-RpcNode2000 }, delay = 0 ms 
2026-04-13 16:25:43.865 DEBUG [nioEventLoopGroup-7-1] BaseClient [org.sunrise.game.core.client.BaseClientPulseHandler:27] - send ping, cur NodeId = { RpcNode2000-ConnectTo-RpcNode3 } 
2026-04-13 16:25:43.917 DEBUG [nioEventLoopGroup-3-3] BaseServer [org.sunrise.game.core.server.BaseServerPulseHandler:22] - recv ping, cur NodeId = { RpcNode2000 }, from NodeId = { RpcNode3-ConnectTo-RpcNode2000 }, delay = 0 ms 
2026-04-13 16:25:45.956 DEBUG [nioEventLoopGroup-8-1] BaseClient [org.sunrise.game.core.client.BaseClientPulseHandler:27] - send ping, cur NodeId = { RpcNode2000-ConnectTo-RpcNode2 } 
2026-04-13 16:25:46.003 DEBUG [nioEventLoopGroup-3-4] BaseServer [org.sunrise.game.core.server.BaseServerPulseHandler:22] - recv ping, cur NodeId = { RpcNode2000 }, from NodeId = { RpcNode2-ConnectTo-RpcNode2000 }, delay = 0 ms 
2026-04-13 16:25:49.568 DEBUG [nioEventLoopGroup-3-1] BaseServer [org.sunrise.game.core.server.BaseServerPulseHandler:22] - recv ping, cur NodeId = { RpcNode2000 }, from NodeId = { RpcNode100-ConnectTo-RpcNode2000 }, delay = 0 ms 
2026-04-13 16:25:49.578 DEBUG [nioEventLoopGroup-5-1] BaseClient [org.sunrise.game.core.client.BaseClientPulseHandler:27] - send ping, cur NodeId = { RpcNode2000-ConnectTo-RpcNode100 } 
2026-04-13 16:25:51.608 DEBUG [nioEventLoopGroup-6-1] BaseClient [org.sunrise.game.core.client.BaseClientPulseHandler:27] - send ping, cur NodeId = { RpcNode2000-ConnectTo-RpcNode1000 } 
2026-04-13 16:25:51.660 DEBUG [nioEventLoopGroup-3-2] BaseServer [org.sunrise.game.core.server.BaseServerPulseHandler:22] - recv ping, cur NodeId = { RpcNode2000 }, from NodeId = { RpcNode1000-ConnectTo-RpcNode2000 }, delay = 0 ms 
2026-04-13 16:25:53.866 DEBUG [nioEventLoopGroup-7-1] BaseClient [org.sunrise.game.core.client.BaseClientPulseHandler:27] - send ping, cur NodeId = { RpcNode2000-ConnectTo-RpcNode3 } 
2026-04-13 16:25:53.918 DEBUG [nioEventLoopGroup-3-3] BaseServer [org.sunrise.game.core.server.BaseServerPulseHandler:22] - recv ping, cur NodeId = { RpcNode2000 }, from NodeId = { RpcNode3-ConnectTo-RpcNode2000 }, delay = 0 ms 
2026-04-13 16:25:55.957 DEBUG [nioEventLoopGroup-8-1] BaseClient [org.sunrise.game.core.client.BaseClientPulseHandler:27] - send ping, cur NodeId = { RpcNode2000-ConnectTo-RpcNode2 } 
2026-04-13 16:25:56.003 DEBUG [nioEventLoopGroup-3-4] BaseServer [org.sunrise.game.core.server.BaseServerPulseHandler:22] - recv ping, cur NodeId = { RpcNode2000 }, from NodeId = { RpcNode2-ConnectTo-RpcNode2000 }, delay = 0 ms 
2026-04-13 16:25:59.568 DEBUG [nioEventLoopGroup-3-1] BaseServer [org.sunrise.game.core.server.BaseServerPulseHandler:22] - recv ping, cur NodeId = { RpcNode2000 }, from NodeId = { RpcNode100-ConnectTo-RpcNode2000 }, delay = 0 ms 
2026-04-13 16:25:59.579 DEBUG [nioEventLoopGroup-5-1] BaseClient [org.sunrise.game.core.client.BaseClientPulseHandler:27] - send ping, cur NodeId = { RpcNode2000-ConnectTo-RpcNode100 } 
2026-04-13 16:26:01.609 DEBUG [nioEventLoopGroup-6-1] BaseClient [org.sunrise.game.core.client.BaseClientPulseHandler:27] - send ping, cur NodeId = { RpcNode2000-ConnectTo-RpcNode1000 } 
2026-04-13 16:26:01.661 DEBUG [nioEventLoopGroup-3-2] BaseServer [org.sunrise.game.core.server.BaseServerPulseHandler:22] - recv ping, cur NodeId = { RpcNode2000 }, from NodeId = { RpcNode1000-ConnectTo-RpcNode2000 }, delay = 0 ms 
2026-04-13 16:26:03.867 DEBUG [nioEventLoopGroup-7-1] BaseClient [org.sunrise.game.core.client.BaseClientPulseHandler:27] - send ping, cur NodeId = { RpcNode2000-ConnectTo-RpcNode3 } 
2026-04-13 16:26:03.920 DEBUG [nioEventLoopGroup-3-3] BaseServer [org.sunrise.game.core.server.BaseServerPulseHandler:22] - recv ping, cur NodeId = { RpcNode2000 }, from NodeId = { RpcNode3-ConnectTo-RpcNode2000 }, delay = 0 ms 
2026-04-13 16:26:05.958 DEBUG [nioEventLoopGroup-8-1] BaseClient [org.sunrise.game.core.client.BaseClientPulseHandler:27] - send ping, cur NodeId = { RpcNode2000-ConnectTo-RpcNode2 } 
2026-04-13 16:26:06.004 DEBUG [nioEventLoopGroup-3-4] BaseServer [org.sunrise.game.core.server.BaseServerPulseHandler:22] - recv ping, cur NodeId = { RpcNode2000 }, from NodeId = { RpcNode2-ConnectTo-RpcNode2000 }, delay = 0 ms 
2026-04-13 16:26:09.130 INFO  [CheckMemory] ServerStartUp [org.sunrise.game.utils.Utils:125] - Memory : {  total memory: 256 MB, free memory: 204 MB, used memory: 51 MB } 
2026-04-13 16:26:09.570 DEBUG [nioEventLoopGroup-3-1] BaseServer [org.sunrise.game.core.server.BaseServerPulseHandler:22] - recv ping, cur NodeId = { RpcNode2000 }, from NodeId = { RpcNode100-ConnectTo-RpcNode2000 }, delay = 0 ms 
2026-04-13 16:26:09.579 DEBUG [nioEventLoopGroup-5-1] BaseClient [org.sunrise.game.core.client.BaseClientPulseHandler:27] - send ping, cur NodeId = { RpcNode2000-ConnectTo-RpcNode100 } 
2026-04-13 16:26:11.609 DEBUG [nioEventLoopGroup-6-1] BaseClient [org.sunrise.game.core.client.BaseClientPulseHandler:27] - send ping, cur NodeId = { RpcNode2000-ConnectTo-RpcNode1000 } 
2026-04-13 16:26:11.662 DEBUG [nioEventLoopGroup-3-2] BaseServer [org.sunrise.game.core.server.BaseServerPulseHandler:22] - recv ping, cur NodeId = { RpcNode2000 }, from NodeId = { RpcNode1000-ConnectTo-RpcNode2000 }, delay = 0 ms 
2026-04-13 16:26:13.868 DEBUG [nioEventLoopGroup-7-1] BaseClient [org.sunrise.game.core.client.BaseClientPulseHandler:27] - send ping, cur NodeId = { RpcNode2000-ConnectTo-RpcNode3 } 
2026-04-13 16:26:13.920 DEBUG [nioEventLoopGroup-3-3] BaseServer [org.sunrise.game.core.server.BaseServerPulseHandler:22] - recv ping, cur NodeId = { RpcNode2000 }, from NodeId = { RpcNode3-ConnectTo-RpcNode2000 }, delay = 0 ms 
2026-04-13 16:26:15.959 DEBUG [nioEventLoopGroup-8-1] BaseClient [org.sunrise.game.core.client.BaseClientPulseHandler:27] - send ping, cur NodeId = { RpcNode2000-ConnectTo-RpcNode2 } 
2026-04-13 16:26:16.004 DEBUG [nioEventLoopGroup-3-4] BaseServer [org.sunrise.game.core.server.BaseServerPulseHandler:22] - recv ping, cur NodeId = { RpcNode2000 }, from NodeId = { RpcNode2-ConnectTo-RpcNode2000 }, delay = 0 ms 
2026-04-13 16:26:19.570 DEBUG [nioEventLoopGroup-3-1] BaseServer [org.sunrise.game.core.server.BaseServerPulseHandler:22] - recv ping, cur NodeId = { RpcNode2000 }, from NodeId = { RpcNode100-ConnectTo-RpcNode2000 }, delay = 0 ms 
2026-04-13 16:26:19.580 DEBUG [nioEventLoopGroup-5-1] BaseClient [org.sunrise.game.core.client.BaseClientPulseHandler:27] - send ping, cur NodeId = { RpcNode2000-ConnectTo-RpcNode100 } 
2026-04-13 16:26:21.610 DEBUG [nioEventLoopGroup-6-1] BaseClient [org.sunrise.game.core.client.BaseClientPulseHandler:27] - send ping, cur NodeId = { RpcNode2000-ConnectTo-RpcNode1000 } 
2026-04-13 16:26:21.663 DEBUG [nioEventLoopGroup-3-2] BaseServer [org.sunrise.game.core.server.BaseServerPulseHandler:22] - recv ping, cur NodeId = { RpcNode2000 }, from NodeId = { RpcNode1000-ConnectTo-RpcNode2000 }, delay = 0 ms 
2026-04-13 16:26:23.868 DEBUG [nioEventLoopGroup-7-1] BaseClient [org.sunrise.game.core.client.BaseClientPulseHandler:27] - send ping, cur NodeId = { RpcNode2000-ConnectTo-RpcNode3 } 
2026-04-13 16:26:23.920 DEBUG [nioEventLoopGroup-3-3] BaseServer [org.sunrise.game.core.server.BaseServerPulseHandler:22] - recv ping, cur NodeId = { RpcNode2000 }, from NodeId = { RpcNode3-ConnectTo-RpcNode2000 }, delay = 0 ms 
2026-04-13 16:26:25.959 DEBUG [nioEventLoopGroup-8-1] BaseClient [org.sunrise.game.core.client.BaseClientPulseHandler:27] - send ping, cur NodeId = { RpcNode2000-ConnectTo-RpcNode2 } 
2026-04-13 16:26:26.004 DEBUG [nioEventLoopGroup-3-4] BaseServer [org.sunrise.game.core.server.BaseServerPulseHandler:22] - recv ping, cur NodeId = { RpcNode2000 }, from NodeId = { RpcNode2-ConnectTo-RpcNode2000 }, delay = 0 ms 
2026-04-13 16:26:29.570 DEBUG [nioEventLoopGroup-3-1] BaseServer [org.sunrise.game.core.server.BaseServerPulseHandler:22] - recv ping, cur NodeId = { RpcNode2000 }, from NodeId = { RpcNode100-ConnectTo-RpcNode2000 }, delay = 0 ms 
2026-04-13 16:26:29.580 DEBUG [nioEventLoopGroup-5-1] BaseClient [org.sunrise.game.core.client.BaseClientPulseHandler:27] - send ping, cur NodeId = { RpcNode2000-ConnectTo-RpcNode100 } 
2026-04-13 16:26:31.611 DEBUG [nioEventLoopGroup-6-1] BaseClient [org.sunrise.game.core.client.BaseClientPulseHandler:27] - send ping, cur NodeId = { RpcNode2000-ConnectTo-RpcNode1000 } 
2026-04-13 16:26:31.663 DEBUG [nioEventLoopGroup-3-2] BaseServer [org.sunrise.game.core.server.BaseServerPulseHandler:22] - recv ping, cur NodeId = { RpcNode2000 }, from NodeId = { RpcNode1000-ConnectTo-RpcNode2000 }, delay = 0 ms 
2026-04-13 16:26:33.869 DEBUG [nioEventLoopGroup-7-1] BaseClient [org.sunrise.game.core.client.BaseClientPulseHandler:27] - send ping, cur NodeId = { RpcNode2000-ConnectTo-RpcNode3 } 
2026-04-13 16:26:33.920 DEBUG [nioEventLoopGroup-3-3] BaseServer [org.sunrise.game.core.server.BaseServerPulseHandler:22] - recv ping, cur NodeId = { RpcNode2000 }, from NodeId = { RpcNode3-ConnectTo-RpcNode2000 }, delay = 0 ms 
2026-04-13 16:26:35.960 DEBUG [nioEventLoopGroup-8-1] BaseClient [org.sunrise.game.core.client.BaseClientPulseHandler:27] - send ping, cur NodeId = { RpcNode2000-ConnectTo-RpcNode2 } 
2026-04-13 16:26:36.005 DEBUG [nioEventLoopGroup-3-4] BaseServer [org.sunrise.game.core.server.BaseServerPulseHandler:22] - recv ping, cur NodeId = { RpcNode2000 }, from NodeId = { RpcNode2-ConnectTo-RpcNode2000 }, delay = 0 ms 
2026-04-13 16:26:39.570 DEBUG [nioEventLoopGroup-3-1] BaseServer [org.sunrise.game.core.server.BaseServerPulseHandler:22] - recv ping, cur NodeId = { RpcNode2000 }, from NodeId = { RpcNode100-ConnectTo-RpcNode2000 }, delay = 0 ms 
2026-04-13 16:26:39.580 DEBUG [nioEventLoopGroup-5-1] BaseClient [org.sunrise.game.core.client.BaseClientPulseHandler:27] - send ping, cur NodeId = { RpcNode2000-ConnectTo-RpcNode100 } 
2026-04-13 16:26:41.610 DEBUG [nioEventLoopGroup-6-1] BaseClient [org.sunrise.game.core.client.BaseClientPulseHandler:27] - send ping, cur NodeId = { RpcNode2000-ConnectTo-RpcNode1000 } 
2026-04-13 16:26:41.663 DEBUG [nioEventLoopGroup-3-2] BaseServer [org.sunrise.game.core.server.BaseServerPulseHandler:22] - recv ping, cur NodeId = { RpcNode2000 }, from NodeId = { RpcNode1000-ConnectTo-RpcNode2000 }, delay = 0 ms 
2026-04-13 16:26:43.871 DEBUG [nioEventLoopGroup-7-1] BaseClient [org.sunrise.game.core.client.BaseClientPulseHandler:27] - send ping, cur NodeId = { RpcNode2000-ConnectTo-RpcNode3 } 
2026-04-13 16:26:43.921 DEBUG [nioEventLoopGroup-3-3] BaseServer [org.sunrise.game.core.server.BaseServerPulseHandler:22] - recv ping, cur NodeId = { RpcNode2000 }, from NodeId = { RpcNode3-ConnectTo-RpcNode2000 }, delay = 0 ms 
2026-04-13 16:26:45.961 DEBUG [nioEventLoopGroup-8-1] BaseClient [org.sunrise.game.core.client.BaseClientPulseHandler:27] - send ping, cur NodeId = { RpcNode2000-ConnectTo-RpcNode2 } 
2026-04-13 16:26:46.005 DEBUG [nioEventLoopGroup-3-4] BaseServer [org.sunrise.game.core.server.BaseServerPulseHandler:22] - recv ping, cur NodeId = { RpcNode2000 }, from NodeId = { RpcNode2-ConnectTo-RpcNode2000 }, delay = 0 ms 
2026-04-13 16:26:49.571 DEBUG [nioEventLoopGroup-3-1] BaseServer [org.sunrise.game.core.server.BaseServerPulseHandler:22] - recv ping, cur NodeId = { RpcNode2000 }, from NodeId = { RpcNode100-ConnectTo-RpcNode2000 }, delay = 0 ms 
2026-04-13 16:26:49.580 DEBUG [nioEventLoopGroup-5-1] BaseClient [org.sunrise.game.core.client.BaseClientPulseHandler:27] - send ping, cur NodeId = { RpcNode2000-ConnectTo-RpcNode100 } 
2026-04-13 16:26:51.611 DEBUG [nioEventLoopGroup-6-1] BaseClient [org.sunrise.game.core.client.BaseClientPulseHandler:27] - send ping, cur NodeId = { RpcNode2000-ConnectTo-RpcNode1000 } 
2026-04-13 16:26:51.663 DEBUG [nioEventLoopGroup-3-2] BaseServer [org.sunrise.game.core.server.BaseServerPulseHandler:22] - recv ping, cur NodeId = { RpcNode2000 }, from NodeId = { RpcNode1000-ConnectTo-RpcNode2000 }, delay = 0 ms 
2026-04-13 16:26:53.870 DEBUG [nioEventLoopGroup-7-1] BaseClient [org.sunrise.game.core.client.BaseClientPulseHandler:27] - send ping, cur NodeId = { RpcNode2000-ConnectTo-RpcNode3 } 
2026-04-13 16:26:53.922 DEBUG [nioEventLoopGroup-3-3] BaseServer [org.sunrise.game.core.server.BaseServerPulseHandler:22] - recv ping, cur NodeId = { RpcNode2000 }, from NodeId = { RpcNode3-ConnectTo-RpcNode2000 }, delay = 0 ms 
2026-04-13 16:26:55.962 DEBUG [nioEventLoopGroup-8-1] BaseClient [org.sunrise.game.core.client.BaseClientPulseHandler:27] - send ping, cur NodeId = { RpcNode2000-ConnectTo-RpcNode2 } 
2026-04-13 16:26:56.005 DEBUG [nioEventLoopGroup-3-4] BaseServer [org.sunrise.game.core.server.BaseServerPulseHandler:22] - recv ping, cur NodeId = { RpcNode2000 }, from NodeId = { RpcNode2-ConnectTo-RpcNode2000 }, delay = 0 ms 
2026-04-13 16:26:59.571 DEBUG [nioEventLoopGroup-3-1] BaseServer [org.sunrise.game.core.server.BaseServerPulseHandler:22] - recv ping, cur NodeId = { RpcNode2000 }, from NodeId = { RpcNode100-ConnectTo-RpcNode2000 }, delay = 0 ms 
2026-04-13 16:26:59.580 DEBUG [nioEventLoopGroup-5-1] BaseClient [org.sunrise.game.core.client.BaseClientPulseHandler:27] - send ping, cur NodeId = { RpcNode2000-ConnectTo-RpcNode100 } 
2026-04-13 16:27:01.612 DEBUG [nioEventLoopGroup-6-1] BaseClient [org.sunrise.game.core.client.BaseClientPulseHandler:27] - send ping, cur NodeId = { RpcNode2000-ConnectTo-RpcNode1000 } 
2026-04-13 16:27:01.663 DEBUG [nioEventLoopGroup-3-2] BaseServer [org.sunrise.game.core.server.BaseServerPulseHandler:22] - recv ping, cur NodeId = { RpcNode2000 }, from NodeId = { RpcNode1000-ConnectTo-RpcNode2000 }, delay = 0 ms 
2026-04-13 16:27:03.872 DEBUG [nioEventLoopGroup-7-1] BaseClient [org.sunrise.game.core.client.BaseClientPulseHandler:27] - send ping, cur NodeId = { RpcNode2000-ConnectTo-RpcNode3 } 
2026-04-13 16:27:03.923 DEBUG [nioEventLoopGroup-3-3] BaseServer [org.sunrise.game.core.server.BaseServerPulseHandler:22] - recv ping, cur NodeId = { RpcNode2000 }, from NodeId = { RpcNode3-ConnectTo-RpcNode2000 }, delay = 0 ms 
2026-04-13 16:27:05.962 DEBUG [nioEventLoopGroup-8-1] BaseClient [org.sunrise.game.core.client.BaseClientPulseHandler:27] - send ping, cur NodeId = { RpcNode2000-ConnectTo-RpcNode2 } 
2026-04-13 16:27:06.006 DEBUG [nioEventLoopGroup-3-4] BaseServer [org.sunrise.game.core.server.BaseServerPulseHandler:22] - recv ping, cur NodeId = { RpcNode2000 }, from NodeId = { RpcNode2-ConnectTo-RpcNode2000 }, delay = 0 ms 
2026-04-13 16:27:09.132 INFO  [CheckMemory] ServerStartUp [org.sunrise.game.utils.Utils:125] - Memory : {  total memory: 256 MB, free memory: 204 MB, used memory: 51 MB } 
2026-04-13 16:27:09.571 DEBUG [nioEventLoopGroup-3-1] BaseServer [org.sunrise.game.core.server.BaseServerPulseHandler:22] - recv ping, cur NodeId = { RpcNode2000 }, from NodeId = { RpcNode100-ConnectTo-RpcNode2000 }, delay = 0 ms 
2026-04-13 16:27:09.580 DEBUG [nioEventLoopGroup-5-1] BaseClient [org.sunrise.game.core.client.BaseClientPulseHandler:27] - send ping, cur NodeId = { RpcNode2000-ConnectTo-RpcNode100 } 
2026-04-13 16:27:11.613 DEBUG [nioEventLoopGroup-6-1] BaseClient [org.sunrise.game.core.client.BaseClientPulseHandler:27] - send ping, cur NodeId = { RpcNode2000-ConnectTo-RpcNode1000 } 
2026-04-13 16:27:11.665 DEBUG [nioEventLoopGroup-3-2] BaseServer [org.sunrise.game.core.server.BaseServerPulseHandler:22] - recv ping, cur NodeId = { RpcNode2000 }, from NodeId = { RpcNode1000-ConnectTo-RpcNode2000 }, delay = 0 ms 
2026-04-13 16:27:13.872 DEBUG [nioEventLoopGroup-7-1] BaseClient [org.sunrise.game.core.client.BaseClientPulseHandler:27] - send ping, cur NodeId = { RpcNode2000-ConnectTo-RpcNode3 } 
2026-04-13 16:27:13.923 DEBUG [nioEventLoopGroup-3-3] BaseServer [org.sunrise.game.core.server.BaseServerPulseHandler:22] - recv ping, cur NodeId = { RpcNode2000 }, from NodeId = { RpcNode3-ConnectTo-RpcNode2000 }, delay = 0 ms 
2026-04-13 16:27:15.963 DEBUG [nioEventLoopGroup-8-1] BaseClient [org.sunrise.game.core.client.BaseClientPulseHandler:27] - send ping, cur NodeId = { RpcNode2000-ConnectTo-RpcNode2 } 
2026-04-13 16:27:16.006 DEBUG [nioEventLoopGroup-3-4] BaseServer [org.sunrise.game.core.server.BaseServerPulseHandler:22] - recv ping, cur NodeId = { RpcNode2000 }, from NodeId = { RpcNode2-ConnectTo-RpcNode2000 }, delay = 0 ms 
2026-04-13 16:27:19.572 DEBUG [nioEventLoopGroup-3-1] BaseServer [org.sunrise.game.core.server.BaseServerPulseHandler:22] - recv ping, cur NodeId = { RpcNode2000 }, from NodeId = { RpcNode100-ConnectTo-RpcNode2000 }, delay = 0 ms 
2026-04-13 16:27:19.581 DEBUG [nioEventLoopGroup-5-1] BaseClient [org.sunrise.game.core.client.BaseClientPulseHandler:27] - send ping, cur NodeId = { RpcNode2000-ConnectTo-RpcNode100 } 
2026-04-13 16:27:21.613 DEBUG [nioEventLoopGroup-6-1] BaseClient [org.sunrise.game.core.client.BaseClientPulseHandler:27] - send ping, cur NodeId = { RpcNode2000-ConnectTo-RpcNode1000 } 
2026-04-13 16:27:21.665 DEBUG [nioEventLoopGroup-3-2] BaseServer [org.sunrise.game.core.server.BaseServerPulseHandler:22] - recv ping, cur NodeId = { RpcNode2000 }, from NodeId = { RpcNode1000-ConnectTo-RpcNode2000 }, delay = 0 ms 
2026-04-13 16:27:23.872 DEBUG [nioEventLoopGroup-7-1] BaseClient [org.sunrise.game.core.client.BaseClientPulseHandler:27] - send ping, cur NodeId = { RpcNode2000-ConnectTo-RpcNode3 } 
2026-04-13 16:27:23.923 DEBUG [nioEventLoopGroup-3-3] BaseServer [org.sunrise.game.core.server.BaseServerPulseHandler:22] - recv ping, cur NodeId = { RpcNode2000 }, from NodeId = { RpcNode3-ConnectTo-RpcNode2000 }, delay = 0 ms 
2026-04-13 16:27:25.963 DEBUG [nioEventLoopGroup-8-1] BaseClient [org.sunrise.game.core.client.BaseClientPulseHandler:27] - send ping, cur NodeId = { RpcNode2000-ConnectTo-RpcNode2 } 
2026-04-13 16:27:26.006 DEBUG [nioEventLoopGroup-3-4] BaseServer [org.sunrise.game.core.server.BaseServerPulseHandler:22] - recv ping, cur NodeId = { RpcNode2000 }, from NodeId = { RpcNode2-ConnectTo-RpcNode2000 }, delay = 0 ms 
2026-04-13 16:27:29.572 DEBUG [nioEventLoopGroup-3-1] BaseServer [org.sunrise.game.core.server.BaseServerPulseHandler:22] - recv ping, cur NodeId = { RpcNode2000 }, from NodeId = { RpcNode100-ConnectTo-RpcNode2000 }, delay = 0 ms 
2026-04-13 16:27:29.582 DEBUG [nioEventLoopGroup-5-1] BaseClient [org.sunrise.game.core.client.BaseClientPulseHandler:27] - send ping, cur NodeId = { RpcNode2000-ConnectTo-RpcNode100 } 
2026-04-13 16:27:31.614 DEBUG [nioEventLoopGroup-6-1] BaseClient [org.sunrise.game.core.client.BaseClientPulseHandler:27] - send ping, cur NodeId = { RpcNode2000-ConnectTo-RpcNode1000 } 
2026-04-13 16:27:31.665 DEBUG [nioEventLoopGroup-3-2] BaseServer [org.sunrise.game.core.server.BaseServerPulseHandler:22] - recv ping, cur NodeId = { RpcNode2000 }, from NodeId = { RpcNode1000-ConnectTo-RpcNode2000 }, delay = 0 ms 
2026-04-13 16:27:33.873 DEBUG [nioEventLoopGroup-7-1] BaseClient [org.sunrise.game.core.client.BaseClientPulseHandler:27] - send ping, cur NodeId = { RpcNode2000-ConnectTo-RpcNode3 } 
2026-04-13 16:27:33.923 DEBUG [nioEventLoopGroup-3-3] BaseServer [org.sunrise.game.core.server.BaseServerPulseHandler:22] - recv ping, cur NodeId = { RpcNode2000 }, from NodeId = { RpcNode3-ConnectTo-RpcNode2000 }, delay = 0 ms 
2026-04-13 16:27:35.962 DEBUG [nioEventLoopGroup-8-1] BaseClient [org.sunrise.game.core.client.BaseClientPulseHandler:27] - send ping, cur NodeId = { RpcNode2000-ConnectTo-RpcNode2 } 
2026-04-13 16:27:36.006 DEBUG [nioEventLoopGroup-3-4] BaseServer [org.sunrise.game.core.server.BaseServerPulseHandler:22] - recv ping, cur NodeId = { RpcNode2000 }, from NodeId = { RpcNode2-ConnectTo-RpcNode2000 }, delay = 0 ms 
2026-04-13 16:27:39.572 DEBUG [nioEventLoopGroup-3-1] BaseServer [org.sunrise.game.core.server.BaseServerPulseHandler:22] - recv ping, cur NodeId = { RpcNode2000 }, from NodeId = { RpcNode100-ConnectTo-RpcNode2000 }, delay = 0 ms 
2026-04-13 16:27:39.582 DEBUG [nioEventLoopGroup-5-1] BaseClient [org.sunrise.game.core.client.BaseClientPulseHandler:27] - send ping, cur NodeId = { RpcNode2000-ConnectTo-RpcNode100 } 
2026-04-13 16:27:41.614 DEBUG [nioEventLoopGroup-6-1] BaseClient [org.sunrise.game.core.client.BaseClientPulseHandler:27] - send ping, cur NodeId = { RpcNode2000-ConnectTo-RpcNode1000 } 
2026-04-13 16:27:41.665 DEBUG [nioEventLoopGroup-3-2] BaseServer [org.sunrise.game.core.server.BaseServerPulseHandler:22] - recv ping, cur NodeId = { RpcNode2000 }, from NodeId = { RpcNode1000-ConnectTo-RpcNode2000 }, delay = 0 ms 
2026-04-13 16:27:43.873 DEBUG [nioEventLoopGroup-7-1] BaseClient [org.sunrise.game.core.client.BaseClientPulseHandler:27] - send ping, cur NodeId = { RpcNode2000-ConnectTo-RpcNode3 } 
2026-04-13 16:27:43.924 DEBUG [nioEventLoopGroup-3-3] BaseServer [org.sunrise.game.core.server.BaseServerPulseHandler:22] - recv ping, cur NodeId = { RpcNode2000 }, from NodeId = { RpcNode3-ConnectTo-RpcNode2000 }, delay = 0 ms 
2026-04-13 16:27:45.963 DEBUG [nioEventLoopGroup-8-1] BaseClient [org.sunrise.game.core.client.BaseClientPulseHandler:27] - send ping, cur NodeId = { RpcNode2000-ConnectTo-RpcNode2 } 
2026-04-13 16:27:46.006 DEBUG [nioEventLoopGroup-3-4] BaseServer [org.sunrise.game.core.server.BaseServerPulseHandler:22] - recv ping, cur NodeId = { RpcNode2000 }, from NodeId = { RpcNode2-ConnectTo-RpcNode2000 }, delay = 0 ms 
2026-04-13 16:27:49.573 DEBUG [nioEventLoopGroup-3-1] BaseServer [org.sunrise.game.core.server.BaseServerPulseHandler:22] - recv ping, cur NodeId = { RpcNode2000 }, from NodeId = { RpcNode100-ConnectTo-RpcNode2000 }, delay = 0 ms 
2026-04-13 16:27:49.583 DEBUG [nioEventLoopGroup-5-1] BaseClient [org.sunrise.game.core.client.BaseClientPulseHandler:27] - send ping, cur NodeId = { RpcNode2000-ConnectTo-RpcNode100 } 
2026-04-13 16:27:51.615 DEBUG [nioEventLoopGroup-6-1] BaseClient [org.sunrise.game.core.client.BaseClientPulseHandler:27] - send ping, cur NodeId = { RpcNode2000-ConnectTo-RpcNode1000 } 
2026-04-13 16:27:51.666 DEBUG [nioEventLoopGroup-3-2] BaseServer [org.sunrise.game.core.server.BaseServerPulseHandler:22] - recv ping, cur NodeId = { RpcNode2000 }, from NodeId = { RpcNode1000-ConnectTo-RpcNode2000 }, delay = 0 ms 
2026-04-13 16:27:53.873 DEBUG [nioEventLoopGroup-7-1] BaseClient [org.sunrise.game.core.client.BaseClientPulseHandler:27] - send ping, cur NodeId = { RpcNode2000-ConnectTo-RpcNode3 } 
2026-04-13 16:27:53.925 DEBUG [nioEventLoopGroup-3-3] BaseServer [org.sunrise.game.core.server.BaseServerPulseHandler:22] - recv ping, cur NodeId = { RpcNode2000 }, from NodeId = { RpcNode3-ConnectTo-RpcNode2000 }, delay = 0 ms 
2026-04-13 16:27:55.964 DEBUG [nioEventLoopGroup-8-1] BaseClient [org.sunrise.game.core.client.BaseClientPulseHandler:27] - send ping, cur NodeId = { RpcNode2000-ConnectTo-RpcNode2 } 
2026-04-13 16:27:56.006 DEBUG [nioEventLoopGroup-3-4] BaseServer [org.sunrise.game.core.server.BaseServerPulseHandler:22] - recv ping, cur NodeId = { RpcNode2000 }, from NodeId = { RpcNode2-ConnectTo-RpcNode2000 }, delay = 0 ms 
2026-04-13 16:27:59.573 DEBUG [nioEventLoopGroup-3-1] BaseServer [org.sunrise.game.core.server.BaseServerPulseHandler:22] - recv ping, cur NodeId = { RpcNode2000 }, from NodeId = { RpcNode100-ConnectTo-RpcNode2000 }, delay = 0 ms 
2026-04-13 16:27:59.583 DEBUG [nioEventLoopGroup-5-1] BaseClient [org.sunrise.game.core.client.BaseClientPulseHandler:27] - send ping, cur NodeId = { RpcNode2000-ConnectTo-RpcNode100 } 
2026-04-13 16:28:01.615 DEBUG [nioEventLoopGroup-6-1] BaseClient [org.sunrise.game.core.client.BaseClientPulseHandler:27] - send ping, cur NodeId = { RpcNode2000-ConnectTo-RpcNode1000 } 
2026-04-13 16:28:01.666 DEBUG [nioEventLoopGroup-3-2] BaseServer [org.sunrise.game.core.server.BaseServerPulseHandler:22] - recv ping, cur NodeId = { RpcNode2000 }, from NodeId = { RpcNode1000-ConnectTo-RpcNode2000 }, delay = 0 ms 
2026-04-13 16:28:03.873 DEBUG [nioEventLoopGroup-7-1] BaseClient [org.sunrise.game.core.client.BaseClientPulseHandler:27] - send ping, cur NodeId = { RpcNode2000-ConnectTo-RpcNode3 } 
2026-04-13 16:28:03.925 DEBUG [nioEventLoopGroup-3-3] BaseServer [org.sunrise.game.core.server.BaseServerPulseHandler:22] - recv ping, cur NodeId = { RpcNode2000 }, from NodeId = { RpcNode3-ConnectTo-RpcNode2000 }, delay = 0 ms 
2026-04-13 16:28:05.964 DEBUG [nioEventLoopGroup-8-1] BaseClient [org.sunrise.game.core.client.BaseClientPulseHandler:27] - send ping, cur NodeId = { RpcNode2000-ConnectTo-RpcNode2 } 
2026-04-13 16:28:06.007 DEBUG [nioEventLoopGroup-3-4] BaseServer [org.sunrise.game.core.server.BaseServerPulseHandler:22] - recv ping, cur NodeId = { RpcNode2000 }, from NodeId = { RpcNode2-ConnectTo-RpcNode2000 }, delay = 0 ms 
2026-04-13 16:28:09.134 INFO  [CheckMemory] ServerStartUp [org.sunrise.game.utils.Utils:125] - Memory : {  total memory: 256 MB, free memory: 203 MB, used memory: 52 MB } 
2026-04-13 16:28:09.573 DEBUG [nioEventLoopGroup-3-1] BaseServer [org.sunrise.game.core.server.BaseServerPulseHandler:22] - recv ping, cur NodeId = { RpcNode2000 }, from NodeId = { RpcNode100-ConnectTo-RpcNode2000 }, delay = 0 ms 
2026-04-13 16:28:09.585 DEBUG [nioEventLoopGroup-5-1] BaseClient [org.sunrise.game.core.client.BaseClientPulseHandler:27] - send ping, cur NodeId = { RpcNode2000-ConnectTo-RpcNode100 } 
2026-04-13 16:28:11.616 DEBUG [nioEventLoopGroup-6-1] BaseClient [org.sunrise.game.core.client.BaseClientPulseHandler:27] - send ping, cur NodeId = { RpcNode2000-ConnectTo-RpcNode1000 } 
2026-04-13 16:28:11.666 DEBUG [nioEventLoopGroup-3-2] BaseServer [org.sunrise.game.core.server.BaseServerPulseHandler:22] - recv ping, cur NodeId = { RpcNode2000 }, from NodeId = { RpcNode1000-ConnectTo-RpcNode2000 }, delay = 0 ms 
2026-04-13 16:28:13.873 DEBUG [nioEventLoopGroup-7-1] BaseClient [org.sunrise.game.core.client.BaseClientPulseHandler:27] - send ping, cur NodeId = { RpcNode2000-ConnectTo-RpcNode3 } 
2026-04-13 16:28:13.925 DEBUG [nioEventLoopGroup-3-3] BaseServer [org.sunrise.game.core.server.BaseServerPulseHandler:22] - recv ping, cur NodeId = { RpcNode2000 }, from NodeId = { RpcNode3-ConnectTo-RpcNode2000 }, delay = 0 ms 
2026-04-13 16:28:15.965 DEBUG [nioEventLoopGroup-8-1] BaseClient [org.sunrise.game.core.client.BaseClientPulseHandler:27] - send ping, cur NodeId = { RpcNode2000-ConnectTo-RpcNode2 } 
2026-04-13 16:28:16.008 DEBUG [nioEventLoopGroup-3-4] BaseServer [org.sunrise.game.core.server.BaseServerPulseHandler:22] - recv ping, cur NodeId = { RpcNode2000 }, from NodeId = { RpcNode2-ConnectTo-RpcNode2000 }, delay = 0 ms 
2026-04-13 16:28:19.575 DEBUG [nioEventLoopGroup-3-1] BaseServer [org.sunrise.game.core.server.BaseServerPulseHandler:22] - recv ping, cur NodeId = { RpcNode2000 }, from NodeId = { RpcNode100-ConnectTo-RpcNode2000 }, delay = 0 ms 
2026-04-13 16:28:19.586 DEBUG [nioEventLoopGroup-5-1] BaseClient [org.sunrise.game.core.client.BaseClientPulseHandler:27] - send ping, cur NodeId = { RpcNode2000-ConnectTo-RpcNode100 } 
2026-04-13 16:28:21.617 DEBUG [nioEventLoopGroup-6-1] BaseClient [org.sunrise.game.core.client.BaseClientPulseHandler:27] - send ping, cur NodeId = { RpcNode2000-ConnectTo-RpcNode1000 } 
2026-04-13 16:28:21.667 DEBUG [nioEventLoopGroup-3-2] BaseServer [org.sunrise.game.core.server.BaseServerPulseHandler:22] - recv ping, cur NodeId = { RpcNode2000 }, from NodeId = { RpcNode1000-ConnectTo-RpcNode2000 }, delay = 0 ms 
2026-04-13 16:28:23.874 DEBUG [nioEventLoopGroup-7-1] BaseClient [org.sunrise.game.core.client.BaseClientPulseHandler:27] - send ping, cur NodeId = { RpcNode2000-ConnectTo-RpcNode3 } 
2026-04-13 16:28:23.925 DEBUG [nioEventLoopGroup-3-3] BaseServer [org.sunrise.game.core.server.BaseServerPulseHandler:22] - recv ping, cur NodeId = { RpcNode2000 }, from NodeId = { RpcNode3-ConnectTo-RpcNode2000 }, delay = 0 ms 
2026-04-13 16:28:25.964 DEBUG [nioEventLoopGroup-8-1] BaseClient [org.sunrise.game.core.client.BaseClientPulseHandler:27] - send ping, cur NodeId = { RpcNode2000-ConnectTo-RpcNode2 } 
2026-04-13 16:28:26.008 DEBUG [nioEventLoopGroup-3-4] BaseServer [org.sunrise.game.core.server.BaseServerPulseHandler:22] - recv ping, cur NodeId = { RpcNode2000 }, from NodeId = { RpcNode2-ConnectTo-RpcNode2000 }, delay = 0 ms 
2026-04-13 16:28:29.576 DEBUG [nioEventLoopGroup-3-1] BaseServer [org.sunrise.game.core.server.BaseServerPulseHandler:22] - recv ping, cur NodeId = { RpcNode2000 }, from NodeId = { RpcNode100-ConnectTo-RpcNode2000 }, delay = 0 ms 
2026-04-13 16:28:29.586 DEBUG [nioEventLoopGroup-5-1] BaseClient [org.sunrise.game.core.client.BaseClientPulseHandler:27] - send ping, cur NodeId = { RpcNode2000-ConnectTo-RpcNode100 } 
2026-04-13 16:28:31.618 DEBUG [nioEventLoopGroup-6-1] BaseClient [org.sunrise.game.core.client.BaseClientPulseHandler:27] - send ping, cur NodeId = { RpcNode2000-ConnectTo-RpcNode1000 } 
2026-04-13 16:28:31.669 DEBUG [nioEventLoopGroup-3-2] BaseServer [org.sunrise.game.core.server.BaseServerPulseHandler:22] - recv ping, cur NodeId = { RpcNode2000 }, from NodeId = { RpcNode1000-ConnectTo-RpcNode2000 }, delay = 0 ms 
2026-04-13 16:28:33.874 DEBUG [nioEventLoopGroup-7-1] BaseClient [org.sunrise.game.core.client.BaseClientPulseHandler:27] - send ping, cur NodeId = { RpcNode2000-ConnectTo-RpcNode3 } 
2026-04-13 16:28:33.926 DEBUG [nioEventLoopGroup-3-3] BaseServer [org.sunrise.game.core.server.BaseServerPulseHandler:22] - recv ping, cur NodeId = { RpcNode2000 }, from NodeId = { RpcNode3-ConnectTo-RpcNode2000 }, delay = 0 ms 
2026-04-13 16:28:35.964 DEBUG [nioEventLoopGroup-8-1] BaseClient [org.sunrise.game.core.client.BaseClientPulseHandler:27] - send ping, cur NodeId = { RpcNode2000-ConnectTo-RpcNode2 } 
2026-04-13 16:28:36.008 DEBUG [nioEventLoopGroup-3-4] BaseServer [org.sunrise.game.core.server.BaseServerPulseHandler:22] - recv ping, cur NodeId = { RpcNode2000 }, from NodeId = { RpcNode2-ConnectTo-RpcNode2000 }, delay = 0 ms 
2026-04-13 16:28:39.576 DEBUG [nioEventLoopGroup-3-1] BaseServer [org.sunrise.game.core.server.BaseServerPulseHandler:22] - recv ping, cur NodeId = { RpcNode2000 }, from NodeId = { RpcNode100-ConnectTo-RpcNode2000 }, delay = 0 ms 
2026-04-13 16:28:39.587 DEBUG [nioEventLoopGroup-5-1] BaseClient [org.sunrise.game.core.client.BaseClientPulseHandler:27] - send ping, cur NodeId = { RpcNode2000-ConnectTo-RpcNode100 } 
2026-04-13 16:28:41.619 DEBUG [nioEventLoopGroup-6-1] BaseClient [org.sunrise.game.core.client.BaseClientPulseHandler:27] - send ping, cur NodeId = { RpcNode2000-ConnectTo-RpcNode1000 } 
2026-04-13 16:28:41.669 DEBUG [nioEventLoopGroup-3-2] BaseServer [org.sunrise.game.core.server.BaseServerPulseHandler:22] - recv ping, cur NodeId = { RpcNode2000 }, from NodeId = { RpcNode1000-ConnectTo-RpcNode2000 }, delay = 0 ms 
2026-04-13 16:28:43.874 DEBUG [nioEventLoopGroup-7-1] BaseClient [org.sunrise.game.core.client.BaseClientPulseHandler:27] - send ping, cur NodeId = { RpcNode2000-ConnectTo-RpcNode3 } 
2026-04-13 16:28:43.926 DEBUG [nioEventLoopGroup-3-3] BaseServer [org.sunrise.game.core.server.BaseServerPulseHandler:22] - recv ping, cur NodeId = { RpcNode2000 }, from NodeId = { RpcNode3-ConnectTo-RpcNode2000 }, delay = 0 ms 
2026-04-13 16:28:45.966 DEBUG [nioEventLoopGroup-8-1] BaseClient [org.sunrise.game.core.client.BaseClientPulseHandler:27] - send ping, cur NodeId = { RpcNode2000-ConnectTo-RpcNode2 } 
2026-04-13 16:28:46.008 DEBUG [nioEventLoopGroup-3-4] BaseServer [org.sunrise.game.core.server.BaseServerPulseHandler:22] - recv ping, cur NodeId = { RpcNode2000 }, from NodeId = { RpcNode2-ConnectTo-RpcNode2000 }, delay = 0 ms 
2026-04-13 16:28:49.577 DEBUG [nioEventLoopGroup-3-1] BaseServer [org.sunrise.game.core.server.BaseServerPulseHandler:22] - recv ping, cur NodeId = { RpcNode2000 }, from NodeId = { RpcNode100-ConnectTo-RpcNode2000 }, delay = 0 ms 
2026-04-13 16:28:49.587 DEBUG [nioEventLoopGroup-5-1] BaseClient [org.sunrise.game.core.client.BaseClientPulseHandler:27] - send ping, cur NodeId = { RpcNode2000-ConnectTo-RpcNode100 } 
2026-04-13 16:28:51.619 DEBUG [nioEventLoopGroup-6-1] BaseClient [org.sunrise.game.core.client.BaseClientPulseHandler:27] - send ping, cur NodeId = { RpcNode2000-ConnectTo-RpcNode1000 } 
2026-04-13 16:28:51.670 DEBUG [nioEventLoopGroup-3-2] BaseServer [org.sunrise.game.core.server.BaseServerPulseHandler:22] - recv ping, cur NodeId = { RpcNode2000 }, from NodeId = { RpcNode1000-ConnectTo-RpcNode2000 }, delay = 0 ms 
2026-04-13 16:28:53.876 DEBUG [nioEventLoopGroup-7-1] BaseClient [org.sunrise.game.core.client.BaseClientPulseHandler:27] - send ping, cur NodeId = { RpcNode2000-ConnectTo-RpcNode3 } 
2026-04-13 16:28:53.927 DEBUG [nioEventLoopGroup-3-3] BaseServer [org.sunrise.game.core.server.BaseServerPulseHandler:22] - recv ping, cur NodeId = { RpcNode2000 }, from NodeId = { RpcNode3-ConnectTo-RpcNode2000 }, delay = 0 ms 
2026-04-13 16:28:55.966 DEBUG [nioEventLoopGroup-8-1] BaseClient [org.sunrise.game.core.client.BaseClientPulseHandler:27] - send ping, cur NodeId = { RpcNode2000-ConnectTo-RpcNode2 } 
2026-04-13 16:28:56.009 DEBUG [nioEventLoopGroup-3-4] BaseServer [org.sunrise.game.core.server.BaseServerPulseHandler:22] - recv ping, cur NodeId = { RpcNode2000 }, from NodeId = { RpcNode2-ConnectTo-RpcNode2000 }, delay = 0 ms 
2026-04-13 16:28:59.577 DEBUG [nioEventLoopGroup-3-1] BaseServer [org.sunrise.game.core.server.BaseServerPulseHandler:22] - recv ping, cur NodeId = { RpcNode2000 }, from NodeId = { RpcNode100-ConnectTo-RpcNode2000 }, delay = 0 ms 
2026-04-13 16:28:59.588 DEBUG [nioEventLoopGroup-5-1] BaseClient [org.sunrise.game.core.client.BaseClientPulseHandler:27] - send ping, cur NodeId = { RpcNode2000-ConnectTo-RpcNode100 } 
2026-04-13 16:29:01.619 DEBUG [nioEventLoopGroup-6-1] BaseClient [org.sunrise.game.core.client.BaseClientPulseHandler:27] - send ping, cur NodeId = { RpcNode2000-ConnectTo-RpcNode1000 } 
2026-04-13 16:29:01.671 DEBUG [nioEventLoopGroup-3-2] BaseServer [org.sunrise.game.core.server.BaseServerPulseHandler:22] - recv ping, cur NodeId = { RpcNode2000 }, from NodeId = { RpcNode1000-ConnectTo-RpcNode2000 }, delay = 0 ms 
2026-04-13 16:29:03.876 DEBUG [nioEventLoopGroup-7-1] BaseClient [org.sunrise.game.core.client.BaseClientPulseHandler:27] - send ping, cur NodeId = { RpcNode2000-ConnectTo-RpcNode3 } 
2026-04-13 16:29:03.928 DEBUG [nioEventLoopGroup-3-3] BaseServer [org.sunrise.game.core.server.BaseServerPulseHandler:22] - recv ping, cur NodeId = { RpcNode2000 }, from NodeId = { RpcNode3-ConnectTo-RpcNode2000 }, delay = 0 ms 
2026-04-13 16:29:05.966 DEBUG [nioEventLoopGroup-8-1] BaseClient [org.sunrise.game.core.client.BaseClientPulseHandler:27] - send ping, cur NodeId = { RpcNode2000-ConnectTo-RpcNode2 } 
2026-04-13 16:29:06.009 DEBUG [nioEventLoopGroup-3-4] BaseServer [org.sunrise.game.core.server.BaseServerPulseHandler:22] - recv ping, cur NodeId = { RpcNode2000 }, from NodeId = { RpcNode2-ConnectTo-RpcNode2000 }, delay = 0 ms 
2026-04-13 16:29:09.134 INFO  [CheckMemory] ServerStartUp [org.sunrise.game.utils.Utils:125] - Memory : {  total memory: 256 MB, free memory: 202 MB, used memory: 53 MB } 
2026-04-13 16:29:09.578 DEBUG [nioEventLoopGroup-3-1] BaseServer [org.sunrise.game.core.server.BaseServerPulseHandler:22] - recv ping, cur NodeId = { RpcNode2000 }, from NodeId = { RpcNode100-ConnectTo-RpcNode2000 }, delay = 0 ms 
2026-04-13 16:29:09.588 DEBUG [nioEventLoopGroup-5-1] BaseClient [org.sunrise.game.core.client.BaseClientPulseHandler:27] - send ping, cur NodeId = { RpcNode2000-ConnectTo-RpcNode100 } 
2026-04-13 16:29:11.619 DEBUG [nioEventLoopGroup-6-1] BaseClient [org.sunrise.game.core.client.BaseClientPulseHandler:27] - send ping, cur NodeId = { RpcNode2000-ConnectTo-RpcNode1000 } 
2026-04-13 16:29:11.671 DEBUG [nioEventLoopGroup-3-2] BaseServer [org.sunrise.game.core.server.BaseServerPulseHandler:22] - recv ping, cur NodeId = { RpcNode2000 }, from NodeId = { RpcNode1000-ConnectTo-RpcNode2000 }, delay = 0 ms 
2026-04-13 16:29:13.876 DEBUG [nioEventLoopGroup-7-1] BaseClient [org.sunrise.game.core.client.BaseClientPulseHandler:27] - send ping, cur NodeId = { RpcNode2000-ConnectTo-RpcNode3 } 
2026-04-13 16:29:13.929 DEBUG [nioEventLoopGroup-3-3] BaseServer [org.sunrise.game.core.server.BaseServerPulseHandler:22] - recv ping, cur NodeId = { RpcNode2000 }, from NodeId = { RpcNode3-ConnectTo-RpcNode2000 }, delay = 0 ms 
2026-04-13 16:29:15.967 DEBUG [nioEventLoopGroup-8-1] BaseClient [org.sunrise.game.core.client.BaseClientPulseHandler:27] - send ping, cur NodeId = { RpcNode2000-ConnectTo-RpcNode2 } 
2026-04-13 16:29:16.010 DEBUG [nioEventLoopGroup-3-4] BaseServer [org.sunrise.game.core.server.BaseServerPulseHandler:22] - recv ping, cur NodeId = { RpcNode2000 }, from NodeId = { RpcNode2-ConnectTo-RpcNode2000 }, delay = 0 ms 
2026-04-13 16:29:19.579 DEBUG [nioEventLoopGroup-3-1] BaseServer [org.sunrise.game.core.server.BaseServerPulseHandler:22] - recv ping, cur NodeId = { RpcNode2000 }, from NodeId = { RpcNode100-ConnectTo-RpcNode2000 }, delay = 0 ms 
2026-04-13 16:29:19.588 DEBUG [nioEventLoopGroup-5-1] BaseClient [org.sunrise.game.core.client.BaseClientPulseHandler:27] - send ping, cur NodeId = { RpcNode2000-ConnectTo-RpcNode100 } 
2026-04-13 16:29:21.620 DEBUG [nioEventLoopGroup-6-1] BaseClient [org.sunrise.game.core.client.BaseClientPulseHandler:27] - send ping, cur NodeId = { RpcNode2000-ConnectTo-RpcNode1000 } 
2026-04-13 16:29:21.671 DEBUG [nioEventLoopGroup-3-2] BaseServer [org.sunrise.game.core.server.BaseServerPulseHandler:22] - recv ping, cur NodeId = { RpcNode2000 }, from NodeId = { RpcNode1000-ConnectTo-RpcNode2000 }, delay = 0 ms 
2026-04-13 16:29:23.877 DEBUG [nioEventLoopGroup-7-1] BaseClient [org.sunrise.game.core.client.BaseClientPulseHandler:27] - send ping, cur NodeId = { RpcNode2000-ConnectTo-RpcNode3 } 
2026-04-13 16:29:23.929 DEBUG [nioEventLoopGroup-3-3] BaseServer [org.sunrise.game.core.server.BaseServerPulseHandler:22] - recv ping, cur NodeId = { RpcNode2000 }, from NodeId = { RpcNode3-ConnectTo-RpcNode2000 }, delay = 0 ms 
2026-04-13 16:29:25.967 DEBUG [nioEventLoopGroup-8-1] BaseClient [org.sunrise.game.core.client.BaseClientPulseHandler:27] - send ping, cur NodeId = { RpcNode2000-ConnectTo-RpcNode2 } 
2026-04-13 16:29:26.011 DEBUG [nioEventLoopGroup-3-4] BaseServer [org.sunrise.game.core.server.BaseServerPulseHandler:22] - recv ping, cur NodeId = { RpcNode2000 }, from NodeId = { RpcNode2-ConnectTo-RpcNode2000 }, delay = 0 ms 
2026-04-13 16:29:29.579 DEBUG [nioEventLoopGroup-3-1] BaseServer [org.sunrise.game.core.server.BaseServerPulseHandler:22] - recv ping, cur NodeId = { RpcNode2000 }, from NodeId = { RpcNode100-ConnectTo-RpcNode2000 }, delay = 0 ms 
2026-04-13 16:29:29.590 DEBUG [nioEventLoopGroup-5-1] BaseClient [org.sunrise.game.core.client.BaseClientPulseHandler:27] - send ping, cur NodeId = { RpcNode2000-ConnectTo-RpcNode100 } 
2026-04-13 16:29:31.620 DEBUG [nioEventLoopGroup-6-1] BaseClient [org.sunrise.game.core.client.BaseClientPulseHandler:27] - send ping, cur NodeId = { RpcNode2000-ConnectTo-RpcNode1000 } 
2026-04-13 16:29:31.672 DEBUG [nioEventLoopGroup-3-2] BaseServer [org.sunrise.game.core.server.BaseServerPulseHandler:22] - recv ping, cur NodeId = { RpcNode2000 }, from NodeId = { RpcNode1000-ConnectTo-RpcNode2000 }, delay = 0 ms 
2026-04-13 16:29:33.878 DEBUG [nioEventLoopGroup-7-1] BaseClient [org.sunrise.game.core.client.BaseClientPulseHandler:27] - send ping, cur NodeId = { RpcNode2000-ConnectTo-RpcNode3 } 
2026-04-13 16:29:33.929 DEBUG [nioEventLoopGroup-3-3] BaseServer [org.sunrise.game.core.server.BaseServerPulseHandler:22] - recv ping, cur NodeId = { RpcNode2000 }, from NodeId = { RpcNode3-ConnectTo-RpcNode2000 }, delay = 0 ms 
2026-04-13 16:29:35.968 DEBUG [nioEventLoopGroup-8-1] BaseClient [org.sunrise.game.core.client.BaseClientPulseHandler:27] - send ping, cur NodeId = { RpcNode2000-ConnectTo-RpcNode2 } 
2026-04-13 16:29:36.011 DEBUG [nioEventLoopGroup-3-4] BaseServer [org.sunrise.game.core.server.BaseServerPulseHandler:22] - recv ping, cur NodeId = { RpcNode2000 }, from NodeId = { RpcNode2-ConnectTo-RpcNode2000 }, delay = 0 ms 
2026-04-13 16:29:39.579 DEBUG [nioEventLoopGroup-3-1] BaseServer [org.sunrise.game.core.server.BaseServerPulseHandler:22] - recv ping, cur NodeId = { RpcNode2000 }, from NodeId = { RpcNode100-ConnectTo-RpcNode2000 }, delay = 0 ms 
2026-04-13 16:29:39.590 DEBUG [nioEventLoopGroup-5-1] BaseClient [org.sunrise.game.core.client.BaseClientPulseHandler:27] - send ping, cur NodeId = { RpcNode2000-ConnectTo-RpcNode100 } 
2026-04-13 16:29:41.621 DEBUG [nioEventLoopGroup-6-1] BaseClient [org.sunrise.game.core.client.BaseClientPulseHandler:27] - send ping, cur NodeId = { RpcNode2000-ConnectTo-RpcNode1000 } 
2026-04-13 16:29:41.673 DEBUG [nioEventLoopGroup-3-2] BaseServer [org.sunrise.game.core.server.BaseServerPulseHandler:22] - recv ping, cur NodeId = { RpcNode2000 }, from NodeId = { RpcNode1000-ConnectTo-RpcNode2000 }, delay = 0 ms 
2026-04-13 16:29:43.878 DEBUG [nioEventLoopGroup-7-1] BaseClient [org.sunrise.game.core.client.BaseClientPulseHandler:27] - send ping, cur NodeId = { RpcNode2000-ConnectTo-RpcNode3 } 
2026-04-13 16:29:43.929 DEBUG [nioEventLoopGroup-3-3] BaseServer [org.sunrise.game.core.server.BaseServerPulseHandler:22] - recv ping, cur NodeId = { RpcNode2000 }, from NodeId = { RpcNode3-ConnectTo-RpcNode2000 }, delay = 0 ms 
2026-04-13 16:29:45.968 DEBUG [nioEventLoopGroup-8-1] BaseClient [org.sunrise.game.core.client.BaseClientPulseHandler:27] - send ping, cur NodeId = { RpcNode2000-ConnectTo-RpcNode2 } 
2026-04-13 16:29:46.011 DEBUG [nioEventLoopGroup-3-4] BaseServer [org.sunrise.game.core.server.BaseServerPulseHandler:22] - recv ping, cur NodeId = { RpcNode2000 }, from NodeId = { RpcNode2-ConnectTo-RpcNode2000 }, delay = 0 ms 
2026-04-13 16:29:49.580 DEBUG [nioEventLoopGroup-3-1] BaseServer [org.sunrise.game.core.server.BaseServerPulseHandler:22] - recv ping, cur NodeId = { RpcNode2000 }, from NodeId = { RpcNode100-ConnectTo-RpcNode2000 }, delay = 0 ms 
2026-04-13 16:29:49.590 DEBUG [nioEventLoopGroup-5-1] BaseClient [org.sunrise.game.core.client.BaseClientPulseHandler:27] - send ping, cur NodeId = { RpcNode2000-ConnectTo-RpcNode100 } 
2026-04-13 16:29:51.621 DEBUG [nioEventLoopGroup-6-1] BaseClient [org.sunrise.game.core.client.BaseClientPulseHandler:27] - send ping, cur NodeId = { RpcNode2000-ConnectTo-RpcNode1000 } 
2026-04-13 16:29:51.675 DEBUG [nioEventLoopGroup-3-2] BaseServer [org.sunrise.game.core.server.BaseServerPulseHandler:22] - recv ping, cur NodeId = { RpcNode2000 }, from NodeId = { RpcNode1000-ConnectTo-RpcNode2000 }, delay = 0 ms 
2026-04-13 16:29:53.878 DEBUG [nioEventLoopGroup-7-1] BaseClient [org.sunrise.game.core.client.BaseClientPulseHandler:27] - send ping, cur NodeId = { RpcNode2000-ConnectTo-RpcNode3 } 
2026-04-13 16:29:53.930 DEBUG [nioEventLoopGroup-3-3] BaseServer [org.sunrise.game.core.server.BaseServerPulseHandler:22] - recv ping, cur NodeId = { RpcNode2000 }, from NodeId = { RpcNode3-ConnectTo-RpcNode2000 }, delay = 0 ms 
2026-04-13 16:29:55.968 DEBUG [nioEventLoopGroup-8-1] BaseClient [org.sunrise.game.core.client.BaseClientPulseHandler:27] - send ping, cur NodeId = { RpcNode2000-ConnectTo-RpcNode2 } 
2026-04-13 16:29:56.011 DEBUG [nioEventLoopGroup-3-4] BaseServer [org.sunrise.game.core.server.BaseServerPulseHandler:22] - recv ping, cur NodeId = { RpcNode2000 }, from NodeId = { RpcNode2-ConnectTo-RpcNode2000 }, delay = 0 ms 
2026-04-13 16:29:59.581 DEBUG [nioEventLoopGroup-3-1] BaseServer [org.sunrise.game.core.server.BaseServerPulseHandler:22] - recv ping, cur NodeId = { RpcNode2000 }, from NodeId = { RpcNode100-ConnectTo-RpcNode2000 }, delay = 0 ms 
2026-04-13 16:29:59.591 DEBUG [nioEventLoopGroup-5-1] BaseClient [org.sunrise.game.core.client.BaseClientPulseHandler:27] - send ping, cur NodeId = { RpcNode2000-ConnectTo-RpcNode100 } 
2026-04-13 16:30:01.622 DEBUG [nioEventLoopGroup-6-1] BaseClient [org.sunrise.game.core.client.BaseClientPulseHandler:27] - send ping, cur NodeId = { RpcNode2000-ConnectTo-RpcNode1000 } 
2026-04-13 16:30:01.675 DEBUG [nioEventLoopGroup-3-2] BaseServer [org.sunrise.game.core.server.BaseServerPulseHandler:22] - recv ping, cur NodeId = { RpcNode2000 }, from NodeId = { RpcNode1000-ConnectTo-RpcNode2000 }, delay = 0 ms 
2026-04-13 16:30:03.879 DEBUG [nioEventLoopGroup-7-1] BaseClient [org.sunrise.game.core.client.BaseClientPulseHandler:27] - send ping, cur NodeId = { RpcNode2000-ConnectTo-RpcNode3 } 
2026-04-13 16:30:03.929 DEBUG [nioEventLoopGroup-3-3] BaseServer [org.sunrise.game.core.server.BaseServerPulseHandler:22] - recv ping, cur NodeId = { RpcNode2000 }, from NodeId = { RpcNode3-ConnectTo-RpcNode2000 }, delay = 0 ms 
2026-04-13 16:30:05.968 DEBUG [nioEventLoopGroup-8-1] BaseClient [org.sunrise.game.core.client.BaseClientPulseHandler:27] - send ping, cur NodeId = { RpcNode2000-ConnectTo-RpcNode2 } 
2026-04-13 16:30:06.011 DEBUG [nioEventLoopGroup-3-4] BaseServer [org.sunrise.game.core.server.BaseServerPulseHandler:22] - recv ping, cur NodeId = { RpcNode2000 }, from NodeId = { RpcNode2-ConnectTo-RpcNode2000 }, delay = 0 ms 
2026-04-13 16:30:09.135 INFO  [CheckMemory] ServerStartUp [org.sunrise.game.utils.Utils:125] - Memory : {  total memory: 256 MB, free memory: 201 MB, used memory: 54 MB } 
2026-04-13 16:30:09.582 DEBUG [nioEventLoopGroup-3-1] BaseServer [org.sunrise.game.core.server.BaseServerPulseHandler:22] - recv ping, cur NodeId = { RpcNode2000 }, from NodeId = { RpcNode100-ConnectTo-RpcNode2000 }, delay = 0 ms 
2026-04-13 16:30:09.591 DEBUG [nioEventLoopGroup-5-1] BaseClient [org.sunrise.game.core.client.BaseClientPulseHandler:27] - send ping, cur NodeId = { RpcNode2000-ConnectTo-RpcNode100 } 
2026-04-13 16:30:11.623 DEBUG [nioEventLoopGroup-6-1] BaseClient [org.sunrise.game.core.client.BaseClientPulseHandler:27] - send ping, cur NodeId = { RpcNode2000-ConnectTo-RpcNode1000 } 
2026-04-13 16:30:11.675 DEBUG [nioEventLoopGroup-3-2] BaseServer [org.sunrise.game.core.server.BaseServerPulseHandler:22] - recv ping, cur NodeId = { RpcNode2000 }, from NodeId = { RpcNode1000-ConnectTo-RpcNode2000 }, delay = 0 ms 
2026-04-13 16:30:13.879 DEBUG [nioEventLoopGroup-7-1] BaseClient [org.sunrise.game.core.client.BaseClientPulseHandler:27] - send ping, cur NodeId = { RpcNode2000-ConnectTo-RpcNode3 } 
2026-04-13 16:30:13.930 DEBUG [nioEventLoopGroup-3-3] BaseServer [org.sunrise.game.core.server.BaseServerPulseHandler:22] - recv ping, cur NodeId = { RpcNode2000 }, from NodeId = { RpcNode3-ConnectTo-RpcNode2000 }, delay = 0 ms 
2026-04-13 16:30:15.970 DEBUG [nioEventLoopGroup-8-1] BaseClient [org.sunrise.game.core.client.BaseClientPulseHandler:27] - send ping, cur NodeId = { RpcNode2000-ConnectTo-RpcNode2 } 
2026-04-13 16:30:16.012 DEBUG [nioEventLoopGroup-3-4] BaseServer [org.sunrise.game.core.server.BaseServerPulseHandler:22] - recv ping, cur NodeId = { RpcNode2000 }, from NodeId = { RpcNode2-ConnectTo-RpcNode2000 }, delay = 0 ms 
2026-04-13 16:30:19.583 DEBUG [nioEventLoopGroup-3-1] BaseServer [org.sunrise.game.core.server.BaseServerPulseHandler:22] - recv ping, cur NodeId = { RpcNode2000 }, from NodeId = { RpcNode100-ConnectTo-RpcNode2000 }, delay = 0 ms 
2026-04-13 16:30:19.591 DEBUG [nioEventLoopGroup-5-1] BaseClient [org.sunrise.game.core.client.BaseClientPulseHandler:27] - send ping, cur NodeId = { RpcNode2000-ConnectTo-RpcNode100 } 
2026-04-13 16:30:21.623 DEBUG [nioEventLoopGroup-6-1] BaseClient [org.sunrise.game.core.client.BaseClientPulseHandler:27] - send ping, cur NodeId = { RpcNode2000-ConnectTo-RpcNode1000 } 
2026-04-13 16:30:21.676 DEBUG [nioEventLoopGroup-3-2] BaseServer [org.sunrise.game.core.server.BaseServerPulseHandler:22] - recv ping, cur NodeId = { RpcNode2000 }, from NodeId = { RpcNode1000-ConnectTo-RpcNode2000 }, delay = 0 ms 
2026-04-13 16:30:23.880 DEBUG [nioEventLoopGroup-7-1] BaseClient [org.sunrise.game.core.client.BaseClientPulseHandler:27] - send ping, cur NodeId = { RpcNode2000-ConnectTo-RpcNode3 } 
2026-04-13 16:30:23.931 DEBUG [nioEventLoopGroup-3-3] BaseServer [org.sunrise.game.core.server.BaseServerPulseHandler:22] - recv ping, cur NodeId = { RpcNode2000 }, from NodeId = { RpcNode3-ConnectTo-RpcNode2000 }, delay = 0 ms 
2026-04-13 16:30:25.970 DEBUG [nioEventLoopGroup-8-1] BaseClient [org.sunrise.game.core.client.BaseClientPulseHandler:27] - send ping, cur NodeId = { RpcNode2000-ConnectTo-RpcNode2 } 
2026-04-13 16:30:26.013 DEBUG [nioEventLoopGroup-3-4] BaseServer [org.sunrise.game.core.server.BaseServerPulseHandler:22] - recv ping, cur NodeId = { RpcNode2000 }, from NodeId = { RpcNode2-ConnectTo-RpcNode2000 }, delay = 0 ms 
2026-04-13 16:30:29.583 DEBUG [nioEventLoopGroup-3-1] BaseServer [org.sunrise.game.core.server.BaseServerPulseHandler:22] - recv ping, cur NodeId = { RpcNode2000 }, from NodeId = { RpcNode100-ConnectTo-RpcNode2000 }, delay = 0 ms 
2026-04-13 16:30:29.592 DEBUG [nioEventLoopGroup-5-1] BaseClient [org.sunrise.game.core.client.BaseClientPulseHandler:27] - send ping, cur NodeId = { RpcNode2000-ConnectTo-RpcNode100 } 
2026-04-13 16:30:31.623 DEBUG [nioEventLoopGroup-6-1] BaseClient [org.sunrise.game.core.client.BaseClientPulseHandler:27] - send ping, cur NodeId = { RpcNode2000-ConnectTo-RpcNode1000 } 
2026-04-13 16:30:31.677 DEBUG [nioEventLoopGroup-3-2] BaseServer [org.sunrise.game.core.server.BaseServerPulseHandler:22] - recv ping, cur NodeId = { RpcNode2000 }, from NodeId = { RpcNode1000-ConnectTo-RpcNode2000 }, delay = 0 ms 
2026-04-13 16:30:33.880 DEBUG [nioEventLoopGroup-7-1] BaseClient [org.sunrise.game.core.client.BaseClientPulseHandler:27] - send ping, cur NodeId = { RpcNode2000-ConnectTo-RpcNode3 } 
2026-04-13 16:30:33.932 DEBUG [nioEventLoopGroup-3-3] BaseServer [org.sunrise.game.core.server.BaseServerPulseHandler:22] - recv ping, cur NodeId = { RpcNode2000 }, from NodeId = { RpcNode3-ConnectTo-RpcNode2000 }, delay = 0 ms 
2026-04-13 16:30:35.971 DEBUG [nioEventLoopGroup-8-1] BaseClient [org.sunrise.game.core.client.BaseClientPulseHandler:27] - send ping, cur NodeId = { RpcNode2000-ConnectTo-RpcNode2 } 
2026-04-13 16:30:36.013 DEBUG [nioEventLoopGroup-3-4] BaseServer [org.sunrise.game.core.server.BaseServerPulseHandler:22] - recv ping, cur NodeId = { RpcNode2000 }, from NodeId = { RpcNode2-ConnectTo-RpcNode2000 }, delay = 0 ms 
2026-04-13 16:30:39.583 DEBUG [nioEventLoopGroup-3-1] BaseServer [org.sunrise.game.core.server.BaseServerPulseHandler:22] - recv ping, cur NodeId = { RpcNode2000 }, from NodeId = { RpcNode100-ConnectTo-RpcNode2000 }, delay = 0 ms 
2026-04-13 16:30:39.593 DEBUG [nioEventLoopGroup-5-1] BaseClient [org.sunrise.game.core.client.BaseClientPulseHandler:27] - send ping, cur NodeId = { RpcNode2000-ConnectTo-RpcNode100 } 
2026-04-13 16:30:41.624 DEBUG [nioEventLoopGroup-6-1] BaseClient [org.sunrise.game.core.client.BaseClientPulseHandler:27] - send ping, cur NodeId = { RpcNode2000-ConnectTo-RpcNode1000 } 
2026-04-13 16:30:41.678 DEBUG [nioEventLoopGroup-3-2] BaseServer [org.sunrise.game.core.server.BaseServerPulseHandler:22] - recv ping, cur NodeId = { RpcNode2000 }, from NodeId = { RpcNode1000-ConnectTo-RpcNode2000 }, delay = 0 ms 
2026-04-13 16:30:43.879 DEBUG [nioEventLoopGroup-7-1] BaseClient [org.sunrise.game.core.client.BaseClientPulseHandler:27] - send ping, cur NodeId = { RpcNode2000-ConnectTo-RpcNode3 } 
2026-04-13 16:30:43.932 DEBUG [nioEventLoopGroup-3-3] BaseServer [org.sunrise.game.core.server.BaseServerPulseHandler:22] - recv ping, cur NodeId = { RpcNode2000 }, from NodeId = { RpcNode3-ConnectTo-RpcNode2000 }, delay = 0 ms 
2026-04-13 16:30:45.972 DEBUG [nioEventLoopGroup-8-1] BaseClient [org.sunrise.game.core.client.BaseClientPulseHandler:27] - send ping, cur NodeId = { RpcNode2000-ConnectTo-RpcNode2 } 
2026-04-13 16:30:46.013 DEBUG [nioEventLoopGroup-3-4] BaseServer [org.sunrise.game.core.server.BaseServerPulseHandler:22] - recv ping, cur NodeId = { RpcNode2000 }, from NodeId = { RpcNode2-ConnectTo-RpcNode2000 }, delay = 0 ms 
2026-04-13 16:30:49.583 DEBUG [nioEventLoopGroup-3-1] BaseServer [org.sunrise.game.core.server.BaseServerPulseHandler:22] - recv ping, cur NodeId = { RpcNode2000 }, from NodeId = { RpcNode100-ConnectTo-RpcNode2000 }, delay = 0 ms 
2026-04-13 16:30:49.593 DEBUG [nioEventLoopGroup-5-1] BaseClient [org.sunrise.game.core.client.BaseClientPulseHandler:27] - send ping, cur NodeId = { RpcNode2000-ConnectTo-RpcNode100 } 
2026-04-13 16:30:51.624 DEBUG [nioEventLoopGroup-6-1] BaseClient [org.sunrise.game.core.client.BaseClientPulseHandler:27] - send ping, cur NodeId = { RpcNode2000-ConnectTo-RpcNode1000 } 
2026-04-13 16:30:51.678 DEBUG [nioEventLoopGroup-3-2] BaseServer [org.sunrise.game.core.server.BaseServerPulseHandler:22] - recv ping, cur NodeId = { RpcNode2000 }, from NodeId = { RpcNode1000-ConnectTo-RpcNode2000 }, delay = 0 ms 
2026-04-13 16:30:53.880 DEBUG [nioEventLoopGroup-7-1] BaseClient [org.sunrise.game.core.client.BaseClientPulseHandler:27] - send ping, cur NodeId = { RpcNode2000-ConnectTo-RpcNode3 } 
2026-04-13 16:30:53.932 DEBUG [nioEventLoopGroup-3-3] BaseServer [org.sunrise.game.core.server.BaseServerPulseHandler:22] - recv ping, cur NodeId = { RpcNode2000 }, from NodeId = { RpcNode3-ConnectTo-RpcNode2000 }, delay = 0 ms 
2026-04-13 16:30:55.971 DEBUG [nioEventLoopGroup-8-1] BaseClient [org.sunrise.game.core.client.BaseClientPulseHandler:27] - send ping, cur NodeId = { RpcNode2000-ConnectTo-RpcNode2 } 
2026-04-13 16:30:56.014 DEBUG [nioEventLoopGroup-3-4] BaseServer [org.sunrise.game.core.server.BaseServerPulseHandler:22] - recv ping, cur NodeId = { RpcNode2000 }, from NodeId = { RpcNode2-ConnectTo-RpcNode2000 }, delay = 0 ms 
2026-04-13 16:30:59.583 DEBUG [nioEventLoopGroup-3-1] BaseServer [org.sunrise.game.core.server.BaseServerPulseHandler:22] - recv ping, cur NodeId = { RpcNode2000 }, from NodeId = { RpcNode100-ConnectTo-RpcNode2000 }, delay = 0 ms 
2026-04-13 16:30:59.594 DEBUG [nioEventLoopGroup-5-1] BaseClient [org.sunrise.game.core.client.BaseClientPulseHandler:27] - send ping, cur NodeId = { RpcNode2000-ConnectTo-RpcNode100 } 
2026-04-13 16:31:01.626 DEBUG [nioEventLoopGroup-6-1] BaseClient [org.sunrise.game.core.client.BaseClientPulseHandler:27] - send ping, cur NodeId = { RpcNode2000-ConnectTo-RpcNode1000 } 
2026-04-13 16:31:01.679 DEBUG [nioEventLoopGroup-3-2] BaseServer [org.sunrise.game.core.server.BaseServerPulseHandler:22] - recv ping, cur NodeId = { RpcNode2000 }, from NodeId = { RpcNode1000-ConnectTo-RpcNode2000 }, delay = 0 ms 
2026-04-13 16:31:03.882 DEBUG [nioEventLoopGroup-7-1] BaseClient [org.sunrise.game.core.client.BaseClientPulseHandler:27] - send ping, cur NodeId = { RpcNode2000-ConnectTo-RpcNode3 } 
2026-04-13 16:31:03.932 DEBUG [nioEventLoopGroup-3-3] BaseServer [org.sunrise.game.core.server.BaseServerPulseHandler:22] - recv ping, cur NodeId = { RpcNode2000 }, from NodeId = { RpcNode3-ConnectTo-RpcNode2000 }, delay = 0 ms 
2026-04-13 16:31:05.972 DEBUG [nioEventLoopGroup-8-1] BaseClient [org.sunrise.game.core.client.BaseClientPulseHandler:27] - send ping, cur NodeId = { RpcNode2000-ConnectTo-RpcNode2 } 
2026-04-13 16:31:06.015 DEBUG [nioEventLoopGroup-3-4] BaseServer [org.sunrise.game.core.server.BaseServerPulseHandler:22] - recv ping, cur NodeId = { RpcNode2000 }, from NodeId = { RpcNode2-ConnectTo-RpcNode2000 }, delay = 0 ms 
2026-04-13 16:31:09.136 INFO  [CheckMemory] ServerStartUp [org.sunrise.game.utils.Utils:125] - Memory : {  total memory: 256 MB, free memory: 201 MB, used memory: 54 MB } 
2026-04-13 16:31:09.585 DEBUG [nioEventLoopGroup-3-1] BaseServer [org.sunrise.game.core.server.BaseServerPulseHandler:22] - recv ping, cur NodeId = { RpcNode2000 }, from NodeId = { RpcNode100-ConnectTo-RpcNode2000 }, delay = 0 ms 
2026-04-13 16:31:09.595 DEBUG [nioEventLoopGroup-5-1] BaseClient [org.sunrise.game.core.client.BaseClientPulseHandler:27] - send ping, cur NodeId = { RpcNode2000-ConnectTo-RpcNode100 } 
2026-04-13 16:31:11.626 DEBUG [nioEventLoopGroup-6-1] BaseClient [org.sunrise.game.core.client.BaseClientPulseHandler:27] - send ping, cur NodeId = { RpcNode2000-ConnectTo-RpcNode1000 } 
2026-04-13 16:31:11.679 DEBUG [nioEventLoopGroup-3-2] BaseServer [org.sunrise.game.core.server.BaseServerPulseHandler:22] - recv ping, cur NodeId = { RpcNode2000 }, from NodeId = { RpcNode1000-ConnectTo-RpcNode2000 }, delay = 0 ms 
2026-04-13 16:31:13.883 DEBUG [nioEventLoopGroup-7-1] BaseClient [org.sunrise.game.core.client.BaseClientPulseHandler:27] - send ping, cur NodeId = { RpcNode2000-ConnectTo-RpcNode3 } 
2026-04-13 16:31:13.933 DEBUG [nioEventLoopGroup-3-3] BaseServer [org.sunrise.game.core.server.BaseServerPulseHandler:22] - recv ping, cur NodeId = { RpcNode2000 }, from NodeId = { RpcNode3-ConnectTo-RpcNode2000 }, delay = 0 ms 
2026-04-13 16:31:15.972 DEBUG [nioEventLoopGroup-8-1] BaseClient [org.sunrise.game.core.client.BaseClientPulseHandler:27] - send ping, cur NodeId = { RpcNode2000-ConnectTo-RpcNode2 } 
2026-04-13 16:31:16.015 DEBUG [nioEventLoopGroup-3-4] BaseServer [org.sunrise.game.core.server.BaseServerPulseHandler:22] - recv ping, cur NodeId = { RpcNode2000 }, from NodeId = { RpcNode2-ConnectTo-RpcNode2000 }, delay = 0 ms 
2026-04-13 16:31:19.585 DEBUG [nioEventLoopGroup-3-1] BaseServer [org.sunrise.game.core.server.BaseServerPulseHandler:22] - recv ping, cur NodeId = { RpcNode2000 }, from NodeId = { RpcNode100-ConnectTo-RpcNode2000 }, delay = 0 ms 
2026-04-13 16:31:19.596 DEBUG [nioEventLoopGroup-5-1] BaseClient [org.sunrise.game.core.client.BaseClientPulseHandler:27] - send ping, cur NodeId = { RpcNode2000-ConnectTo-RpcNode100 } 
2026-04-13 16:31:21.627 DEBUG [nioEventLoopGroup-6-1] BaseClient [org.sunrise.game.core.client.BaseClientPulseHandler:27] - send ping, cur NodeId = { RpcNode2000-ConnectTo-RpcNode1000 } 
2026-04-13 16:31:21.680 DEBUG [nioEventLoopGroup-3-2] BaseServer [org.sunrise.game.core.server.BaseServerPulseHandler:22] - recv ping, cur NodeId = { RpcNode2000 }, from NodeId = { RpcNode1000-ConnectTo-RpcNode2000 }, delay = 0 ms 
2026-04-13 16:31:23.883 DEBUG [nioEventLoopGroup-7-1] BaseClient [org.sunrise.game.core.client.BaseClientPulseHandler:27] - send ping, cur NodeId = { RpcNode2000-ConnectTo-RpcNode3 } 
2026-04-13 16:31:23.934 DEBUG [nioEventLoopGroup-3-3] BaseServer [org.sunrise.game.core.server.BaseServerPulseHandler:22] - recv ping, cur NodeId = { RpcNode2000 }, from NodeId = { RpcNode3-ConnectTo-RpcNode2000 }, delay = 0 ms 
2026-04-13 16:31:25.974 DEBUG [nioEventLoopGroup-8-1] BaseClient [org.sunrise.game.core.client.BaseClientPulseHandler:27] - send ping, cur NodeId = { RpcNode2000-ConnectTo-RpcNode2 } 
2026-04-13 16:31:26.015 DEBUG [nioEventLoopGroup-3-4] BaseServer [org.sunrise.game.core.server.BaseServerPulseHandler:22] - recv ping, cur NodeId = { RpcNode2000 }, from NodeId = { RpcNode2-ConnectTo-RpcNode2000 }, delay = 0 ms 
2026-04-13 16:31:29.586 DEBUG [nioEventLoopGroup-3-1] BaseServer [org.sunrise.game.core.server.BaseServerPulseHandler:22] - recv ping, cur NodeId = { RpcNode2000 }, from NodeId = { RpcNode100-ConnectTo-RpcNode2000 }, delay = 0 ms 
2026-04-13 16:31:29.596 DEBUG [nioEventLoopGroup-5-1] BaseClient [org.sunrise.game.core.client.BaseClientPulseHandler:27] - send ping, cur NodeId = { RpcNode2000-ConnectTo-RpcNode100 } 
2026-04-13 16:31:31.628 DEBUG [nioEventLoopGroup-6-1] BaseClient [org.sunrise.game.core.client.BaseClientPulseHandler:27] - send ping, cur NodeId = { RpcNode2000-ConnectTo-RpcNode1000 } 
2026-04-13 16:31:31.680 DEBUG [nioEventLoopGroup-3-2] BaseServer [org.sunrise.game.core.server.BaseServerPulseHandler:22] - recv ping, cur NodeId = { RpcNode2000 }, from NodeId = { RpcNode1000-ConnectTo-RpcNode2000 }, delay = 0 ms 
2026-04-13 16:31:33.883 DEBUG [nioEventLoopGroup-7-1] BaseClient [org.sunrise.game.core.client.BaseClientPulseHandler:27] - send ping, cur NodeId = { RpcNode2000-ConnectTo-RpcNode3 } 
2026-04-13 16:31:33.935 DEBUG [nioEventLoopGroup-3-3] BaseServer [org.sunrise.game.core.server.BaseServerPulseHandler:22] - recv ping, cur NodeId = { RpcNode2000 }, from NodeId = { RpcNode3-ConnectTo-RpcNode2000 }, delay = 0 ms 
2026-04-13 16:31:35.974 DEBUG [nioEventLoopGroup-8-1] BaseClient [org.sunrise.game.core.client.BaseClientPulseHandler:27] - send ping, cur NodeId = { RpcNode2000-ConnectTo-RpcNode2 } 
2026-04-13 16:31:36.016 DEBUG [nioEventLoopGroup-3-4] BaseServer [org.sunrise.game.core.server.BaseServerPulseHandler:22] - recv ping, cur NodeId = { RpcNode2000 }, from NodeId = { RpcNode2-ConnectTo-RpcNode2000 }, delay = 0 ms 
2026-04-13 16:31:39.586 DEBUG [nioEventLoopGroup-3-1] BaseServer [org.sunrise.game.core.server.BaseServerPulseHandler:22] - recv ping, cur NodeId = { RpcNode2000 }, from NodeId = { RpcNode100-ConnectTo-RpcNode2000 }, delay = 0 ms 
2026-04-13 16:31:39.597 DEBUG [nioEventLoopGroup-5-1] BaseClient [org.sunrise.game.core.client.BaseClientPulseHandler:27] - send ping, cur NodeId = { RpcNode2000-ConnectTo-RpcNode100 } 
2026-04-13 16:31:41.628 DEBUG [nioEventLoopGroup-6-1] BaseClient [org.sunrise.game.core.client.BaseClientPulseHandler:27] - send ping, cur NodeId = { RpcNode2000-ConnectTo-RpcNode1000 } 
2026-04-13 16:31:41.680 DEBUG [nioEventLoopGroup-3-2] BaseServer [org.sunrise.game.core.server.BaseServerPulseHandler:22] - recv ping, cur NodeId = { RpcNode2000 }, from NodeId = { RpcNode1000-ConnectTo-RpcNode2000 }, delay = 0 ms 
2026-04-13 16:31:43.884 DEBUG [nioEventLoopGroup-7-1] BaseClient [org.sunrise.game.core.client.BaseClientPulseHandler:27] - send ping, cur NodeId = { RpcNode2000-ConnectTo-RpcNode3 } 
2026-04-13 16:31:43.936 DEBUG [nioEventLoopGroup-3-3] BaseServer [org.sunrise.game.core.server.BaseServerPulseHandler:22] - recv ping, cur NodeId = { RpcNode2000 }, from NodeId = { RpcNode3-ConnectTo-RpcNode2000 }, delay = 0 ms 
2026-04-13 16:31:45.974 DEBUG [nioEventLoopGroup-8-1] BaseClient [org.sunrise.game.core.client.BaseClientPulseHandler:27] - send ping, cur NodeId = { RpcNode2000-ConnectTo-RpcNode2 } 
2026-04-13 16:31:46.017 DEBUG [nioEventLoopGroup-3-4] BaseServer [org.sunrise.game.core.server.BaseServerPulseHandler:22] - recv ping, cur NodeId = { RpcNode2000 }, from NodeId = { RpcNode2-ConnectTo-RpcNode2000 }, delay = 0 ms 
2026-04-13 16:31:49.586 DEBUG [nioEventLoopGroup-3-1] BaseServer [org.sunrise.game.core.server.BaseServerPulseHandler:22] - recv ping, cur NodeId = { RpcNode2000 }, from NodeId = { RpcNode100-ConnectTo-RpcNode2000 }, delay = 0 ms 
2026-04-13 16:31:49.598 DEBUG [nioEventLoopGroup-5-1] BaseClient [org.sunrise.game.core.client.BaseClientPulseHandler:27] - send ping, cur NodeId = { RpcNode2000-ConnectTo-RpcNode100 } 
2026-04-13 16:31:51.629 DEBUG [nioEventLoopGroup-6-1] BaseClient [org.sunrise.game.core.client.BaseClientPulseHandler:27] - send ping, cur NodeId = { RpcNode2000-ConnectTo-RpcNode1000 } 
2026-04-13 16:31:51.680 DEBUG [nioEventLoopGroup-3-2] BaseServer [org.sunrise.game.core.server.BaseServerPulseHandler:22] - recv ping, cur NodeId = { RpcNode2000 }, from NodeId = { RpcNode1000-ConnectTo-RpcNode2000 }, delay = 0 ms 
2026-04-13 16:31:53.883 DEBUG [nioEventLoopGroup-7-1] BaseClient [org.sunrise.game.core.client.BaseClientPulseHandler:27] - send ping, cur NodeId = { RpcNode2000-ConnectTo-RpcNode3 } 
2026-04-13 16:31:53.936 DEBUG [nioEventLoopGroup-3-3] BaseServer [org.sunrise.game.core.server.BaseServerPulseHandler:22] - recv ping, cur NodeId = { RpcNode2000 }, from NodeId = { RpcNode3-ConnectTo-RpcNode2000 }, delay = 0 ms 
2026-04-13 16:31:55.974 DEBUG [nioEventLoopGroup-8-1] BaseClient [org.sunrise.game.core.client.BaseClientPulseHandler:27] - send ping, cur NodeId = { RpcNode2000-ConnectTo-RpcNode2 } 
2026-04-13 16:31:56.017 DEBUG [nioEventLoopGroup-3-4] BaseServer [org.sunrise.game.core.server.BaseServerPulseHandler:22] - recv ping, cur NodeId = { RpcNode2000 }, from NodeId = { RpcNode2-ConnectTo-RpcNode2000 }, delay = 0 ms 
2026-04-13 16:31:59.586 DEBUG [nioEventLoopGroup-3-1] BaseServer [org.sunrise.game.core.server.BaseServerPulseHandler:22] - recv ping, cur NodeId = { RpcNode2000 }, from NodeId = { RpcNode100-ConnectTo-RpcNode2000 }, delay = 0 ms 
2026-04-13 16:31:59.598 DEBUG [nioEventLoopGroup-5-1] BaseClient [org.sunrise.game.core.client.BaseClientPulseHandler:27] - send ping, cur NodeId = { RpcNode2000-ConnectTo-RpcNode100 } 
2026-04-13 16:32:01.630 DEBUG [nioEventLoopGroup-6-1] BaseClient [org.sunrise.game.core.client.BaseClientPulseHandler:27] - send ping, cur NodeId = { RpcNode2000-ConnectTo-RpcNode1000 } 
2026-04-13 16:32:01.681 DEBUG [nioEventLoopGroup-3-2] BaseServer [org.sunrise.game.core.server.BaseServerPulseHandler:22] - recv ping, cur NodeId = { RpcNode2000 }, from NodeId = { RpcNode1000-ConnectTo-RpcNode2000 }, delay = 0 ms 
2026-04-13 16:32:03.884 DEBUG [nioEventLoopGroup-7-1] BaseClient [org.sunrise.game.core.client.BaseClientPulseHandler:27] - send ping, cur NodeId = { RpcNode2000-ConnectTo-RpcNode3 } 
2026-04-13 16:32:03.937 DEBUG [nioEventLoopGroup-3-3] BaseServer [org.sunrise.game.core.server.BaseServerPulseHandler:22] - recv ping, cur NodeId = { RpcNode2000 }, from NodeId = { RpcNode3-ConnectTo-RpcNode2000 }, delay = 0 ms 
2026-04-13 16:32:05.975 DEBUG [nioEventLoopGroup-8-1] BaseClient [org.sunrise.game.core.client.BaseClientPulseHandler:27] - send ping, cur NodeId = { RpcNode2000-ConnectTo-RpcNode2 } 
2026-04-13 16:32:06.018 DEBUG [nioEventLoopGroup-3-4] BaseServer [org.sunrise.game.core.server.BaseServerPulseHandler:22] - recv ping, cur NodeId = { RpcNode2000 }, from NodeId = { RpcNode2-ConnectTo-RpcNode2000 }, delay = 0 ms 
2026-04-13 16:32:09.137 INFO  [CheckMemory] ServerStartUp [org.sunrise.game.utils.Utils:125] - Memory : {  total memory: 256 MB, free memory: 201 MB, used memory: 54 MB } 
2026-04-13 16:32:09.588 DEBUG [nioEventLoopGroup-3-1] BaseServer [org.sunrise.game.core.server.BaseServerPulseHandler:22] - recv ping, cur NodeId = { RpcNode2000 }, from NodeId = { RpcNode100-ConnectTo-RpcNode2000 }, delay = 0 ms 
2026-04-13 16:32:09.598 DEBUG [nioEventLoopGroup-5-1] BaseClient [org.sunrise.game.core.client.BaseClientPulseHandler:27] - send ping, cur NodeId = { RpcNode2000-ConnectTo-RpcNode100 } 
2026-04-13 16:32:11.630 DEBUG [nioEventLoopGroup-6-1] BaseClient [org.sunrise.game.core.client.BaseClientPulseHandler:27] - send ping, cur NodeId = { RpcNode2000-ConnectTo-RpcNode1000 } 
2026-04-13 16:32:11.681 DEBUG [nioEventLoopGroup-3-2] BaseServer [org.sunrise.game.core.server.BaseServerPulseHandler:22] - recv ping, cur NodeId = { RpcNode2000 }, from NodeId = { RpcNode1000-ConnectTo-RpcNode2000 }, delay = 0 ms 
2026-04-13 16:32:13.884 DEBUG [nioEventLoopGroup-7-1] BaseClient [org.sunrise.game.core.client.BaseClientPulseHandler:27] - send ping, cur NodeId = { RpcNode2000-ConnectTo-RpcNode3 } 
2026-04-13 16:32:13.938 DEBUG [nioEventLoopGroup-3-3] BaseServer [org.sunrise.game.core.server.BaseServerPulseHandler:22] - recv ping, cur NodeId = { RpcNode2000 }, from NodeId = { RpcNode3-ConnectTo-RpcNode2000 }, delay = 0 ms 
2026-04-13 16:32:15.975 DEBUG [nioEventLoopGroup-8-1] BaseClient [org.sunrise.game.core.client.BaseClientPulseHandler:27] - send ping, cur NodeId = { RpcNode2000-ConnectTo-RpcNode2 } 
2026-04-13 16:32:16.018 DEBUG [nioEventLoopGroup-3-4] BaseServer [org.sunrise.game.core.server.BaseServerPulseHandler:22] - recv ping, cur NodeId = { RpcNode2000 }, from NodeId = { RpcNode2-ConnectTo-RpcNode2000 }, delay = 0 ms 
2026-04-13 16:32:19.588 DEBUG [nioEventLoopGroup-3-1] BaseServer [org.sunrise.game.core.server.BaseServerPulseHandler:22] - recv ping, cur NodeId = { RpcNode2000 }, from NodeId = { RpcNode100-ConnectTo-RpcNode2000 }, delay = 0 ms 
2026-04-13 16:32:19.599 DEBUG [nioEventLoopGroup-5-1] BaseClient [org.sunrise.game.core.client.BaseClientPulseHandler:27] - send ping, cur NodeId = { RpcNode2000-ConnectTo-RpcNode100 } 
2026-04-13 16:32:21.631 DEBUG [nioEventLoopGroup-6-1] BaseClient [org.sunrise.game.core.client.BaseClientPulseHandler:27] - send ping, cur NodeId = { RpcNode2000-ConnectTo-RpcNode1000 } 
2026-04-13 16:32:21.681 DEBUG [nioEventLoopGroup-3-2] BaseServer [org.sunrise.game.core.server.BaseServerPulseHandler:22] - recv ping, cur NodeId = { RpcNode2000 }, from NodeId = { RpcNode1000-ConnectTo-RpcNode2000 }, delay = 0 ms 
2026-04-13 16:32:23.886 DEBUG [nioEventLoopGroup-7-1] BaseClient [org.sunrise.game.core.client.BaseClientPulseHandler:27] - send ping, cur NodeId = { RpcNode2000-ConnectTo-RpcNode3 } 
2026-04-13 16:32:23.940 DEBUG [nioEventLoopGroup-3-3] BaseServer [org.sunrise.game.core.server.BaseServerPulseHandler:22] - recv ping, cur NodeId = { RpcNode2000 }, from NodeId = { RpcNode3-ConnectTo-RpcNode2000 }, delay = 0 ms 
2026-04-13 16:32:25.975 DEBUG [nioEventLoopGroup-8-1] BaseClient [org.sunrise.game.core.client.BaseClientPulseHandler:27] - send ping, cur NodeId = { RpcNode2000-ConnectTo-RpcNode2 } 
2026-04-13 16:32:26.019 DEBUG [nioEventLoopGroup-3-4] BaseServer [org.sunrise.game.core.server.BaseServerPulseHandler:22] - recv ping, cur NodeId = { RpcNode2000 }, from NodeId = { RpcNode2-ConnectTo-RpcNode2000 }, delay = 0 ms 
2026-04-13 16:32:29.589 DEBUG [nioEventLoopGroup-3-1] BaseServer [org.sunrise.game.core.server.BaseServerPulseHandler:22] - recv ping, cur NodeId = { RpcNode2000 }, from NodeId = { RpcNode100-ConnectTo-RpcNode2000 }, delay = 0 ms 
2026-04-13 16:32:29.599 DEBUG [nioEventLoopGroup-5-1] BaseClient [org.sunrise.game.core.client.BaseClientPulseHandler:27] - send ping, cur NodeId = { RpcNode2000-ConnectTo-RpcNode100 } 
2026-04-13 16:32:31.631 DEBUG [nioEventLoopGroup-6-1] BaseClient [org.sunrise.game.core.client.BaseClientPulseHandler:27] - send ping, cur NodeId = { RpcNode2000-ConnectTo-RpcNode1000 } 
2026-04-13 16:32:31.683 DEBUG [nioEventLoopGroup-3-2] BaseServer [org.sunrise.game.core.server.BaseServerPulseHandler:22] - recv ping, cur NodeId = { RpcNode2000 }, from NodeId = { RpcNode1000-ConnectTo-RpcNode2000 }, delay = 0 ms 
2026-04-13 16:32:33.885 DEBUG [nioEventLoopGroup-7-1] BaseClient [org.sunrise.game.core.client.BaseClientPulseHandler:27] - send ping, cur NodeId = { RpcNode2000-ConnectTo-RpcNode3 } 
2026-04-13 16:32:33.940 DEBUG [nioEventLoopGroup-3-3] BaseServer [org.sunrise.game.core.server.BaseServerPulseHandler:22] - recv ping, cur NodeId = { RpcNode2000 }, from NodeId = { RpcNode3-ConnectTo-RpcNode2000 }, delay = 0 ms 
2026-04-13 16:32:35.976 DEBUG [nioEventLoopGroup-8-1] BaseClient [org.sunrise.game.core.client.BaseClientPulseHandler:27] - send ping, cur NodeId = { RpcNode2000-ConnectTo-RpcNode2 } 
2026-04-13 16:32:36.019 DEBUG [nioEventLoopGroup-3-4] BaseServer [org.sunrise.game.core.server.BaseServerPulseHandler:22] - recv ping, cur NodeId = { RpcNode2000 }, from NodeId = { RpcNode2-ConnectTo-RpcNode2000 }, delay = 0 ms 
2026-04-13 16:32:39.589 DEBUG [nioEventLoopGroup-3-1] BaseServer [org.sunrise.game.core.server.BaseServerPulseHandler:22] - recv ping, cur NodeId = { RpcNode2000 }, from NodeId = { RpcNode100-ConnectTo-RpcNode2000 }, delay = 0 ms 
2026-04-13 16:32:39.600 DEBUG [nioEventLoopGroup-5-1] BaseClient [org.sunrise.game.core.client.BaseClientPulseHandler:27] - send ping, cur NodeId = { RpcNode2000-ConnectTo-RpcNode100 } 
2026-04-13 16:32:41.631 DEBUG [nioEventLoopGroup-6-1] BaseClient [org.sunrise.game.core.client.BaseClientPulseHandler:27] - send ping, cur NodeId = { RpcNode2000-ConnectTo-RpcNode1000 } 
2026-04-13 16:32:41.683 DEBUG [nioEventLoopGroup-3-2] BaseServer [org.sunrise.game.core.server.BaseServerPulseHandler:22] - recv ping, cur NodeId = { RpcNode2000 }, from NodeId = { RpcNode1000-ConnectTo-RpcNode2000 }, delay = 0 ms 
2026-04-13 16:32:43.886 DEBUG [nioEventLoopGroup-7-1] BaseClient [org.sunrise.game.core.client.BaseClientPulseHandler:27] - send ping, cur NodeId = { RpcNode2000-ConnectTo-RpcNode3 } 
2026-04-13 16:32:43.940 DEBUG [nioEventLoopGroup-3-3] BaseServer [org.sunrise.game.core.server.BaseServerPulseHandler:22] - recv ping, cur NodeId = { RpcNode2000 }, from NodeId = { RpcNode3-ConnectTo-RpcNode2000 }, delay = 0 ms 
2026-04-13 16:32:45.977 DEBUG [nioEventLoopGroup-8-1] BaseClient [org.sunrise.game.core.client.BaseClientPulseHandler:27] - send ping, cur NodeId = { RpcNode2000-ConnectTo-RpcNode2 } 
2026-04-13 16:32:46.020 DEBUG [nioEventLoopGroup-3-4] BaseServer [org.sunrise.game.core.server.BaseServerPulseHandler:22] - recv ping, cur NodeId = { RpcNode2000 }, from NodeId = { RpcNode2-ConnectTo-RpcNode2000 }, delay = 0 ms 
2026-04-13 16:32:49.590 DEBUG [nioEventLoopGroup-3-1] BaseServer [org.sunrise.game.core.server.BaseServerPulseHandler:22] - recv ping, cur NodeId = { RpcNode2000 }, from NodeId = { RpcNode100-ConnectTo-RpcNode2000 }, delay = 0 ms 
2026-04-13 16:32:49.601 DEBUG [nioEventLoopGroup-5-1] BaseClient [org.sunrise.game.core.client.BaseClientPulseHandler:27] - send ping, cur NodeId = { RpcNode2000-ConnectTo-RpcNode100 } 
2026-04-13 16:32:51.631 DEBUG [nioEventLoopGroup-6-1] BaseClient [org.sunrise.game.core.client.BaseClientPulseHandler:27] - send ping, cur NodeId = { RpcNode2000-ConnectTo-RpcNode1000 } 
2026-04-13 16:32:51.684 DEBUG [nioEventLoopGroup-3-2] BaseServer [org.sunrise.game.core.server.BaseServerPulseHandler:22] - recv ping, cur NodeId = { RpcNode2000 }, from NodeId = { RpcNode1000-ConnectTo-RpcNode2000 }, delay = 0 ms 
2026-04-13 16:32:53.887 DEBUG [nioEventLoopGroup-7-1] BaseClient [org.sunrise.game.core.client.BaseClientPulseHandler:27] - send ping, cur NodeId = { RpcNode2000-ConnectTo-RpcNode3 } 
2026-04-13 16:32:53.941 DEBUG [nioEventLoopGroup-3-3] BaseServer [org.sunrise.game.core.server.BaseServerPulseHandler:22] - recv ping, cur NodeId = { RpcNode2000 }, from NodeId = { RpcNode3-ConnectTo-RpcNode2000 }, delay = 0 ms 
2026-04-13 16:32:55.977 DEBUG [nioEventLoopGroup-8-1] BaseClient [org.sunrise.game.core.client.BaseClientPulseHandler:27] - send ping, cur NodeId = { RpcNode2000-ConnectTo-RpcNode2 } 
2026-04-13 16:32:56.020 DEBUG [nioEventLoopGroup-3-4] BaseServer [org.sunrise.game.core.server.BaseServerPulseHandler:22] - recv ping, cur NodeId = { RpcNode2000 }, from NodeId = { RpcNode2-ConnectTo-RpcNode2000 }, delay = 0 ms 
2026-04-13 16:32:59.591 DEBUG [nioEventLoopGroup-3-1] BaseServer [org.sunrise.game.core.server.BaseServerPulseHandler:22] - recv ping, cur NodeId = { RpcNode2000 }, from NodeId = { RpcNode100-ConnectTo-RpcNode2000 }, delay = 0 ms 
2026-04-13 16:32:59.601 DEBUG [nioEventLoopGroup-5-1] BaseClient [org.sunrise.game.core.client.BaseClientPulseHandler:27] - send ping, cur NodeId = { RpcNode2000-ConnectTo-RpcNode100 } 
2026-04-13 16:33:01.632 DEBUG [nioEventLoopGroup-6-1] BaseClient [org.sunrise.game.core.client.BaseClientPulseHandler:27] - send ping, cur NodeId = { RpcNode2000-ConnectTo-RpcNode1000 } 
2026-04-13 16:33:01.684 DEBUG [nioEventLoopGroup-3-2] BaseServer [org.sunrise.game.core.server.BaseServerPulseHandler:22] - recv ping, cur NodeId = { RpcNode2000 }, from NodeId = { RpcNode1000-ConnectTo-RpcNode2000 }, delay = 0 ms 
2026-04-13 16:33:03.888 DEBUG [nioEventLoopGroup-7-1] BaseClient [org.sunrise.game.core.client.BaseClientPulseHandler:27] - send ping, cur NodeId = { RpcNode2000-ConnectTo-RpcNode3 } 
2026-04-13 16:33:03.942 DEBUG [nioEventLoopGroup-3-3] BaseServer [org.sunrise.game.core.server.BaseServerPulseHandler:22] - recv ping, cur NodeId = { RpcNode2000 }, from NodeId = { RpcNode3-ConnectTo-RpcNode2000 }, delay = 0 ms 
2026-04-13 16:33:05.978 DEBUG [nioEventLoopGroup-8-1] BaseClient [org.sunrise.game.core.client.BaseClientPulseHandler:27] - send ping, cur NodeId = { RpcNode2000-ConnectTo-RpcNode2 } 
2026-04-13 16:33:06.020 DEBUG [nioEventLoopGroup-3-4] BaseServer [org.sunrise.game.core.server.BaseServerPulseHandler:22] - recv ping, cur NodeId = { RpcNode2000 }, from NodeId = { RpcNode2-ConnectTo-RpcNode2000 }, delay = 0 ms 
2026-04-13 16:33:09.138 INFO  [CheckMemory] ServerStartUp [org.sunrise.game.utils.Utils:125] - Memory : {  total memory: 256 MB, free memory: 201 MB, used memory: 54 MB } 
2026-04-13 16:33:09.591 DEBUG [nioEventLoopGroup-3-1] BaseServer [org.sunrise.game.core.server.BaseServerPulseHandler:22] - recv ping, cur NodeId = { RpcNode2000 }, from NodeId = { RpcNode100-ConnectTo-RpcNode2000 }, delay = 0 ms 
2026-04-13 16:33:09.602 DEBUG [nioEventLoopGroup-5-1] BaseClient [org.sunrise.game.core.client.BaseClientPulseHandler:27] - send ping, cur NodeId = { RpcNode2000-ConnectTo-RpcNode100 } 
2026-04-13 16:33:11.633 DEBUG [nioEventLoopGroup-6-1] BaseClient [org.sunrise.game.core.client.BaseClientPulseHandler:27] - send ping, cur NodeId = { RpcNode2000-ConnectTo-RpcNode1000 } 
2026-04-13 16:33:11.685 DEBUG [nioEventLoopGroup-3-2] BaseServer [org.sunrise.game.core.server.BaseServerPulseHandler:22] - recv ping, cur NodeId = { RpcNode2000 }, from NodeId = { RpcNode1000-ConnectTo-RpcNode2000 }, delay = 0 ms 
2026-04-13 16:33:13.889 DEBUG [nioEventLoopGroup-7-1] BaseClient [org.sunrise.game.core.client.BaseClientPulseHandler:27] - send ping, cur NodeId = { RpcNode2000-ConnectTo-RpcNode3 } 
2026-04-13 16:33:13.943 DEBUG [nioEventLoopGroup-3-3] BaseServer [org.sunrise.game.core.server.BaseServerPulseHandler:22] - recv ping, cur NodeId = { RpcNode2000 }, from NodeId = { RpcNode3-ConnectTo-RpcNode2000 }, delay = 0 ms 
2026-04-13 16:33:15.979 DEBUG [nioEventLoopGroup-8-1] BaseClient [org.sunrise.game.core.client.BaseClientPulseHandler:27] - send ping, cur NodeId = { RpcNode2000-ConnectTo-RpcNode2 } 
2026-04-13 16:33:16.022 DEBUG [nioEventLoopGroup-3-4] BaseServer [org.sunrise.game.core.server.BaseServerPulseHandler:22] - recv ping, cur NodeId = { RpcNode2000 }, from NodeId = { RpcNode2-ConnectTo-RpcNode2000 }, delay = 0 ms 
2026-04-13 16:33:19.591 DEBUG [nioEventLoopGroup-3-1] BaseServer [org.sunrise.game.core.server.BaseServerPulseHandler:22] - recv ping, cur NodeId = { RpcNode2000 }, from NodeId = { RpcNode100-ConnectTo-RpcNode2000 }, delay = 0 ms 
2026-04-13 16:33:19.603 DEBUG [nioEventLoopGroup-5-1] BaseClient [org.sunrise.game.core.client.BaseClientPulseHandler:27] - send ping, cur NodeId = { RpcNode2000-ConnectTo-RpcNode100 } 
2026-04-13 16:33:21.633 DEBUG [nioEventLoopGroup-6-1] BaseClient [org.sunrise.game.core.client.BaseClientPulseHandler:27] - send ping, cur NodeId = { RpcNode2000-ConnectTo-RpcNode1000 } 
2026-04-13 16:33:21.685 DEBUG [nioEventLoopGroup-3-2] BaseServer [org.sunrise.game.core.server.BaseServerPulseHandler:22] - recv ping, cur NodeId = { RpcNode2000 }, from NodeId = { RpcNode1000-ConnectTo-RpcNode2000 }, delay = 0 ms 
2026-04-13 16:33:23.888 DEBUG [nioEventLoopGroup-7-1] BaseClient [org.sunrise.game.core.client.BaseClientPulseHandler:27] - send ping, cur NodeId = { RpcNode2000-ConnectTo-RpcNode3 } 
2026-04-13 16:33:23.943 DEBUG [nioEventLoopGroup-3-3] BaseServer [org.sunrise.game.core.server.BaseServerPulseHandler:22] - recv ping, cur NodeId = { RpcNode2000 }, from NodeId = { RpcNode3-ConnectTo-RpcNode2000 }, delay = 0 ms 
2026-04-13 16:33:25.979 DEBUG [nioEventLoopGroup-8-1] BaseClient [org.sunrise.game.core.client.BaseClientPulseHandler:27] - send ping, cur NodeId = { RpcNode2000-ConnectTo-RpcNode2 } 
2026-04-13 16:33:26.023 DEBUG [nioEventLoopGroup-3-4] BaseServer [org.sunrise.game.core.server.BaseServerPulseHandler:22] - recv ping, cur NodeId = { RpcNode2000 }, from NodeId = { RpcNode2-ConnectTo-RpcNode2000 }, delay = 0 ms 
2026-04-13 16:33:29.591 DEBUG [nioEventLoopGroup-3-1] BaseServer [org.sunrise.game.core.server.BaseServerPulseHandler:22] - recv ping, cur NodeId = { RpcNode2000 }, from NodeId = { RpcNode100-ConnectTo-RpcNode2000 }, delay = 0 ms 
2026-04-13 16:33:29.602 DEBUG [nioEventLoopGroup-5-1] BaseClient [org.sunrise.game.core.client.BaseClientPulseHandler:27] - send ping, cur NodeId = { RpcNode2000-ConnectTo-RpcNode100 } 
2026-04-13 16:33:31.633 DEBUG [nioEventLoopGroup-6-1] BaseClient [org.sunrise.game.core.client.BaseClientPulseHandler:27] - send ping, cur NodeId = { RpcNode2000-ConnectTo-RpcNode1000 } 
2026-04-13 16:33:31.686 DEBUG [nioEventLoopGroup-3-2] BaseServer [org.sunrise.game.core.server.BaseServerPulseHandler:22] - recv ping, cur NodeId = { RpcNode2000 }, from NodeId = { RpcNode1000-ConnectTo-RpcNode2000 }, delay = 0 ms 
2026-04-13 16:33:33.889 DEBUG [nioEventLoopGroup-7-1] BaseClient [org.sunrise.game.core.client.BaseClientPulseHandler:27] - send ping, cur NodeId = { RpcNode2000-ConnectTo-RpcNode3 } 
2026-04-13 16:33:33.943 DEBUG [nioEventLoopGroup-3-3] BaseServer [org.sunrise.game.core.server.BaseServerPulseHandler:22] - recv ping, cur NodeId = { RpcNode2000 }, from NodeId = { RpcNode3-ConnectTo-RpcNode2000 }, delay = 0 ms 
2026-04-13 16:33:35.979 DEBUG [nioEventLoopGroup-8-1] BaseClient [org.sunrise.game.core.client.BaseClientPulseHandler:27] - send ping, cur NodeId = { RpcNode2000-ConnectTo-RpcNode2 } 
2026-04-13 16:33:36.023 DEBUG [nioEventLoopGroup-3-4] BaseServer [org.sunrise.game.core.server.BaseServerPulseHandler:22] - recv ping, cur NodeId = { RpcNode2000 }, from NodeId = { RpcNode2-ConnectTo-RpcNode2000 }, delay = 0 ms 
2026-04-13 16:33:39.592 DEBUG [nioEventLoopGroup-3-1] BaseServer [org.sunrise.game.core.server.BaseServerPulseHandler:22] - recv ping, cur NodeId = { RpcNode2000 }, from NodeId = { RpcNode100-ConnectTo-RpcNode2000 }, delay = 0 ms 
2026-04-13 16:33:39.603 DEBUG [nioEventLoopGroup-5-1] BaseClient [org.sunrise.game.core.client.BaseClientPulseHandler:27] - send ping, cur NodeId = { RpcNode2000-ConnectTo-RpcNode100 } 
2026-04-13 16:33:41.634 DEBUG [nioEventLoopGroup-6-1] BaseClient [org.sunrise.game.core.client.BaseClientPulseHandler:27] - send ping, cur NodeId = { RpcNode2000-ConnectTo-RpcNode1000 } 
2026-04-13 16:33:41.687 DEBUG [nioEventLoopGroup-3-2] BaseServer [org.sunrise.game.core.server.BaseServerPulseHandler:22] - recv ping, cur NodeId = { RpcNode2000 }, from NodeId = { RpcNode1000-ConnectTo-RpcNode2000 }, delay = 0 ms 
2026-04-13 16:33:43.889 DEBUG [nioEventLoopGroup-7-1] BaseClient [org.sunrise.game.core.client.BaseClientPulseHandler:27] - send ping, cur NodeId = { RpcNode2000-ConnectTo-RpcNode3 } 
2026-04-13 16:33:43.944 DEBUG [nioEventLoopGroup-3-3] BaseServer [org.sunrise.game.core.server.BaseServerPulseHandler:22] - recv ping, cur NodeId = { RpcNode2000 }, from NodeId = { RpcNode3-ConnectTo-RpcNode2000 }, delay = 0 ms 
2026-04-13 16:33:45.980 DEBUG [nioEventLoopGroup-8-1] BaseClient [org.sunrise.game.core.client.BaseClientPulseHandler:27] - send ping, cur NodeId = { RpcNode2000-ConnectTo-RpcNode2 } 
2026-04-13 16:33:46.023 DEBUG [nioEventLoopGroup-3-4] BaseServer [org.sunrise.game.core.server.BaseServerPulseHandler:22] - recv ping, cur NodeId = { RpcNode2000 }, from NodeId = { RpcNode2-ConnectTo-RpcNode2000 }, delay = 0 ms 
2026-04-13 16:33:49.593 DEBUG [nioEventLoopGroup-3-1] BaseServer [org.sunrise.game.core.server.BaseServerPulseHandler:22] - recv ping, cur NodeId = { RpcNode2000 }, from NodeId = { RpcNode100-ConnectTo-RpcNode2000 }, delay = 0 ms 
2026-04-13 16:33:49.603 DEBUG [nioEventLoopGroup-5-1] BaseClient [org.sunrise.game.core.client.BaseClientPulseHandler:27] - send ping, cur NodeId = { RpcNode2000-ConnectTo-RpcNode100 } 
2026-04-13 16:33:51.634 DEBUG [nioEventLoopGroup-6-1] BaseClient [org.sunrise.game.core.client.BaseClientPulseHandler:27] - send ping, cur NodeId = { RpcNode2000-ConnectTo-RpcNode1000 } 
2026-04-13 16:33:51.687 DEBUG [nioEventLoopGroup-3-2] BaseServer [org.sunrise.game.core.server.BaseServerPulseHandler:22] - recv ping, cur NodeId = { RpcNode2000 }, from NodeId = { RpcNode1000-ConnectTo-RpcNode2000 }, delay = 0 ms 
2026-04-13 16:33:53.891 DEBUG [nioEventLoopGroup-7-1] BaseClient [org.sunrise.game.core.client.BaseClientPulseHandler:27] - send ping, cur NodeId = { RpcNode2000-ConnectTo-RpcNode3 } 
2026-04-13 16:33:53.945 DEBUG [nioEventLoopGroup-3-3] BaseServer [org.sunrise.game.core.server.BaseServerPulseHandler:22] - recv ping, cur NodeId = { RpcNode2000 }, from NodeId = { RpcNode3-ConnectTo-RpcNode2000 }, delay = 0 ms 
2026-04-13 16:33:55.981 DEBUG [nioEventLoopGroup-8-1] BaseClient [org.sunrise.game.core.client.BaseClientPulseHandler:27] - send ping, cur NodeId = { RpcNode2000-ConnectTo-RpcNode2 } 
2026-04-13 16:33:56.024 DEBUG [nioEventLoopGroup-3-4] BaseServer [org.sunrise.game.core.server.BaseServerPulseHandler:22] - recv ping, cur NodeId = { RpcNode2000 }, from NodeId = { RpcNode2-ConnectTo-RpcNode2000 }, delay = 0 ms 
2026-04-13 16:33:59.593 DEBUG [nioEventLoopGroup-3-1] BaseServer [org.sunrise.game.core.server.BaseServerPulseHandler:22] - recv ping, cur NodeId = { RpcNode2000 }, from NodeId = { RpcNode100-ConnectTo-RpcNode2000 }, delay = 0 ms 
2026-04-13 16:33:59.604 DEBUG [nioEventLoopGroup-5-1] BaseClient [org.sunrise.game.core.client.BaseClientPulseHandler:27] - send ping, cur NodeId = { RpcNode2000-ConnectTo-RpcNode100 } 
2026-04-13 16:34:01.635 DEBUG [nioEventLoopGroup-6-1] BaseClient [org.sunrise.game.core.client.BaseClientPulseHandler:27] - send ping, cur NodeId = { RpcNode2000-ConnectTo-RpcNode1000 } 
2026-04-13 16:34:01.687 DEBUG [nioEventLoopGroup-3-2] BaseServer [org.sunrise.game.core.server.BaseServerPulseHandler:22] - recv ping, cur NodeId = { RpcNode2000 }, from NodeId = { RpcNode1000-ConnectTo-RpcNode2000 }, delay = 0 ms 
2026-04-13 16:34:03.892 DEBUG [nioEventLoopGroup-7-1] BaseClient [org.sunrise.game.core.client.BaseClientPulseHandler:27] - send ping, cur NodeId = { RpcNode2000-ConnectTo-RpcNode3 } 
2026-04-13 16:34:03.946 DEBUG [nioEventLoopGroup-3-3] BaseServer [org.sunrise.game.core.server.BaseServerPulseHandler:22] - recv ping, cur NodeId = { RpcNode2000 }, from NodeId = { RpcNode3-ConnectTo-RpcNode2000 }, delay = 0 ms 
2026-04-13 16:34:05.983 DEBUG [nioEventLoopGroup-8-1] BaseClient [org.sunrise.game.core.client.BaseClientPulseHandler:27] - send ping, cur NodeId = { RpcNode2000-ConnectTo-RpcNode2 } 
2026-04-13 16:34:06.024 DEBUG [nioEventLoopGroup-3-4] BaseServer [org.sunrise.game.core.server.BaseServerPulseHandler:22] - recv ping, cur NodeId = { RpcNode2000 }, from NodeId = { RpcNode2-ConnectTo-RpcNode2000 }, delay = 0 ms 
2026-04-13 16:34:09.139 INFO  [CheckMemory] ServerStartUp [org.sunrise.game.utils.Utils:125] - Memory : {  total memory: 256 MB, free memory: 201 MB, used memory: 54 MB } 
2026-04-13 16:34:09.594 DEBUG [nioEventLoopGroup-3-1] BaseServer [org.sunrise.game.core.server.BaseServerPulseHandler:22] - recv ping, cur NodeId = { RpcNode2000 }, from NodeId = { RpcNode100-ConnectTo-RpcNode2000 }, delay = 0 ms 
2026-04-13 16:34:09.603 DEBUG [nioEventLoopGroup-5-1] BaseClient [org.sunrise.game.core.client.BaseClientPulseHandler:27] - send ping, cur NodeId = { RpcNode2000-ConnectTo-RpcNode100 } 
2026-04-13 16:34:11.636 DEBUG [nioEventLoopGroup-6-1] BaseClient [org.sunrise.game.core.client.BaseClientPulseHandler:27] - send ping, cur NodeId = { RpcNode2000-ConnectTo-RpcNode1000 } 
2026-04-13 16:34:11.687 DEBUG [nioEventLoopGroup-3-2] BaseServer [org.sunrise.game.core.server.BaseServerPulseHandler:22] - recv ping, cur NodeId = { RpcNode2000 }, from NodeId = { RpcNode1000-ConnectTo-RpcNode2000 }, delay = 0 ms 
2026-04-13 16:34:13.893 DEBUG [nioEventLoopGroup-7-1] BaseClient [org.sunrise.game.core.client.BaseClientPulseHandler:27] - send ping, cur NodeId = { RpcNode2000-ConnectTo-RpcNode3 } 
2026-04-13 16:34:13.946 DEBUG [nioEventLoopGroup-3-3] BaseServer [org.sunrise.game.core.server.BaseServerPulseHandler:22] - recv ping, cur NodeId = { RpcNode2000 }, from NodeId = { RpcNode3-ConnectTo-RpcNode2000 }, delay = 0 ms 
2026-04-13 16:34:15.984 DEBUG [nioEventLoopGroup-8-1] BaseClient [org.sunrise.game.core.client.BaseClientPulseHandler:27] - send ping, cur NodeId = { RpcNode2000-ConnectTo-RpcNode2 } 
2026-04-13 16:34:16.024 DEBUG [nioEventLoopGroup-3-4] BaseServer [org.sunrise.game.core.server.BaseServerPulseHandler:22] - recv ping, cur NodeId = { RpcNode2000 }, from NodeId = { RpcNode2-ConnectTo-RpcNode2000 }, delay = 0 ms 
2026-04-13 16:34:19.595 DEBUG [nioEventLoopGroup-3-1] BaseServer [org.sunrise.game.core.server.BaseServerPulseHandler:22] - recv ping, cur NodeId = { RpcNode2000 }, from NodeId = { RpcNode100-ConnectTo-RpcNode2000 }, delay = 0 ms 
2026-04-13 16:34:19.604 DEBUG [nioEventLoopGroup-5-1] BaseClient [org.sunrise.game.core.client.BaseClientPulseHandler:27] - send ping, cur NodeId = { RpcNode2000-ConnectTo-RpcNode100 } 
2026-04-13 16:34:21.636 DEBUG [nioEventLoopGroup-6-1] BaseClient [org.sunrise.game.core.client.BaseClientPulseHandler:27] - send ping, cur NodeId = { RpcNode2000-ConnectTo-RpcNode1000 } 
2026-04-13 16:34:21.688 DEBUG [nioEventLoopGroup-3-2] BaseServer [org.sunrise.game.core.server.BaseServerPulseHandler:22] - recv ping, cur NodeId = { RpcNode2000 }, from NodeId = { RpcNode1000-ConnectTo-RpcNode2000 }, delay = 0 ms 
2026-04-13 16:34:23.893 DEBUG [nioEventLoopGroup-7-1] BaseClient [org.sunrise.game.core.client.BaseClientPulseHandler:27] - send ping, cur NodeId = { RpcNode2000-ConnectTo-RpcNode3 } 
2026-04-13 16:34:23.946 DEBUG [nioEventLoopGroup-3-3] BaseServer [org.sunrise.game.core.server.BaseServerPulseHandler:22] - recv ping, cur NodeId = { RpcNode2000 }, from NodeId = { RpcNode3-ConnectTo-RpcNode2000 }, delay = 0 ms 
2026-04-13 16:34:25.985 DEBUG [nioEventLoopGroup-8-1] BaseClient [org.sunrise.game.core.client.BaseClientPulseHandler:27] - send ping, cur NodeId = { RpcNode2000-ConnectTo-RpcNode2 } 
2026-04-13 16:34:26.024 DEBUG [nioEventLoopGroup-3-4] BaseServer [org.sunrise.game.core.server.BaseServerPulseHandler:22] - recv ping, cur NodeId = { RpcNode2000 }, from NodeId = { RpcNode2-ConnectTo-RpcNode2000 }, delay = 0 ms 
2026-04-13 16:34:29.595 DEBUG [nioEventLoopGroup-3-1] BaseServer [org.sunrise.game.core.server.BaseServerPulseHandler:22] - recv ping, cur NodeId = { RpcNode2000 }, from NodeId = { RpcNode100-ConnectTo-RpcNode2000 }, delay = 0 ms 
2026-04-13 16:34:29.605 DEBUG [nioEventLoopGroup-5-1] BaseClient [org.sunrise.game.core.client.BaseClientPulseHandler:27] - send ping, cur NodeId = { RpcNode2000-ConnectTo-RpcNode100 } 
2026-04-13 16:34:31.636 DEBUG [nioEventLoopGroup-6-1] BaseClient [org.sunrise.game.core.client.BaseClientPulseHandler:27] - send ping, cur NodeId = { RpcNode2000-ConnectTo-RpcNode1000 } 
2026-04-13 16:34:31.689 DEBUG [nioEventLoopGroup-3-2] BaseServer [org.sunrise.game.core.server.BaseServerPulseHandler:22] - recv ping, cur NodeId = { RpcNode2000 }, from NodeId = { RpcNode1000-ConnectTo-RpcNode2000 }, delay = 0 ms 
2026-04-13 16:34:33.894 DEBUG [nioEventLoopGroup-7-1] BaseClient [org.sunrise.game.core.client.BaseClientPulseHandler:27] - send ping, cur NodeId = { RpcNode2000-ConnectTo-RpcNode3 } 
2026-04-13 16:34:33.947 DEBUG [nioEventLoopGroup-3-3] BaseServer [org.sunrise.game.core.server.BaseServerPulseHandler:22] - recv ping, cur NodeId = { RpcNode2000 }, from NodeId = { RpcNode3-ConnectTo-RpcNode2000 }, delay = 0 ms 
2026-04-13 16:34:35.986 DEBUG [nioEventLoopGroup-8-1] BaseClient [org.sunrise.game.core.client.BaseClientPulseHandler:27] - send ping, cur NodeId = { RpcNode2000-ConnectTo-RpcNode2 } 
2026-04-13 16:34:36.025 DEBUG [nioEventLoopGroup-3-4] BaseServer [org.sunrise.game.core.server.BaseServerPulseHandler:22] - recv ping, cur NodeId = { RpcNode2000 }, from NodeId = { RpcNode2-ConnectTo-RpcNode2000 }, delay = 0 ms 
2026-04-13 16:34:39.596 DEBUG [nioEventLoopGroup-3-1] BaseServer [org.sunrise.game.core.server.BaseServerPulseHandler:22] - recv ping, cur NodeId = { RpcNode2000 }, from NodeId = { RpcNode100-ConnectTo-RpcNode2000 }, delay = 0 ms 
2026-04-13 16:34:39.606 DEBUG [nioEventLoopGroup-5-1] BaseClient [org.sunrise.game.core.client.BaseClientPulseHandler:27] - send ping, cur NodeId = { RpcNode2000-ConnectTo-RpcNode100 } 
2026-04-13 16:34:41.637 DEBUG [nioEventLoopGroup-6-1] BaseClient [org.sunrise.game.core.client.BaseClientPulseHandler:27] - send ping, cur NodeId = { RpcNode2000-ConnectTo-RpcNode1000 } 
2026-04-13 16:34:41.689 DEBUG [nioEventLoopGroup-3-2] BaseServer [org.sunrise.game.core.server.BaseServerPulseHandler:22] - recv ping, cur NodeId = { RpcNode2000 }, from NodeId = { RpcNode1000-ConnectTo-RpcNode2000 }, delay = 0 ms 
2026-04-13 16:34:43.895 DEBUG [nioEventLoopGroup-7-1] BaseClient [org.sunrise.game.core.client.BaseClientPulseHandler:27] - send ping, cur NodeId = { RpcNode2000-ConnectTo-RpcNode3 } 
2026-04-13 16:34:43.948 DEBUG [nioEventLoopGroup-3-3] BaseServer [org.sunrise.game.core.server.BaseServerPulseHandler:22] - recv ping, cur NodeId = { RpcNode2000 }, from NodeId = { RpcNode3-ConnectTo-RpcNode2000 }, delay = 0 ms 
2026-04-13 16:34:45.986 DEBUG [nioEventLoopGroup-8-1] BaseClient [org.sunrise.game.core.client.BaseClientPulseHandler:27] - send ping, cur NodeId = { RpcNode2000-ConnectTo-RpcNode2 } 
2026-04-13 16:34:46.025 DEBUG [nioEventLoopGroup-3-4] BaseServer [org.sunrise.game.core.server.BaseServerPulseHandler:22] - recv ping, cur NodeId = { RpcNode2000 }, from NodeId = { RpcNode2-ConnectTo-RpcNode2000 }, delay = 0 ms 
2026-04-13 16:34:49.596 DEBUG [nioEventLoopGroup-3-1] BaseServer [org.sunrise.game.core.server.BaseServerPulseHandler:22] - recv ping, cur NodeId = { RpcNode2000 }, from NodeId = { RpcNode100-ConnectTo-RpcNode2000 }, delay = 0 ms 
2026-04-13 16:34:49.606 DEBUG [nioEventLoopGroup-5-1] BaseClient [org.sunrise.game.core.client.BaseClientPulseHandler:27] - send ping, cur NodeId = { RpcNode2000-ConnectTo-RpcNode100 } 
2026-04-13 16:34:51.637 DEBUG [nioEventLoopGroup-6-1] BaseClient [org.sunrise.game.core.client.BaseClientPulseHandler:27] - send ping, cur NodeId = { RpcNode2000-ConnectTo-RpcNode1000 } 
2026-04-13 16:34:51.690 DEBUG [nioEventLoopGroup-3-2] BaseServer [org.sunrise.game.core.server.BaseServerPulseHandler:22] - recv ping, cur NodeId = { RpcNode2000 }, from NodeId = { RpcNode1000-ConnectTo-RpcNode2000 }, delay = 0 ms 
2026-04-13 16:34:53.895 DEBUG [nioEventLoopGroup-7-1] BaseClient [org.sunrise.game.core.client.BaseClientPulseHandler:27] - send ping, cur NodeId = { RpcNode2000-ConnectTo-RpcNode3 } 
2026-04-13 16:34:53.948 DEBUG [nioEventLoopGroup-3-3] BaseServer [org.sunrise.game.core.server.BaseServerPulseHandler:22] - recv ping, cur NodeId = { RpcNode2000 }, from NodeId = { RpcNode3-ConnectTo-RpcNode2000 }, delay = 0 ms 
2026-04-13 16:34:55.986 DEBUG [nioEventLoopGroup-8-1] BaseClient [org.sunrise.game.core.client.BaseClientPulseHandler:27] - send ping, cur NodeId = { RpcNode2000-ConnectTo-RpcNode2 } 
2026-04-13 16:34:56.026 DEBUG [nioEventLoopGroup-3-4] BaseServer [org.sunrise.game.core.server.BaseServerPulseHandler:22] - recv ping, cur NodeId = { RpcNode2000 }, from NodeId = { RpcNode2-ConnectTo-RpcNode2000 }, delay = 0 ms 
2026-04-13 16:34:59.596 DEBUG [nioEventLoopGroup-3-1] BaseServer [org.sunrise.game.core.server.BaseServerPulseHandler:22] - recv ping, cur NodeId = { RpcNode2000 }, from NodeId = { RpcNode100-ConnectTo-RpcNode2000 }, delay = 0 ms 
2026-04-13 16:34:59.606 DEBUG [nioEventLoopGroup-5-1] BaseClient [org.sunrise.game.core.client.BaseClientPulseHandler:27] - send ping, cur NodeId = { RpcNode2000-ConnectTo-RpcNode100 } 
2026-04-13 16:35:01.638 DEBUG [nioEventLoopGroup-6-1] BaseClient [org.sunrise.game.core.client.BaseClientPulseHandler:27] - send ping, cur NodeId = { RpcNode2000-ConnectTo-RpcNode1000 } 
2026-04-13 16:35:01.691 DEBUG [nioEventLoopGroup-3-2] BaseServer [org.sunrise.game.core.server.BaseServerPulseHandler:22] - recv ping, cur NodeId = { RpcNode2000 }, from NodeId = { RpcNode1000-ConnectTo-RpcNode2000 }, delay = 0 ms 
2026-04-13 16:35:03.895 DEBUG [nioEventLoopGroup-7-1] BaseClient [org.sunrise.game.core.client.BaseClientPulseHandler:27] - send ping, cur NodeId = { RpcNode2000-ConnectTo-RpcNode3 } 
2026-04-13 16:35:03.949 DEBUG [nioEventLoopGroup-3-3] BaseServer [org.sunrise.game.core.server.BaseServerPulseHandler:22] - recv ping, cur NodeId = { RpcNode2000 }, from NodeId = { RpcNode3-ConnectTo-RpcNode2000 }, delay = 0 ms 
2026-04-13 16:35:05.986 DEBUG [nioEventLoopGroup-8-1] BaseClient [org.sunrise.game.core.client.BaseClientPulseHandler:27] - send ping, cur NodeId = { RpcNode2000-ConnectTo-RpcNode2 } 
2026-04-13 16:35:06.026 DEBUG [nioEventLoopGroup-3-4] BaseServer [org.sunrise.game.core.server.BaseServerPulseHandler:22] - recv ping, cur NodeId = { RpcNode2000 }, from NodeId = { RpcNode2-ConnectTo-RpcNode2000 }, delay = 0 ms 
2026-04-13 16:35:09.139 INFO  [CheckMemory] ServerStartUp [org.sunrise.game.utils.Utils:125] - Memory : {  total memory: 256 MB, free memory: 199 MB, used memory: 56 MB } 
2026-04-13 16:35:09.598 DEBUG [nioEventLoopGroup-3-1] BaseServer [org.sunrise.game.core.server.BaseServerPulseHandler:22] - recv ping, cur NodeId = { RpcNode2000 }, from NodeId = { RpcNode100-ConnectTo-RpcNode2000 }, delay = 0 ms 
2026-04-13 16:35:09.607 DEBUG [nioEventLoopGroup-5-1] BaseClient [org.sunrise.game.core.client.BaseClientPulseHandler:27] - send ping, cur NodeId = { RpcNode2000-ConnectTo-RpcNode100 } 
2026-04-13 16:35:11.639 DEBUG [nioEventLoopGroup-6-1] BaseClient [org.sunrise.game.core.client.BaseClientPulseHandler:27] - send ping, cur NodeId = { RpcNode2000-ConnectTo-RpcNode1000 } 
2026-04-13 16:35:11.692 DEBUG [nioEventLoopGroup-3-2] BaseServer [org.sunrise.game.core.server.BaseServerPulseHandler:22] - recv ping, cur NodeId = { RpcNode2000 }, from NodeId = { RpcNode1000-ConnectTo-RpcNode2000 }, delay = 0 ms 
2026-04-13 16:35:13.896 DEBUG [nioEventLoopGroup-7-1] BaseClient [org.sunrise.game.core.client.BaseClientPulseHandler:27] - send ping, cur NodeId = { RpcNode2000-ConnectTo-RpcNode3 } 
2026-04-13 16:35:13.950 DEBUG [nioEventLoopGroup-3-3] BaseServer [org.sunrise.game.core.server.BaseServerPulseHandler:22] - recv ping, cur NodeId = { RpcNode2000 }, from NodeId = { RpcNode3-ConnectTo-RpcNode2000 }, delay = 0 ms 
2026-04-13 16:35:15.987 DEBUG [nioEventLoopGroup-8-1] BaseClient [org.sunrise.game.core.client.BaseClientPulseHandler:27] - send ping, cur NodeId = { RpcNode2000-ConnectTo-RpcNode2 } 
2026-04-13 16:35:16.027 DEBUG [nioEventLoopGroup-3-4] BaseServer [org.sunrise.game.core.server.BaseServerPulseHandler:22] - recv ping, cur NodeId = { RpcNode2000 }, from NodeId = { RpcNode2-ConnectTo-RpcNode2000 }, delay = 0 ms 
2026-04-13 16:35:19.598 DEBUG [nioEventLoopGroup-3-1] BaseServer [org.sunrise.game.core.server.BaseServerPulseHandler:22] - recv ping, cur NodeId = { RpcNode2000 }, from NodeId = { RpcNode100-ConnectTo-RpcNode2000 }, delay = 0 ms 
2026-04-13 16:35:19.607 DEBUG [nioEventLoopGroup-5-1] BaseClient [org.sunrise.game.core.client.BaseClientPulseHandler:27] - send ping, cur NodeId = { RpcNode2000-ConnectTo-RpcNode100 } 
2026-04-13 16:35:21.639 DEBUG [nioEventLoopGroup-6-1] BaseClient [org.sunrise.game.core.client.BaseClientPulseHandler:27] - send ping, cur NodeId = { RpcNode2000-ConnectTo-RpcNode1000 } 
2026-04-13 16:35:21.692 DEBUG [nioEventLoopGroup-3-2] BaseServer [org.sunrise.game.core.server.BaseServerPulseHandler:22] - recv ping, cur NodeId = { RpcNode2000 }, from NodeId = { RpcNode1000-ConnectTo-RpcNode2000 }, delay = 0 ms 
2026-04-13 16:35:23.896 DEBUG [nioEventLoopGroup-7-1] BaseClient [org.sunrise.game.core.client.BaseClientPulseHandler:27] - send ping, cur NodeId = { RpcNode2000-ConnectTo-RpcNode3 } 
2026-04-13 16:35:23.950 DEBUG [nioEventLoopGroup-3-3] BaseServer [org.sunrise.game.core.server.BaseServerPulseHandler:22] - recv ping, cur NodeId = { RpcNode2000 }, from NodeId = { RpcNode3-ConnectTo-RpcNode2000 }, delay = 0 ms 
2026-04-13 16:35:25.987 DEBUG [nioEventLoopGroup-8-1] BaseClient [org.sunrise.game.core.client.BaseClientPulseHandler:27] - send ping, cur NodeId = { RpcNode2000-ConnectTo-RpcNode2 } 
2026-04-13 16:35:26.028 DEBUG [nioEventLoopGroup-3-4] BaseServer [org.sunrise.game.core.server.BaseServerPulseHandler:22] - recv ping, cur NodeId = { RpcNode2000 }, from NodeId = { RpcNode2-ConnectTo-RpcNode2000 }, delay = 0 ms 
2026-04-13 16:35:29.599 DEBUG [nioEventLoopGroup-3-1] BaseServer [org.sunrise.game.core.server.BaseServerPulseHandler:22] - recv ping, cur NodeId = { RpcNode2000 }, from NodeId = { RpcNode100-ConnectTo-RpcNode2000 }, delay = 0 ms 
2026-04-13 16:35:29.608 DEBUG [nioEventLoopGroup-5-1] BaseClient [org.sunrise.game.core.client.BaseClientPulseHandler:27] - send ping, cur NodeId = { RpcNode2000-ConnectTo-RpcNode100 } 
2026-04-13 16:35:31.639 DEBUG [nioEventLoopGroup-6-1] BaseClient [org.sunrise.game.core.client.BaseClientPulseHandler:27] - send ping, cur NodeId = { RpcNode2000-ConnectTo-RpcNode1000 } 
2026-04-13 16:35:31.693 DEBUG [nioEventLoopGroup-3-2] BaseServer [org.sunrise.game.core.server.BaseServerPulseHandler:22] - recv ping, cur NodeId = { RpcNode2000 }, from NodeId = { RpcNode1000-ConnectTo-RpcNode2000 }, delay = 0 ms 
2026-04-13 16:35:33.896 DEBUG [nioEventLoopGroup-7-1] BaseClient [org.sunrise.game.core.client.BaseClientPulseHandler:27] - send ping, cur NodeId = { RpcNode2000-ConnectTo-RpcNode3 } 
2026-04-13 16:35:33.950 DEBUG [nioEventLoopGroup-3-3] BaseServer [org.sunrise.game.core.server.BaseServerPulseHandler:22] - recv ping, cur NodeId = { RpcNode2000 }, from NodeId = { RpcNode3-ConnectTo-RpcNode2000 }, delay = 0 ms 
2026-04-13 16:35:35.988 DEBUG [nioEventLoopGroup-8-1] BaseClient [org.sunrise.game.core.client.BaseClientPulseHandler:27] - send ping, cur NodeId = { RpcNode2000-ConnectTo-RpcNode2 } 
2026-04-13 16:35:36.028 DEBUG [nioEventLoopGroup-3-4] BaseServer [org.sunrise.game.core.server.BaseServerPulseHandler:22] - recv ping, cur NodeId = { RpcNode2000 }, from NodeId = { RpcNode2-ConnectTo-RpcNode2000 }, delay = 0 ms 
2026-04-13 16:35:39.601 DEBUG [nioEventLoopGroup-3-1] BaseServer [org.sunrise.game.core.server.BaseServerPulseHandler:22] - recv ping, cur NodeId = { RpcNode2000 }, from NodeId = { RpcNode100-ConnectTo-RpcNode2000 }, delay = 0 ms 
2026-04-13 16:35:39.607 DEBUG [nioEventLoopGroup-5-1] BaseClient [org.sunrise.game.core.client.BaseClientPulseHandler:27] - send ping, cur NodeId = { RpcNode2000-ConnectTo-RpcNode100 } 
2026-04-13 16:35:41.639 DEBUG [nioEventLoopGroup-6-1] BaseClient [org.sunrise.game.core.client.BaseClientPulseHandler:27] - send ping, cur NodeId = { RpcNode2000-ConnectTo-RpcNode1000 } 
2026-04-13 16:35:41.694 DEBUG [nioEventLoopGroup-3-2] BaseServer [org.sunrise.game.core.server.BaseServerPulseHandler:22] - recv ping, cur NodeId = { RpcNode2000 }, from NodeId = { RpcNode1000-ConnectTo-RpcNode2000 }, delay = 0 ms 
2026-04-13 16:35:43.897 DEBUG [nioEventLoopGroup-7-1] BaseClient [org.sunrise.game.core.client.BaseClientPulseHandler:27] - send ping, cur NodeId = { RpcNode2000-ConnectTo-RpcNode3 } 
2026-04-13 16:35:43.951 DEBUG [nioEventLoopGroup-3-3] BaseServer [org.sunrise.game.core.server.BaseServerPulseHandler:22] - recv ping, cur NodeId = { RpcNode2000 }, from NodeId = { RpcNode3-ConnectTo-RpcNode2000 }, delay = 0 ms 
2026-04-13 16:35:45.989 DEBUG [nioEventLoopGroup-8-1] BaseClient [org.sunrise.game.core.client.BaseClientPulseHandler:27] - send ping, cur NodeId = { RpcNode2000-ConnectTo-RpcNode2 } 
2026-04-13 16:35:46.028 DEBUG [nioEventLoopGroup-3-4] BaseServer [org.sunrise.game.core.server.BaseServerPulseHandler:22] - recv ping, cur NodeId = { RpcNode2000 }, from NodeId = { RpcNode2-ConnectTo-RpcNode2000 }, delay = 0 ms 
2026-04-13 16:35:49.601 DEBUG [nioEventLoopGroup-3-1] BaseServer [org.sunrise.game.core.server.BaseServerPulseHandler:22] - recv ping, cur NodeId = { RpcNode2000 }, from NodeId = { RpcNode100-ConnectTo-RpcNode2000 }, delay = 0 ms 
2026-04-13 16:35:49.608 DEBUG [nioEventLoopGroup-5-1] BaseClient [org.sunrise.game.core.client.BaseClientPulseHandler:27] - send ping, cur NodeId = { RpcNode2000-ConnectTo-RpcNode100 } 
2026-04-13 16:35:51.640 DEBUG [nioEventLoopGroup-6-1] BaseClient [org.sunrise.game.core.client.BaseClientPulseHandler:27] - send ping, cur NodeId = { RpcNode2000-ConnectTo-RpcNode1000 } 
2026-04-13 16:35:51.695 DEBUG [nioEventLoopGroup-3-2] BaseServer [org.sunrise.game.core.server.BaseServerPulseHandler:22] - recv ping, cur NodeId = { RpcNode2000 }, from NodeId = { RpcNode1000-ConnectTo-RpcNode2000 }, delay = 0 ms 
2026-04-13 16:35:53.897 DEBUG [nioEventLoopGroup-7-1] BaseClient [org.sunrise.game.core.client.BaseClientPulseHandler:27] - send ping, cur NodeId = { RpcNode2000-ConnectTo-RpcNode3 } 
2026-04-13 16:35:53.952 DEBUG [nioEventLoopGroup-3-3] BaseServer [org.sunrise.game.core.server.BaseServerPulseHandler:22] - recv ping, cur NodeId = { RpcNode2000 }, from NodeId = { RpcNode3-ConnectTo-RpcNode2000 }, delay = 0 ms 
2026-04-13 16:35:55.989 DEBUG [nioEventLoopGroup-8-1] BaseClient [org.sunrise.game.core.client.BaseClientPulseHandler:27] - send ping, cur NodeId = { RpcNode2000-ConnectTo-RpcNode2 } 
2026-04-13 16:35:56.029 DEBUG [nioEventLoopGroup-3-4] BaseServer [org.sunrise.game.core.server.BaseServerPulseHandler:22] - recv ping, cur NodeId = { RpcNode2000 }, from NodeId = { RpcNode2-ConnectTo-RpcNode2000 }, delay = 0 ms 
2026-04-13 16:35:59.602 DEBUG [nioEventLoopGroup-3-1] BaseServer [org.sunrise.game.core.server.BaseServerPulseHandler:22] - recv ping, cur NodeId = { RpcNode2000 }, from NodeId = { RpcNode100-ConnectTo-RpcNode2000 }, delay = 0 ms 
2026-04-13 16:35:59.609 DEBUG [nioEventLoopGroup-5-1] BaseClient [org.sunrise.game.core.client.BaseClientPulseHandler:27] - send ping, cur NodeId = { RpcNode2000-ConnectTo-RpcNode100 } 
2026-04-13 16:36:01.640 DEBUG [nioEventLoopGroup-6-1] BaseClient [org.sunrise.game.core.client.BaseClientPulseHandler:27] - send ping, cur NodeId = { RpcNode2000-ConnectTo-RpcNode1000 } 
2026-04-13 16:36:01.696 DEBUG [nioEventLoopGroup-3-2] BaseServer [org.sunrise.game.core.server.BaseServerPulseHandler:22] - recv ping, cur NodeId = { RpcNode2000 }, from NodeId = { RpcNode1000-ConnectTo-RpcNode2000 }, delay = 0 ms 
2026-04-13 16:36:03.898 DEBUG [nioEventLoopGroup-7-1] BaseClient [org.sunrise.game.core.client.BaseClientPulseHandler:27] - send ping, cur NodeId = { RpcNode2000-ConnectTo-RpcNode3 } 
2026-04-13 16:36:03.952 DEBUG [nioEventLoopGroup-3-3] BaseServer [org.sunrise.game.core.server.BaseServerPulseHandler:22] - recv ping, cur NodeId = { RpcNode2000 }, from NodeId = { RpcNode3-ConnectTo-RpcNode2000 }, delay = 0 ms 
2026-04-13 16:36:05.989 DEBUG [nioEventLoopGroup-8-1] BaseClient [org.sunrise.game.core.client.BaseClientPulseHandler:27] - send ping, cur NodeId = { RpcNode2000-ConnectTo-RpcNode2 } 
2026-04-13 16:36:06.030 DEBUG [nioEventLoopGroup-3-4] BaseServer [org.sunrise.game.core.server.BaseServerPulseHandler:22] - recv ping, cur NodeId = { RpcNode2000 }, from NodeId = { RpcNode2-ConnectTo-RpcNode2000 }, delay = 0 ms 
2026-04-13 16:36:09.140 INFO  [CheckMemory] ServerStartUp [org.sunrise.game.utils.Utils:125] - Memory : {  total memory: 256 MB, free memory: 199 MB, used memory: 56 MB } 
2026-04-13 16:36:09.601 DEBUG [nioEventLoopGroup-3-1] BaseServer [org.sunrise.game.core.server.BaseServerPulseHandler:22] - recv ping, cur NodeId = { RpcNode2000 }, from NodeId = { RpcNode100-ConnectTo-RpcNode2000 }, delay = 0 ms 
2026-04-13 16:36:09.609 DEBUG [nioEventLoopGroup-5-1] BaseClient [org.sunrise.game.core.client.BaseClientPulseHandler:27] - send ping, cur NodeId = { RpcNode2000-ConnectTo-RpcNode100 } 
2026-04-13 16:36:11.640 DEBUG [nioEventLoopGroup-6-1] BaseClient [org.sunrise.game.core.client.BaseClientPulseHandler:27] - send ping, cur NodeId = { RpcNode2000-ConnectTo-RpcNode1000 } 
2026-04-13 16:36:11.696 DEBUG [nioEventLoopGroup-3-2] BaseServer [org.sunrise.game.core.server.BaseServerPulseHandler:22] - recv ping, cur NodeId = { RpcNode2000 }, from NodeId = { RpcNode1000-ConnectTo-RpcNode2000 }, delay = 0 ms 
2026-04-13 16:36:13.900 DEBUG [nioEventLoopGroup-7-1] BaseClient [org.sunrise.game.core.client.BaseClientPulseHandler:27] - send ping, cur NodeId = { RpcNode2000-ConnectTo-RpcNode3 } 
2026-04-13 16:36:13.952 DEBUG [nioEventLoopGroup-3-3] BaseServer [org.sunrise.game.core.server.BaseServerPulseHandler:22] - recv ping, cur NodeId = { RpcNode2000 }, from NodeId = { RpcNode3-ConnectTo-RpcNode2000 }, delay = 0 ms 
2026-04-13 16:36:15.991 DEBUG [nioEventLoopGroup-8-1] BaseClient [org.sunrise.game.core.client.BaseClientPulseHandler:27] - send ping, cur NodeId = { RpcNode2000-ConnectTo-RpcNode2 } 
2026-04-13 16:36:16.030 DEBUG [nioEventLoopGroup-3-4] BaseServer [org.sunrise.game.core.server.BaseServerPulseHandler:22] - recv ping, cur NodeId = { RpcNode2000 }, from NodeId = { RpcNode2-ConnectTo-RpcNode2000 }, delay = 0 ms 
2026-04-13 16:36:19.602 DEBUG [nioEventLoopGroup-3-1] BaseServer [org.sunrise.game.core.server.BaseServerPulseHandler:22] - recv ping, cur NodeId = { RpcNode2000 }, from NodeId = { RpcNode100-ConnectTo-RpcNode2000 }, delay = 0 ms 
2026-04-13 16:36:19.609 DEBUG [nioEventLoopGroup-5-1] BaseClient [org.sunrise.game.core.client.BaseClientPulseHandler:27] - send ping, cur NodeId = { RpcNode2000-ConnectTo-RpcNode100 } 
2026-04-13 16:36:21.640 DEBUG [nioEventLoopGroup-6-1] BaseClient [org.sunrise.game.core.client.BaseClientPulseHandler:27] - send ping, cur NodeId = { RpcNode2000-ConnectTo-RpcNode1000 } 
2026-04-13 16:36:21.697 DEBUG [nioEventLoopGroup-3-2] BaseServer [org.sunrise.game.core.server.BaseServerPulseHandler:22] - recv ping, cur NodeId = { RpcNode2000 }, from NodeId = { RpcNode1000-ConnectTo-RpcNode2000 }, delay = 0 ms 
2026-04-13 16:36:23.900 DEBUG [nioEventLoopGroup-7-1] BaseClient [org.sunrise.game.core.client.BaseClientPulseHandler:27] - send ping, cur NodeId = { RpcNode2000-ConnectTo-RpcNode3 } 
2026-04-13 16:36:23.953 DEBUG [nioEventLoopGroup-3-3] BaseServer [org.sunrise.game.core.server.BaseServerPulseHandler:22] - recv ping, cur NodeId = { RpcNode2000 }, from NodeId = { RpcNode3-ConnectTo-RpcNode2000 }, delay = 0 ms 
2026-04-13 16:36:25.991 DEBUG [nioEventLoopGroup-8-1] BaseClient [org.sunrise.game.core.client.BaseClientPulseHandler:27] - send ping, cur NodeId = { RpcNode2000-ConnectTo-RpcNode2 } 
2026-04-13 16:36:26.031 DEBUG [nioEventLoopGroup-3-4] BaseServer [org.sunrise.game.core.server.BaseServerPulseHandler:22] - recv ping, cur NodeId = { RpcNode2000 }, from NodeId = { RpcNode2-ConnectTo-RpcNode2000 }, delay = 0 ms 
2026-04-13 16:36:29.602 DEBUG [nioEventLoopGroup-3-1] BaseServer [org.sunrise.game.core.server.BaseServerPulseHandler:22] - recv ping, cur NodeId = { RpcNode2000 }, from NodeId = { RpcNode100-ConnectTo-RpcNode2000 }, delay = 0 ms 
2026-04-13 16:36:29.610 DEBUG [nioEventLoopGroup-5-1] BaseClient [org.sunrise.game.core.client.BaseClientPulseHandler:27] - send ping, cur NodeId = { RpcNode2000-ConnectTo-RpcNode100 } 
2026-04-13 16:36:31.641 DEBUG [nioEventLoopGroup-6-1] BaseClient [org.sunrise.game.core.client.BaseClientPulseHandler:27] - send ping, cur NodeId = { RpcNode2000-ConnectTo-RpcNode1000 } 
2026-04-13 16:36:31.698 DEBUG [nioEventLoopGroup-3-2] BaseServer [org.sunrise.game.core.server.BaseServerPulseHandler:22] - recv ping, cur NodeId = { RpcNode2000 }, from NodeId = { RpcNode1000-ConnectTo-RpcNode2000 }, delay = 0 ms 
2026-04-13 16:36:33.900 DEBUG [nioEventLoopGroup-7-1] BaseClient [org.sunrise.game.core.client.BaseClientPulseHandler:27] - send ping, cur NodeId = { RpcNode2000-ConnectTo-RpcNode3 } 
2026-04-13 16:36:33.953 DEBUG [nioEventLoopGroup-3-3] BaseServer [org.sunrise.game.core.server.BaseServerPulseHandler:22] - recv ping, cur NodeId = { RpcNode2000 }, from NodeId = { RpcNode3-ConnectTo-RpcNode2000 }, delay = 0 ms 
2026-04-13 16:36:35.991 DEBUG [nioEventLoopGroup-8-1] BaseClient [org.sunrise.game.core.client.BaseClientPulseHandler:27] - send ping, cur NodeId = { RpcNode2000-ConnectTo-RpcNode2 } 
2026-04-13 16:36:36.032 DEBUG [nioEventLoopGroup-3-4] BaseServer [org.sunrise.game.core.server.BaseServerPulseHandler:22] - recv ping, cur NodeId = { RpcNode2000 }, from NodeId = { RpcNode2-ConnectTo-RpcNode2000 }, delay = 0 ms 
2026-04-13 16:36:39.603 DEBUG [nioEventLoopGroup-3-1] BaseServer [org.sunrise.game.core.server.BaseServerPulseHandler:22] - recv ping, cur NodeId = { RpcNode2000 }, from NodeId = { RpcNode100-ConnectTo-RpcNode2000 }, delay = 0 ms 
2026-04-13 16:36:39.611 DEBUG [nioEventLoopGroup-5-1] BaseClient [org.sunrise.game.core.client.BaseClientPulseHandler:27] - send ping, cur NodeId = { RpcNode2000-ConnectTo-RpcNode100 } 
2026-04-13 16:36:41.642 DEBUG [nioEventLoopGroup-6-1] BaseClient [org.sunrise.game.core.client.BaseClientPulseHandler:27] - send ping, cur NodeId = { RpcNode2000-ConnectTo-RpcNode1000 } 
2026-04-13 16:36:41.698 DEBUG [nioEventLoopGroup-3-2] BaseServer [org.sunrise.game.core.server.BaseServerPulseHandler:22] - recv ping, cur NodeId = { RpcNode2000 }, from NodeId = { RpcNode1000-ConnectTo-RpcNode2000 }, delay = 0 ms 
2026-04-13 16:36:43.901 DEBUG [nioEventLoopGroup-7-1] BaseClient [org.sunrise.game.core.client.BaseClientPulseHandler:27] - send ping, cur NodeId = { RpcNode2000-ConnectTo-RpcNode3 } 
2026-04-13 16:36:43.952 DEBUG [nioEventLoopGroup-3-3] BaseServer [org.sunrise.game.core.server.BaseServerPulseHandler:22] - recv ping, cur NodeId = { RpcNode2000 }, from NodeId = { RpcNode3-ConnectTo-RpcNode2000 }, delay = 0 ms 
2026-04-13 16:36:45.991 DEBUG [nioEventLoopGroup-8-1] BaseClient [org.sunrise.game.core.client.BaseClientPulseHandler:27] - send ping, cur NodeId = { RpcNode2000-ConnectTo-RpcNode2 } 
2026-04-13 16:36:46.032 DEBUG [nioEventLoopGroup-3-4] BaseServer [org.sunrise.game.core.server.BaseServerPulseHandler:22] - recv ping, cur NodeId = { RpcNode2000 }, from NodeId = { RpcNode2-ConnectTo-RpcNode2000 }, delay = 0 ms 
2026-04-13 16:36:49.604 DEBUG [nioEventLoopGroup-3-1] BaseServer [org.sunrise.game.core.server.BaseServerPulseHandler:22] - recv ping, cur NodeId = { RpcNode2000 }, from NodeId = { RpcNode100-ConnectTo-RpcNode2000 }, delay = 0 ms 
2026-04-13 16:36:49.611 DEBUG [nioEventLoopGroup-5-1] BaseClient [org.sunrise.game.core.client.BaseClientPulseHandler:27] - send ping, cur NodeId = { RpcNode2000-ConnectTo-RpcNode100 } 
2026-04-13 16:36:51.643 DEBUG [nioEventLoopGroup-6-1] BaseClient [org.sunrise.game.core.client.BaseClientPulseHandler:27] - send ping, cur NodeId = { RpcNode2000-ConnectTo-RpcNode1000 } 
2026-04-13 16:36:51.699 DEBUG [nioEventLoopGroup-3-2] BaseServer [org.sunrise.game.core.server.BaseServerPulseHandler:22] - recv ping, cur NodeId = { RpcNode2000 }, from NodeId = { RpcNode1000-ConnectTo-RpcNode2000 }, delay = 0 ms 
2026-04-13 16:36:53.901 DEBUG [nioEventLoopGroup-7-1] BaseClient [org.sunrise.game.core.client.BaseClientPulseHandler:27] - send ping, cur NodeId = { RpcNode2000-ConnectTo-RpcNode3 } 
2026-04-13 16:36:53.953 DEBUG [nioEventLoopGroup-3-3] BaseServer [org.sunrise.game.core.server.BaseServerPulseHandler:22] - recv ping, cur NodeId = { RpcNode2000 }, from NodeId = { RpcNode3-ConnectTo-RpcNode2000 }, delay = 0 ms 
2026-04-13 16:36:55.991 DEBUG [nioEventLoopGroup-8-1] BaseClient [org.sunrise.game.core.client.BaseClientPulseHandler:27] - send ping, cur NodeId = { RpcNode2000-ConnectTo-RpcNode2 } 
2026-04-13 16:36:56.032 DEBUG [nioEventLoopGroup-3-4] BaseServer [org.sunrise.game.core.server.BaseServerPulseHandler:22] - recv ping, cur NodeId = { RpcNode2000 }, from NodeId = { RpcNode2-ConnectTo-RpcNode2000 }, delay = 0 ms 
2026-04-13 16:36:59.605 DEBUG [nioEventLoopGroup-3-1] BaseServer [org.sunrise.game.core.server.BaseServerPulseHandler:22] - recv ping, cur NodeId = { RpcNode2000 }, from NodeId = { RpcNode100-ConnectTo-RpcNode2000 }, delay = 0 ms 
2026-04-13 16:36:59.612 DEBUG [nioEventLoopGroup-5-1] BaseClient [org.sunrise.game.core.client.BaseClientPulseHandler:27] - send ping, cur NodeId = { RpcNode2000-ConnectTo-RpcNode100 } 
2026-04-13 16:37:01.643 DEBUG [nioEventLoopGroup-6-1] BaseClient [org.sunrise.game.core.client.BaseClientPulseHandler:27] - send ping, cur NodeId = { RpcNode2000-ConnectTo-RpcNode1000 } 
2026-04-13 16:37:01.699 DEBUG [nioEventLoopGroup-3-2] BaseServer [org.sunrise.game.core.server.BaseServerPulseHandler:22] - recv ping, cur NodeId = { RpcNode2000 }, from NodeId = { RpcNode1000-ConnectTo-RpcNode2000 }, delay = 0 ms 
2026-04-13 16:37:03.901 DEBUG [nioEventLoopGroup-7-1] BaseClient [org.sunrise.game.core.client.BaseClientPulseHandler:27] - send ping, cur NodeId = { RpcNode2000-ConnectTo-RpcNode3 } 
2026-04-13 16:37:03.954 DEBUG [nioEventLoopGroup-3-3] BaseServer [org.sunrise.game.core.server.BaseServerPulseHandler:22] - recv ping, cur NodeId = { RpcNode2000 }, from NodeId = { RpcNode3-ConnectTo-RpcNode2000 }, delay = 0 ms 
2026-04-13 16:37:05.991 DEBUG [nioEventLoopGroup-8-1] BaseClient [org.sunrise.game.core.client.BaseClientPulseHandler:27] - send ping, cur NodeId = { RpcNode2000-ConnectTo-RpcNode2 } 
2026-04-13 16:37:06.032 DEBUG [nioEventLoopGroup-3-4] BaseServer [org.sunrise.game.core.server.BaseServerPulseHandler:22] - recv ping, cur NodeId = { RpcNode2000 }, from NodeId = { RpcNode2-ConnectTo-RpcNode2000 }, delay = 0 ms 
2026-04-13 16:37:09.140 INFO  [CheckMemory] ServerStartUp [org.sunrise.game.utils.Utils:125] - Memory : {  total memory: 256 MB, free memory: 198 MB, used memory: 57 MB } 
2026-04-13 16:37:09.605 DEBUG [nioEventLoopGroup-3-1] BaseServer [org.sunrise.game.core.server.BaseServerPulseHandler:22] - recv ping, cur NodeId = { RpcNode2000 }, from NodeId = { RpcNode100-ConnectTo-RpcNode2000 }, delay = 0 ms 
2026-04-13 16:37:09.613 DEBUG [nioEventLoopGroup-5-1] BaseClient [org.sunrise.game.core.client.BaseClientPulseHandler:27] - send ping, cur NodeId = { RpcNode2000-ConnectTo-RpcNode100 } 
2026-04-13 16:37:11.643 DEBUG [nioEventLoopGroup-6-1] BaseClient [org.sunrise.game.core.client.BaseClientPulseHandler:27] - send ping, cur NodeId = { RpcNode2000-ConnectTo-RpcNode1000 } 
2026-04-13 16:37:11.699 DEBUG [nioEventLoopGroup-3-2] BaseServer [org.sunrise.game.core.server.BaseServerPulseHandler:22] - recv ping, cur NodeId = { RpcNode2000 }, from NodeId = { RpcNode1000-ConnectTo-RpcNode2000 }, delay = 0 ms 
2026-04-13 16:37:13.901 DEBUG [nioEventLoopGroup-7-1] BaseClient [org.sunrise.game.core.client.BaseClientPulseHandler:27] - send ping, cur NodeId = { RpcNode2000-ConnectTo-RpcNode3 } 
2026-04-13 16:37:13.955 DEBUG [nioEventLoopGroup-3-3] BaseServer [org.sunrise.game.core.server.BaseServerPulseHandler:22] - recv ping, cur NodeId = { RpcNode2000 }, from NodeId = { RpcNode3-ConnectTo-RpcNode2000 }, delay = 0 ms 
2026-04-13 16:37:15.599 DEBUG [RpcServerMessageManager] RpcServer [org.sunrise.game.rpc.message.RpcServerMessageManager:37] - recv call, callId = 28, messageId = { 202825785530097669 }, cur NodeId = { RpcNode2000 }, from NodeId = { RpcNode1000-ConnectTo-RpcNode2000 }, data = { [humanId, 202825785504931845, name, Human, level, 0, headIcon, default, sex, 1, fightPower, 0] } 
2026-04-13 16:37:15.604 DEBUG [RpcServerMessageManager] RpcServer [org.sunrise.game.rpc.message.RpcServerMessageManager:37] - recv call, callId = 11, messageId = { 202825785555263493 }, cur NodeId = { RpcNode2000 }, from NodeId = { RpcNode1000-ConnectTo-RpcNode2000 }, data = { [humanId, 202825785504931845] } 
2026-04-13 16:37:15.605 DEBUG [RpcServerMessageManager] RpcServer [org.sunrise.game.rpc.message.RpcServerMessageManager:37] - recv call, callId = 10, messageId = { 202825785567846405 }, cur NodeId = { RpcNode2000 }, from NodeId = { RpcNode1000-ConnectTo-RpcNode2000 }, data = { [targetHumanId, 202825785504931845] } 
2026-04-13 16:37:15.606 DEBUG [RpcServerMessageManager] RpcServer [org.sunrise.game.rpc.message.RpcServerMessageManager:37] - recv call, callId = 19, messageId = { 202825785567846406 }, cur NodeId = { RpcNode2000 }, from NodeId = { RpcNode1000-ConnectTo-RpcNode2000 }, data = { [humanId, 202825785504931845] } 
2026-04-13 16:37:15.992 DEBUG [nioEventLoopGroup-8-1] BaseClient [org.sunrise.game.core.client.BaseClientPulseHandler:27] - send ping, cur NodeId = { RpcNode2000-ConnectTo-RpcNode2 } 
2026-04-13 16:37:16.032 DEBUG [nioEventLoopGroup-3-4] BaseServer [org.sunrise.game.core.server.BaseServerPulseHandler:22] - recv ping, cur NodeId = { RpcNode2000 }, from NodeId = { RpcNode2-ConnectTo-RpcNode2000 }, delay = 0 ms 
2026-04-13 16:37:19.605 DEBUG [nioEventLoopGroup-3-1] BaseServer [org.sunrise.game.core.server.BaseServerPulseHandler:22] - recv ping, cur NodeId = { RpcNode2000 }, from NodeId = { RpcNode100-ConnectTo-RpcNode2000 }, delay = 0 ms 
2026-04-13 16:37:19.613 DEBUG [nioEventLoopGroup-5-1] BaseClient [org.sunrise.game.core.client.BaseClientPulseHandler:27] - send ping, cur NodeId = { RpcNode2000-ConnectTo-RpcNode100 } 
2026-04-13 16:37:21.643 DEBUG [nioEventLoopGroup-6-1] BaseClient [org.sunrise.game.core.client.BaseClientPulseHandler:27] - send ping, cur NodeId = { RpcNode2000-ConnectTo-RpcNode1000 } 
2026-04-13 16:37:23.902 DEBUG [nioEventLoopGroup-7-1] BaseClient [org.sunrise.game.core.client.BaseClientPulseHandler:27] - send ping, cur NodeId = { RpcNode2000-ConnectTo-RpcNode3 } 
2026-04-13 16:37:23.955 DEBUG [nioEventLoopGroup-3-3] BaseServer [org.sunrise.game.core.server.BaseServerPulseHandler:22] - recv ping, cur NodeId = { RpcNode2000 }, from NodeId = { RpcNode3-ConnectTo-RpcNode2000 }, delay = 0 ms 
2026-04-13 16:37:25.605 DEBUG [nioEventLoopGroup-3-2] BaseServer [org.sunrise.game.core.server.BaseServerPulseHandler:22] - recv ping, cur NodeId = { RpcNode2000 }, from NodeId = { RpcNode1000-ConnectTo-RpcNode2000 }, delay = 0 ms 
2026-04-13 16:37:25.993 DEBUG [nioEventLoopGroup-8-1] BaseClient [org.sunrise.game.core.client.BaseClientPulseHandler:27] - send ping, cur NodeId = { RpcNode2000-ConnectTo-RpcNode2 } 
2026-04-13 16:37:26.033 DEBUG [nioEventLoopGroup-3-4] BaseServer [org.sunrise.game.core.server.BaseServerPulseHandler:22] - recv ping, cur NodeId = { RpcNode2000 }, from NodeId = { RpcNode2-ConnectTo-RpcNode2000 }, delay = 0 ms 
2026-04-13 16:37:29.606 DEBUG [nioEventLoopGroup-3-1] BaseServer [org.sunrise.game.core.server.BaseServerPulseHandler:22] - recv ping, cur NodeId = { RpcNode2000 }, from NodeId = { RpcNode100-ConnectTo-RpcNode2000 }, delay = 0 ms 
2026-04-13 16:37:29.613 DEBUG [nioEventLoopGroup-5-1] BaseClient [org.sunrise.game.core.client.BaseClientPulseHandler:27] - send ping, cur NodeId = { RpcNode2000-ConnectTo-RpcNode100 } 
2026-04-13 16:37:31.644 DEBUG [nioEventLoopGroup-6-1] BaseClient [org.sunrise.game.core.client.BaseClientPulseHandler:27] - send ping, cur NodeId = { RpcNode2000-ConnectTo-RpcNode1000 } 
2026-04-13 16:37:33.903 DEBUG [nioEventLoopGroup-7-1] BaseClient [org.sunrise.game.core.client.BaseClientPulseHandler:27] - send ping, cur NodeId = { RpcNode2000-ConnectTo-RpcNode3 } 
2026-04-13 16:37:33.955 DEBUG [nioEventLoopGroup-3-3] BaseServer [org.sunrise.game.core.server.BaseServerPulseHandler:22] - recv ping, cur NodeId = { RpcNode2000 }, from NodeId = { RpcNode3-ConnectTo-RpcNode2000 }, delay = 0 ms 
2026-04-13 16:37:35.606 DEBUG [nioEventLoopGroup-3-2] BaseServer [org.sunrise.game.core.server.BaseServerPulseHandler:22] - recv ping, cur NodeId = { RpcNode2000 }, from NodeId = { RpcNode1000-ConnectTo-RpcNode2000 }, delay = 0 ms 
2026-04-13 16:37:35.993 DEBUG [nioEventLoopGroup-8-1] BaseClient [org.sunrise.game.core.client.BaseClientPulseHandler:27] - send ping, cur NodeId = { RpcNode2000-ConnectTo-RpcNode2 } 
2026-04-13 16:37:36.034 DEBUG [nioEventLoopGroup-3-4] BaseServer [org.sunrise.game.core.server.BaseServerPulseHandler:22] - recv ping, cur NodeId = { RpcNode2000 }, from NodeId = { RpcNode2-ConnectTo-RpcNode2000 }, delay = 0 ms 
2026-04-13 16:37:39.606 DEBUG [nioEventLoopGroup-3-1] BaseServer [org.sunrise.game.core.server.BaseServerPulseHandler:22] - recv ping, cur NodeId = { RpcNode2000 }, from NodeId = { RpcNode100-ConnectTo-RpcNode2000 }, delay = 0 ms 
2026-04-13 16:37:39.613 DEBUG [nioEventLoopGroup-5-1] BaseClient [org.sunrise.game.core.client.BaseClientPulseHandler:27] - send ping, cur NodeId = { RpcNode2000-ConnectTo-RpcNode100 } 
2026-04-13 16:37:41.644 DEBUG [nioEventLoopGroup-6-1] BaseClient [org.sunrise.game.core.client.BaseClientPulseHandler:27] - send ping, cur NodeId = { RpcNode2000-ConnectTo-RpcNode1000 } 
2026-04-13 16:37:42.417 DEBUG [RpcServerMessageManager] RpcServer [org.sunrise.game.rpc.message.RpcServerMessageManager:37] - recv call, callId = 3, messageId = { 202825898029719557 }, cur NodeId = { RpcNode2000 }, from NodeId = { RpcNode1000-ConnectTo-RpcNode2000 }, data = { [humanId, 202825785504931845, type, 1, message, 大家好] } 
2026-04-13 16:37:42.419 DEBUG [RpcServerMessageManager] RpcClient [org.sunrise.game.rpc.function.RpcFunction:106] - rpc call, callId = 1, messageId = { 202825898055909381 }, params = [humanId, 202825785504931845, type, 1, message, 大家好, time, 1776069462419] 
2026-04-13 16:37:43.903 DEBUG [nioEventLoopGroup-7-1] BaseClient [org.sunrise.game.core.client.BaseClientPulseHandler:27] - send ping, cur NodeId = { RpcNode2000-ConnectTo-RpcNode3 } 
2026-04-13 16:37:43.956 DEBUG [nioEventLoopGroup-3-3] BaseServer [org.sunrise.game.core.server.BaseServerPulseHandler:22] - recv ping, cur NodeId = { RpcNode2000 }, from NodeId = { RpcNode3-ConnectTo-RpcNode2000 }, delay = 0 ms 
2026-04-13 16:37:45.993 DEBUG [nioEventLoopGroup-8-1] BaseClient [org.sunrise.game.core.client.BaseClientPulseHandler:27] - send ping, cur NodeId = { RpcNode2000-ConnectTo-RpcNode2 } 
2026-04-13 16:37:46.034 DEBUG [nioEventLoopGroup-3-4] BaseServer [org.sunrise.game.core.server.BaseServerPulseHandler:22] - recv ping, cur NodeId = { RpcNode2000 }, from NodeId = { RpcNode2-ConnectTo-RpcNode2000 }, delay = 0 ms 
2026-04-13 16:37:49.607 DEBUG [nioEventLoopGroup-3-1] BaseServer [org.sunrise.game.core.server.BaseServerPulseHandler:22] - recv ping, cur NodeId = { RpcNode2000 }, from NodeId = { RpcNode100-ConnectTo-RpcNode2000 }, delay = 0 ms 
2026-04-13 16:37:49.613 DEBUG [nioEventLoopGroup-5-1] BaseClient [org.sunrise.game.core.client.BaseClientPulseHandler:27] - send ping, cur NodeId = { RpcNode2000-ConnectTo-RpcNode100 } 
2026-04-13 16:37:52.416 DEBUG [nioEventLoopGroup-3-2] BaseServer [org.sunrise.game.core.server.BaseServerPulseHandler:22] - recv ping, cur NodeId = { RpcNode2000 }, from NodeId = { RpcNode1000-ConnectTo-RpcNode2000 }, delay = 0 ms 
2026-04-13 16:37:52.423 DEBUG [nioEventLoopGroup-6-1] BaseClient [org.sunrise.game.core.client.BaseClientPulseHandler:27] - send ping, cur NodeId = { RpcNode2000-ConnectTo-RpcNode1000 } 
2026-04-13 16:37:53.904 DEBUG [nioEventLoopGroup-7-1] BaseClient [org.sunrise.game.core.client.BaseClientPulseHandler:27] - send ping, cur NodeId = { RpcNode2000-ConnectTo-RpcNode3 } 
2026-04-13 16:37:53.957 DEBUG [nioEventLoopGroup-3-3] BaseServer [org.sunrise.game.core.server.BaseServerPulseHandler:22] - recv ping, cur NodeId = { RpcNode2000 }, from NodeId = { RpcNode3-ConnectTo-RpcNode2000 }, delay = 0 ms 
2026-04-13 16:37:55.993 DEBUG [nioEventLoopGroup-8-1] BaseClient [org.sunrise.game.core.client.BaseClientPulseHandler:27] - send ping, cur NodeId = { RpcNode2000-ConnectTo-RpcNode2 } 
2026-04-13 16:37:56.035 DEBUG [nioEventLoopGroup-3-4] BaseServer [org.sunrise.game.core.server.BaseServerPulseHandler:22] - recv ping, cur NodeId = { RpcNode2000 }, from NodeId = { RpcNode2-ConnectTo-RpcNode2000 }, delay = 0 ms 
2026-04-13 16:37:59.608 DEBUG [nioEventLoopGroup-3-1] BaseServer [org.sunrise.game.core.server.BaseServerPulseHandler:22] - recv ping, cur NodeId = { RpcNode2000 }, from NodeId = { RpcNode100-ConnectTo-RpcNode2000 }, delay = 0 ms 
2026-04-13 16:37:59.613 DEBUG [nioEventLoopGroup-5-1] BaseClient [org.sunrise.game.core.client.BaseClientPulseHandler:27] - send ping, cur NodeId = { RpcNode2000-ConnectTo-RpcNode100 } 
2026-04-13 16:38:02.416 DEBUG [nioEventLoopGroup-3-2] BaseServer [org.sunrise.game.core.server.BaseServerPulseHandler:22] - recv ping, cur NodeId = { RpcNode2000 }, from NodeId = { RpcNode1000-ConnectTo-RpcNode2000 }, delay = 0 ms 
2026-04-13 16:38:02.424 DEBUG [nioEventLoopGroup-6-1] BaseClient [org.sunrise.game.core.client.BaseClientPulseHandler:27] - send ping, cur NodeId = { RpcNode2000-ConnectTo-RpcNode1000 } 
2026-04-13 16:38:03.904 DEBUG [nioEventLoopGroup-7-1] BaseClient [org.sunrise.game.core.client.BaseClientPulseHandler:27] - send ping, cur NodeId = { RpcNode2000-ConnectTo-RpcNode3 } 
2026-04-13 16:38:03.959 DEBUG [nioEventLoopGroup-3-3] BaseServer [org.sunrise.game.core.server.BaseServerPulseHandler:22] - recv ping, cur NodeId = { RpcNode2000 }, from NodeId = { RpcNode3-ConnectTo-RpcNode2000 }, delay = 0 ms 
2026-04-13 16:38:05.994 DEBUG [nioEventLoopGroup-8-1] BaseClient [org.sunrise.game.core.client.BaseClientPulseHandler:27] - send ping, cur NodeId = { RpcNode2000-ConnectTo-RpcNode2 } 
2026-04-13 16:38:06.035 DEBUG [nioEventLoopGroup-3-4] BaseServer [org.sunrise.game.core.server.BaseServerPulseHandler:22] - recv ping, cur NodeId = { RpcNode2000 }, from NodeId = { RpcNode2-ConnectTo-RpcNode2000 }, delay = 0 ms 
2026-04-13 16:38:09.143 INFO  [CheckMemory] ServerStartUp [org.sunrise.game.utils.Utils:125] - Memory : {  total memory: 256 MB, free memory: 195 MB, used memory: 60 MB } 
2026-04-13 16:38:09.608 DEBUG [nioEventLoopGroup-3-1] BaseServer [org.sunrise.game.core.server.BaseServerPulseHandler:22] - recv ping, cur NodeId = { RpcNode2000 }, from NodeId = { RpcNode100-ConnectTo-RpcNode2000 }, delay = 0 ms 
2026-04-13 16:38:09.615 DEBUG [nioEventLoopGroup-5-1] BaseClient [org.sunrise.game.core.client.BaseClientPulseHandler:27] - send ping, cur NodeId = { RpcNode2000-ConnectTo-RpcNode100 } 
2026-04-13 16:38:12.416 DEBUG [nioEventLoopGroup-3-2] BaseServer [org.sunrise.game.core.server.BaseServerPulseHandler:22] - recv ping, cur NodeId = { RpcNode2000 }, from NodeId = { RpcNode1000-ConnectTo-RpcNode2000 }, delay = 0 ms 
2026-04-13 16:38:12.423 DEBUG [nioEventLoopGroup-6-1] BaseClient [org.sunrise.game.core.client.BaseClientPulseHandler:27] - send ping, cur NodeId = { RpcNode2000-ConnectTo-RpcNode1000 } 
2026-04-13 16:38:13.904 DEBUG [nioEventLoopGroup-7-1] BaseClient [org.sunrise.game.core.client.BaseClientPulseHandler:27] - send ping, cur NodeId = { RpcNode2000-ConnectTo-RpcNode3 } 
2026-04-13 16:38:13.959 DEBUG [nioEventLoopGroup-3-3] BaseServer [org.sunrise.game.core.server.BaseServerPulseHandler:22] - recv ping, cur NodeId = { RpcNode2000 }, from NodeId = { RpcNode3-ConnectTo-RpcNode2000 }, delay = 0 ms 
2026-04-13 16:38:15.994 DEBUG [nioEventLoopGroup-8-1] BaseClient [org.sunrise.game.core.client.BaseClientPulseHandler:27] - send ping, cur NodeId = { RpcNode2000-ConnectTo-RpcNode2 } 
2026-04-13 16:38:16.036 DEBUG [nioEventLoopGroup-3-4] BaseServer [org.sunrise.game.core.server.BaseServerPulseHandler:22] - recv ping, cur NodeId = { RpcNode2000 }, from NodeId = { RpcNode2-ConnectTo-RpcNode2000 }, delay = 0 ms 
2026-04-13 16:38:19.609 DEBUG [nioEventLoopGroup-3-1] BaseServer [org.sunrise.game.core.server.BaseServerPulseHandler:22] - recv ping, cur NodeId = { RpcNode2000 }, from NodeId = { RpcNode100-ConnectTo-RpcNode2000 }, delay = 0 ms 
2026-04-13 16:38:19.615 DEBUG [nioEventLoopGroup-5-1] BaseClient [org.sunrise.game.core.client.BaseClientPulseHandler:27] - send ping, cur NodeId = { RpcNode2000-ConnectTo-RpcNode100 } 
2026-04-13 16:38:22.418 DEBUG [nioEventLoopGroup-3-2] BaseServer [org.sunrise.game.core.server.BaseServerPulseHandler:22] - recv ping, cur NodeId = { RpcNode2000 }, from NodeId = { RpcNode1000-ConnectTo-RpcNode2000 }, delay = 0 ms 
2026-04-13 16:38:22.425 DEBUG [nioEventLoopGroup-6-1] BaseClient [org.sunrise.game.core.client.BaseClientPulseHandler:27] - send ping, cur NodeId = { RpcNode2000-ConnectTo-RpcNode1000 } 
2026-04-13 16:38:23.904 DEBUG [nioEventLoopGroup-7-1] BaseClient [org.sunrise.game.core.client.BaseClientPulseHandler:27] - send ping, cur NodeId = { RpcNode2000-ConnectTo-RpcNode3 } 
2026-04-13 16:38:23.959 DEBUG [nioEventLoopGroup-3-3] BaseServer [org.sunrise.game.core.server.BaseServerPulseHandler:22] - recv ping, cur NodeId = { RpcNode2000 }, from NodeId = { RpcNode3-ConnectTo-RpcNode2000 }, delay = 0 ms 
2026-04-13 16:38:25.994 DEBUG [nioEventLoopGroup-8-1] BaseClient [org.sunrise.game.core.client.BaseClientPulseHandler:27] - send ping, cur NodeId = { RpcNode2000-ConnectTo-RpcNode2 } 
2026-04-13 16:38:26.036 DEBUG [nioEventLoopGroup-3-4] BaseServer [org.sunrise.game.core.server.BaseServerPulseHandler:22] - recv ping, cur NodeId = { RpcNode2000 }, from NodeId = { RpcNode2-ConnectTo-RpcNode2000 }, delay = 0 ms 
2026-04-13 16:38:29.609 DEBUG [nioEventLoopGroup-3-1] BaseServer [org.sunrise.game.core.server.BaseServerPulseHandler:22] - recv ping, cur NodeId = { RpcNode2000 }, from NodeId = { RpcNode100-ConnectTo-RpcNode2000 }, delay = 0 ms 
2026-04-13 16:38:29.616 DEBUG [nioEventLoopGroup-5-1] BaseClient [org.sunrise.game.core.client.BaseClientPulseHandler:27] - send ping, cur NodeId = { RpcNode2000-ConnectTo-RpcNode100 } 
2026-04-13 16:38:32.419 DEBUG [nioEventLoopGroup-3-2] BaseServer [org.sunrise.game.core.server.BaseServerPulseHandler:22] - recv ping, cur NodeId = { RpcNode2000 }, from NodeId = { RpcNode1000-ConnectTo-RpcNode2000 }, delay = 0 ms 
2026-04-13 16:38:32.426 DEBUG [nioEventLoopGroup-6-1] BaseClient [org.sunrise.game.core.client.BaseClientPulseHandler:27] - send ping, cur NodeId = { RpcNode2000-ConnectTo-RpcNode1000 } 
2026-04-13 16:38:33.904 DEBUG [nioEventLoopGroup-7-1] BaseClient [org.sunrise.game.core.client.BaseClientPulseHandler:27] - send ping, cur NodeId = { RpcNode2000-ConnectTo-RpcNode3 } 
2026-04-13 16:38:33.959 DEBUG [nioEventLoopGroup-3-3] BaseServer [org.sunrise.game.core.server.BaseServerPulseHandler:22] - recv ping, cur NodeId = { RpcNode2000 }, from NodeId = { RpcNode3-ConnectTo-RpcNode2000 }, delay = 0 ms 
2026-04-13 16:38:35.994 DEBUG [nioEventLoopGroup-8-1] BaseClient [org.sunrise.game.core.client.BaseClientPulseHandler:27] - send ping, cur NodeId = { RpcNode2000-ConnectTo-RpcNode2 } 
2026-04-13 16:38:36.037 DEBUG [nioEventLoopGroup-3-4] BaseServer [org.sunrise.game.core.server.BaseServerPulseHandler:22] - recv ping, cur NodeId = { RpcNode2000 }, from NodeId = { RpcNode2-ConnectTo-RpcNode2000 }, delay = 0 ms 
2026-04-13 16:38:39.610 DEBUG [nioEventLoopGroup-3-1] BaseServer [org.sunrise.game.core.server.BaseServerPulseHandler:22] - recv ping, cur NodeId = { RpcNode2000 }, from NodeId = { RpcNode100-ConnectTo-RpcNode2000 }, delay = 0 ms 
2026-04-13 16:38:39.617 DEBUG [nioEventLoopGroup-5-1] BaseClient [org.sunrise.game.core.client.BaseClientPulseHandler:27] - send ping, cur NodeId = { RpcNode2000-ConnectTo-RpcNode100 } 
2026-04-13 16:38:42.419 DEBUG [nioEventLoopGroup-3-2] BaseServer [org.sunrise.game.core.server.BaseServerPulseHandler:22] - recv ping, cur NodeId = { RpcNode2000 }, from NodeId = { RpcNode1000-ConnectTo-RpcNode2000 }, delay = 0 ms 
2026-04-13 16:38:42.426 DEBUG [nioEventLoopGroup-6-1] BaseClient [org.sunrise.game.core.client.BaseClientPulseHandler:27] - send ping, cur NodeId = { RpcNode2000-ConnectTo-RpcNode1000 } 
2026-04-13 16:38:43.905 DEBUG [nioEventLoopGroup-7-1] BaseClient [org.sunrise.game.core.client.BaseClientPulseHandler:27] - send ping, cur NodeId = { RpcNode2000-ConnectTo-RpcNode3 } 
2026-04-13 16:38:43.960 DEBUG [nioEventLoopGroup-3-3] BaseServer [org.sunrise.game.core.server.BaseServerPulseHandler:22] - recv ping, cur NodeId = { RpcNode2000 }, from NodeId = { RpcNode3-ConnectTo-RpcNode2000 }, delay = 0 ms 
2026-04-13 16:38:45.995 DEBUG [nioEventLoopGroup-8-1] BaseClient [org.sunrise.game.core.client.BaseClientPulseHandler:27] - send ping, cur NodeId = { RpcNode2000-ConnectTo-RpcNode2 } 
2026-04-13 16:38:46.038 DEBUG [nioEventLoopGroup-3-4] BaseServer [org.sunrise.game.core.server.BaseServerPulseHandler:22] - recv ping, cur NodeId = { RpcNode2000 }, from NodeId = { RpcNode2-ConnectTo-RpcNode2000 }, delay = 0 ms 
2026-04-13 16:38:49.611 DEBUG [nioEventLoopGroup-3-1] BaseServer [org.sunrise.game.core.server.BaseServerPulseHandler:22] - recv ping, cur NodeId = { RpcNode2000 }, from NodeId = { RpcNode100-ConnectTo-RpcNode2000 }, delay = 0 ms 
2026-04-13 16:38:49.618 DEBUG [nioEventLoopGroup-5-1] BaseClient [org.sunrise.game.core.client.BaseClientPulseHandler:27] - send ping, cur NodeId = { RpcNode2000-ConnectTo-RpcNode100 } 
2026-04-13 16:38:52.420 DEBUG [nioEventLoopGroup-3-2] BaseServer [org.sunrise.game.core.server.BaseServerPulseHandler:22] - recv ping, cur NodeId = { RpcNode2000 }, from NodeId = { RpcNode1000-ConnectTo-RpcNode2000 }, delay = 0 ms 
2026-04-13 16:38:52.426 DEBUG [nioEventLoopGroup-6-1] BaseClient [org.sunrise.game.core.client.BaseClientPulseHandler:27] - send ping, cur NodeId = { RpcNode2000-ConnectTo-RpcNode1000 } 
2026-04-13 16:38:53.906 DEBUG [nioEventLoopGroup-7-1] BaseClient [org.sunrise.game.core.client.BaseClientPulseHandler:27] - send ping, cur NodeId = { RpcNode2000-ConnectTo-RpcNode3 } 
2026-04-13 16:38:53.961 DEBUG [nioEventLoopGroup-3-3] BaseServer [org.sunrise.game.core.server.BaseServerPulseHandler:22] - recv ping, cur NodeId = { RpcNode2000 }, from NodeId = { RpcNode3-ConnectTo-RpcNode2000 }, delay = 0 ms 
2026-04-13 16:38:55.996 DEBUG [nioEventLoopGroup-8-1] BaseClient [org.sunrise.game.core.client.BaseClientPulseHandler:27] - send ping, cur NodeId = { RpcNode2000-ConnectTo-RpcNode2 } 
2026-04-13 16:38:56.039 DEBUG [nioEventLoopGroup-3-4] BaseServer [org.sunrise.game.core.server.BaseServerPulseHandler:22] - recv ping, cur NodeId = { RpcNode2000 }, from NodeId = { RpcNode2-ConnectTo-RpcNode2000 }, delay = 0 ms 
2026-04-13 16:38:59.611 DEBUG [nioEventLoopGroup-3-1] BaseServer [org.sunrise.game.core.server.BaseServerPulseHandler:22] - recv ping, cur NodeId = { RpcNode2000 }, from NodeId = { RpcNode100-ConnectTo-RpcNode2000 }, delay = 0 ms 
2026-04-13 16:38:59.618 DEBUG [nioEventLoopGroup-5-1] BaseClient [org.sunrise.game.core.client.BaseClientPulseHandler:27] - send ping, cur NodeId = { RpcNode2000-ConnectTo-RpcNode100 } 
2026-04-13 16:39:02.420 DEBUG [nioEventLoopGroup-3-2] BaseServer [org.sunrise.game.core.server.BaseServerPulseHandler:22] - recv ping, cur NodeId = { RpcNode2000 }, from NodeId = { RpcNode1000-ConnectTo-RpcNode2000 }, delay = 0 ms 
2026-04-13 16:39:02.426 DEBUG [nioEventLoopGroup-6-1] BaseClient [org.sunrise.game.core.client.BaseClientPulseHandler:27] - send ping, cur NodeId = { RpcNode2000-ConnectTo-RpcNode1000 } 
2026-04-13 16:39:03.907 DEBUG [nioEventLoopGroup-7-1] BaseClient [org.sunrise.game.core.client.BaseClientPulseHandler:27] - send ping, cur NodeId = { RpcNode2000-ConnectTo-RpcNode3 } 
2026-04-13 16:39:03.962 DEBUG [nioEventLoopGroup-3-3] BaseServer [org.sunrise.game.core.server.BaseServerPulseHandler:22] - recv ping, cur NodeId = { RpcNode2000 }, from NodeId = { RpcNode3-ConnectTo-RpcNode2000 }, delay = 0 ms 
2026-04-13 16:39:05.996 DEBUG [nioEventLoopGroup-8-1] BaseClient [org.sunrise.game.core.client.BaseClientPulseHandler:27] - send ping, cur NodeId = { RpcNode2000-ConnectTo-RpcNode2 } 
2026-04-13 16:39:06.040 DEBUG [nioEventLoopGroup-3-4] BaseServer [org.sunrise.game.core.server.BaseServerPulseHandler:22] - recv ping, cur NodeId = { RpcNode2000 }, from NodeId = { RpcNode2-ConnectTo-RpcNode2000 }, delay = 0 ms 
2026-04-13 16:39:09.143 INFO  [CheckMemory] ServerStartUp [org.sunrise.game.utils.Utils:125] - Memory : {  total memory: 256 MB, free memory: 195 MB, used memory: 60 MB } 
2026-04-13 16:39:09.611 DEBUG [nioEventLoopGroup-3-1] BaseServer [org.sunrise.game.core.server.BaseServerPulseHandler:22] - recv ping, cur NodeId = { RpcNode2000 }, from NodeId = { RpcNode100-ConnectTo-RpcNode2000 }, delay = 0 ms 
2026-04-13 16:39:09.619 DEBUG [nioEventLoopGroup-5-1] BaseClient [org.sunrise.game.core.client.BaseClientPulseHandler:27] - send ping, cur NodeId = { RpcNode2000-ConnectTo-RpcNode100 } 
2026-04-13 16:39:12.420 DEBUG [nioEventLoopGroup-3-2] BaseServer [org.sunrise.game.core.server.BaseServerPulseHandler:22] - recv ping, cur NodeId = { RpcNode2000 }, from NodeId = { RpcNode1000-ConnectTo-RpcNode2000 }, delay = 0 ms 
2026-04-13 16:39:12.426 DEBUG [nioEventLoopGroup-6-1] BaseClient [org.sunrise.game.core.client.BaseClientPulseHandler:27] - send ping, cur NodeId = { RpcNode2000-ConnectTo-RpcNode1000 } 
2026-04-13 16:39:13.907 DEBUG [nioEventLoopGroup-7-1] BaseClient [org.sunrise.game.core.client.BaseClientPulseHandler:27] - send ping, cur NodeId = { RpcNode2000-ConnectTo-RpcNode3 } 
2026-04-13 16:39:13.963 DEBUG [nioEventLoopGroup-3-3] BaseServer [org.sunrise.game.core.server.BaseServerPulseHandler:22] - recv ping, cur NodeId = { RpcNode2000 }, from NodeId = { RpcNode3-ConnectTo-RpcNode2000 }, delay = 0 ms 
2026-04-13 16:39:15.997 DEBUG [nioEventLoopGroup-8-1] BaseClient [org.sunrise.game.core.client.BaseClientPulseHandler:27] - send ping, cur NodeId = { RpcNode2000-ConnectTo-RpcNode2 } 
2026-04-13 16:39:16.040 DEBUG [nioEventLoopGroup-3-4] BaseServer [org.sunrise.game.core.server.BaseServerPulseHandler:22] - recv ping, cur NodeId = { RpcNode2000 }, from NodeId = { RpcNode2-ConnectTo-RpcNode2000 }, delay = 0 ms 
2026-04-13 16:39:19.612 DEBUG [nioEventLoopGroup-3-1] BaseServer [org.sunrise.game.core.server.BaseServerPulseHandler:22] - recv ping, cur NodeId = { RpcNode2000 }, from NodeId = { RpcNode100-ConnectTo-RpcNode2000 }, delay = 0 ms 
2026-04-13 16:39:19.620 DEBUG [nioEventLoopGroup-5-1] BaseClient [org.sunrise.game.core.client.BaseClientPulseHandler:27] - send ping, cur NodeId = { RpcNode2000-ConnectTo-RpcNode100 } 
2026-04-13 16:39:22.420 DEBUG [nioEventLoopGroup-3-2] BaseServer [org.sunrise.game.core.server.BaseServerPulseHandler:22] - recv ping, cur NodeId = { RpcNode2000 }, from NodeId = { RpcNode1000-ConnectTo-RpcNode2000 }, delay = 0 ms 
2026-04-13 16:39:22.427 DEBUG [nioEventLoopGroup-6-1] BaseClient [org.sunrise.game.core.client.BaseClientPulseHandler:27] - send ping, cur NodeId = { RpcNode2000-ConnectTo-RpcNode1000 } 
2026-04-13 16:39:23.908 DEBUG [nioEventLoopGroup-7-1] BaseClient [org.sunrise.game.core.client.BaseClientPulseHandler:27] - send ping, cur NodeId = { RpcNode2000-ConnectTo-RpcNode3 } 
2026-04-13 16:39:23.964 DEBUG [nioEventLoopGroup-3-3] BaseServer [org.sunrise.game.core.server.BaseServerPulseHandler:22] - recv ping, cur NodeId = { RpcNode2000 }, from NodeId = { RpcNode3-ConnectTo-RpcNode2000 }, delay = 0 ms 
2026-04-13 16:39:25.998 DEBUG [nioEventLoopGroup-8-1] BaseClient [org.sunrise.game.core.client.BaseClientPulseHandler:27] - send ping, cur NodeId = { RpcNode2000-ConnectTo-RpcNode2 } 
2026-04-13 16:39:26.041 DEBUG [nioEventLoopGroup-3-4] BaseServer [org.sunrise.game.core.server.BaseServerPulseHandler:22] - recv ping, cur NodeId = { RpcNode2000 }, from NodeId = { RpcNode2-ConnectTo-RpcNode2000 }, delay = 0 ms 
2026-04-13 16:39:29.613 DEBUG [nioEventLoopGroup-3-1] BaseServer [org.sunrise.game.core.server.BaseServerPulseHandler:22] - recv ping, cur NodeId = { RpcNode2000 }, from NodeId = { RpcNode100-ConnectTo-RpcNode2000 }, delay = 0 ms 
2026-04-13 16:39:29.621 DEBUG [nioEventLoopGroup-5-1] BaseClient [org.sunrise.game.core.client.BaseClientPulseHandler:27] - send ping, cur NodeId = { RpcNode2000-ConnectTo-RpcNode100 } 
2026-04-13 16:39:32.422 DEBUG [nioEventLoopGroup-3-2] BaseServer [org.sunrise.game.core.server.BaseServerPulseHandler:22] - recv ping, cur NodeId = { RpcNode2000 }, from NodeId = { RpcNode1000-ConnectTo-RpcNode2000 }, delay = 0 ms 
2026-04-13 16:39:32.427 DEBUG [nioEventLoopGroup-6-1] BaseClient [org.sunrise.game.core.client.BaseClientPulseHandler:27] - send ping, cur NodeId = { RpcNode2000-ConnectTo-RpcNode1000 } 
2026-04-13 16:39:33.908 DEBUG [nioEventLoopGroup-7-1] BaseClient [org.sunrise.game.core.client.BaseClientPulseHandler:27] - send ping, cur NodeId = { RpcNode2000-ConnectTo-RpcNode3 } 
2026-04-13 16:39:33.964 DEBUG [nioEventLoopGroup-3-3] BaseServer [org.sunrise.game.core.server.BaseServerPulseHandler:22] - recv ping, cur NodeId = { RpcNode2000 }, from NodeId = { RpcNode3-ConnectTo-RpcNode2000 }, delay = 0 ms 
2026-04-13 16:39:35.998 DEBUG [nioEventLoopGroup-8-1] BaseClient [org.sunrise.game.core.client.BaseClientPulseHandler:27] - send ping, cur NodeId = { RpcNode2000-ConnectTo-RpcNode2 } 
2026-04-13 16:39:36.042 DEBUG [nioEventLoopGroup-3-4] BaseServer [org.sunrise.game.core.server.BaseServerPulseHandler:22] - recv ping, cur NodeId = { RpcNode2000 }, from NodeId = { RpcNode2-ConnectTo-RpcNode2000 }, delay = 0 ms 
2026-04-13 16:39:39.613 DEBUG [nioEventLoopGroup-3-1] BaseServer [org.sunrise.game.core.server.BaseServerPulseHandler:22] - recv ping, cur NodeId = { RpcNode2000 }, from NodeId = { RpcNode100-ConnectTo-RpcNode2000 }, delay = 0 ms 
2026-04-13 16:39:39.621 DEBUG [nioEventLoopGroup-5-1] BaseClient [org.sunrise.game.core.client.BaseClientPulseHandler:27] - send ping, cur NodeId = { RpcNode2000-ConnectTo-RpcNode100 } 
2026-04-13 16:39:42.423 DEBUG [nioEventLoopGroup-3-2] BaseServer [org.sunrise.game.core.server.BaseServerPulseHandler:22] - recv ping, cur NodeId = { RpcNode2000 }, from NodeId = { RpcNode1000-ConnectTo-RpcNode2000 }, delay = 0 ms 
2026-04-13 16:39:42.428 DEBUG [nioEventLoopGroup-6-1] BaseClient [org.sunrise.game.core.client.BaseClientPulseHandler:27] - send ping, cur NodeId = { RpcNode2000-ConnectTo-RpcNode1000 } 
2026-04-13 16:39:43.908 DEBUG [nioEventLoopGroup-7-1] BaseClient [org.sunrise.game.core.client.BaseClientPulseHandler:27] - send ping, cur NodeId = { RpcNode2000-ConnectTo-RpcNode3 } 
2026-04-13 16:39:43.964 DEBUG [nioEventLoopGroup-3-3] BaseServer [org.sunrise.game.core.server.BaseServerPulseHandler:22] - recv ping, cur NodeId = { RpcNode2000 }, from NodeId = { RpcNode3-ConnectTo-RpcNode2000 }, delay = 0 ms 
2026-04-13 16:39:45.998 DEBUG [nioEventLoopGroup-8-1] BaseClient [org.sunrise.game.core.client.BaseClientPulseHandler:27] - send ping, cur NodeId = { RpcNode2000-ConnectTo-RpcNode2 } 
2026-04-13 16:39:46.042 DEBUG [nioEventLoopGroup-3-4] BaseServer [org.sunrise.game.core.server.BaseServerPulseHandler:22] - recv ping, cur NodeId = { RpcNode2000 }, from NodeId = { RpcNode2-ConnectTo-RpcNode2000 }, delay = 0 ms 
2026-04-13 16:39:49.613 DEBUG [nioEventLoopGroup-3-1] BaseServer [org.sunrise.game.core.server.BaseServerPulseHandler:22] - recv ping, cur NodeId = { RpcNode2000 }, from NodeId = { RpcNode100-ConnectTo-RpcNode2000 }, delay = 0 ms 
2026-04-13 16:39:49.622 DEBUG [nioEventLoopGroup-5-1] BaseClient [org.sunrise.game.core.client.BaseClientPulseHandler:27] - send ping, cur NodeId = { RpcNode2000-ConnectTo-RpcNode100 } 
2026-04-13 16:39:52.424 DEBUG [nioEventLoopGroup-3-2] BaseServer [org.sunrise.game.core.server.BaseServerPulseHandler:22] - recv ping, cur NodeId = { RpcNode2000 }, from NodeId = { RpcNode1000-ConnectTo-RpcNode2000 }, delay = 0 ms 
2026-04-13 16:39:52.429 DEBUG [nioEventLoopGroup-6-1] BaseClient [org.sunrise.game.core.client.BaseClientPulseHandler:27] - send ping, cur NodeId = { RpcNode2000-ConnectTo-RpcNode1000 } 
2026-04-13 16:39:53.908 DEBUG [nioEventLoopGroup-7-1] BaseClient [org.sunrise.game.core.client.BaseClientPulseHandler:27] - send ping, cur NodeId = { RpcNode2000-ConnectTo-RpcNode3 } 
2026-04-13 16:39:53.965 DEBUG [nioEventLoopGroup-3-3] BaseServer [org.sunrise.game.core.server.BaseServerPulseHandler:22] - recv ping, cur NodeId = { RpcNode2000 }, from NodeId = { RpcNode3-ConnectTo-RpcNode2000 }, delay = 0 ms 
2026-04-13 16:39:56.000 DEBUG [nioEventLoopGroup-8-1] BaseClient [org.sunrise.game.core.client.BaseClientPulseHandler:27] - send ping, cur NodeId = { RpcNode2000-ConnectTo-RpcNode2 } 
2026-04-13 16:39:56.043 DEBUG [nioEventLoopGroup-3-4] BaseServer [org.sunrise.game.core.server.BaseServerPulseHandler:22] - recv ping, cur NodeId = { RpcNode2000 }, from NodeId = { RpcNode2-ConnectTo-RpcNode2000 }, delay = 0 ms 
2026-04-13 16:39:59.614 DEBUG [nioEventLoopGroup-3-1] BaseServer [org.sunrise.game.core.server.BaseServerPulseHandler:22] - recv ping, cur NodeId = { RpcNode2000 }, from NodeId = { RpcNode100-ConnectTo-RpcNode2000 }, delay = 0 ms 
2026-04-13 16:39:59.622 DEBUG [nioEventLoopGroup-5-1] BaseClient [org.sunrise.game.core.client.BaseClientPulseHandler:27] - send ping, cur NodeId = { RpcNode2000-ConnectTo-RpcNode100 } 
2026-04-13 16:40:02.425 DEBUG [nioEventLoopGroup-3-2] BaseServer [org.sunrise.game.core.server.BaseServerPulseHandler:22] - recv ping, cur NodeId = { RpcNode2000 }, from NodeId = { RpcNode1000-ConnectTo-RpcNode2000 }, delay = 0 ms 
2026-04-13 16:40:02.429 DEBUG [nioEventLoopGroup-6-1] BaseClient [org.sunrise.game.core.client.BaseClientPulseHandler:27] - send ping, cur NodeId = { RpcNode2000-ConnectTo-RpcNode1000 } 
2026-04-13 16:40:03.908 DEBUG [nioEventLoopGroup-7-1] BaseClient [org.sunrise.game.core.client.BaseClientPulseHandler:27] - send ping, cur NodeId = { RpcNode2000-ConnectTo-RpcNode3 } 
2026-04-13 16:40:03.965 DEBUG [nioEventLoopGroup-3-3] BaseServer [org.sunrise.game.core.server.BaseServerPulseHandler:22] - recv ping, cur NodeId = { RpcNode2000 }, from NodeId = { RpcNode3-ConnectTo-RpcNode2000 }, delay = 0 ms 
2026-04-13 16:40:05.542 DEBUG [RpcServerMessageManager] RpcServer [org.sunrise.game.rpc.message.RpcServerMessageManager:37] - recv call, callId = 2, messageId = { 202826498331090949 }, cur NodeId = { RpcNode2000 }, from NodeId = { RpcNode1000-ConnectTo-RpcNode2000 }, data = { [humanId, 202825785504931845, type, 1] } 
2026-04-13 16:40:06.000 DEBUG [nioEventLoopGroup-8-1] BaseClient [org.sunrise.game.core.client.BaseClientPulseHandler:27] - send ping, cur NodeId = { RpcNode2000-ConnectTo-RpcNode2 } 
2026-04-13 16:40:06.043 DEBUG [nioEventLoopGroup-3-4] BaseServer [org.sunrise.game.core.server.BaseServerPulseHandler:22] - recv ping, cur NodeId = { RpcNode2000 }, from NodeId = { RpcNode2-ConnectTo-RpcNode2000 }, delay = 0 ms 
2026-04-13 16:40:09.145 INFO  [CheckMemory] ServerStartUp [org.sunrise.game.utils.Utils:125] - Memory : {  total memory: 256 MB, free memory: 194 MB, used memory: 61 MB } 
2026-04-13 16:40:09.616 DEBUG [nioEventLoopGroup-3-1] BaseServer [org.sunrise.game.core.server.BaseServerPulseHandler:22] - recv ping, cur NodeId = { RpcNode2000 }, from NodeId = { RpcNode100-ConnectTo-RpcNode2000 }, delay = 0 ms 
2026-04-13 16:40:09.622 DEBUG [nioEventLoopGroup-5-1] BaseClient [org.sunrise.game.core.client.BaseClientPulseHandler:27] - send ping, cur NodeId = { RpcNode2000-ConnectTo-RpcNode100 } 
2026-04-13 16:40:12.429 DEBUG [nioEventLoopGroup-6-1] BaseClient [org.sunrise.game.core.client.BaseClientPulseHandler:27] - send ping, cur NodeId = { RpcNode2000-ConnectTo-RpcNode1000 } 
2026-04-13 16:40:13.909 DEBUG [nioEventLoopGroup-7-1] BaseClient [org.sunrise.game.core.client.BaseClientPulseHandler:27] - send ping, cur NodeId = { RpcNode2000-ConnectTo-RpcNode3 } 
2026-04-13 16:40:13.966 DEBUG [nioEventLoopGroup-3-3] BaseServer [org.sunrise.game.core.server.BaseServerPulseHandler:22] - recv ping, cur NodeId = { RpcNode2000 }, from NodeId = { RpcNode3-ConnectTo-RpcNode2000 }, delay = 0 ms 
2026-04-13 16:40:15.540 DEBUG [nioEventLoopGroup-3-2] BaseServer [org.sunrise.game.core.server.BaseServerPulseHandler:22] - recv ping, cur NodeId = { RpcNode2000 }, from NodeId = { RpcNode1000-ConnectTo-RpcNode2000 }, delay = 0 ms 
2026-04-13 16:40:16.000 DEBUG [nioEventLoopGroup-8-1] BaseClient [org.sunrise.game.core.client.BaseClientPulseHandler:27] - send ping, cur NodeId = { RpcNode2000-ConnectTo-RpcNode2 } 
2026-04-13 16:40:16.043 DEBUG [nioEventLoopGroup-3-4] BaseServer [org.sunrise.game.core.server.BaseServerPulseHandler:22] - recv ping, cur NodeId = { RpcNode2000 }, from NodeId = { RpcNode2-ConnectTo-RpcNode2000 }, delay = 0 ms 
2026-04-13 16:40:19.617 DEBUG [nioEventLoopGroup-3-1] BaseServer [org.sunrise.game.core.server.BaseServerPulseHandler:22] - recv ping, cur NodeId = { RpcNode2000 }, from NodeId = { RpcNode100-ConnectTo-RpcNode2000 }, delay = 0 ms 
2026-04-13 16:40:19.623 DEBUG [nioEventLoopGroup-5-1] BaseClient [org.sunrise.game.core.client.BaseClientPulseHandler:27] - send ping, cur NodeId = { RpcNode2000-ConnectTo-RpcNode100 } 
2026-04-13 16:40:22.429 DEBUG [nioEventLoopGroup-6-1] BaseClient [org.sunrise.game.core.client.BaseClientPulseHandler:27] - send ping, cur NodeId = { RpcNode2000-ConnectTo-RpcNode1000 } 
2026-04-13 16:40:23.909 DEBUG [nioEventLoopGroup-7-1] BaseClient [org.sunrise.game.core.client.BaseClientPulseHandler:27] - send ping, cur NodeId = { RpcNode2000-ConnectTo-RpcNode3 } 
2026-04-13 16:40:23.967 DEBUG [nioEventLoopGroup-3-3] BaseServer [org.sunrise.game.core.server.BaseServerPulseHandler:22] - recv ping, cur NodeId = { RpcNode2000 }, from NodeId = { RpcNode3-ConnectTo-RpcNode2000 }, delay = 0 ms 
2026-04-13 16:40:25.541 DEBUG [nioEventLoopGroup-3-2] BaseServer [org.sunrise.game.core.server.BaseServerPulseHandler:22] - recv ping, cur NodeId = { RpcNode2000 }, from NodeId = { RpcNode1000-ConnectTo-RpcNode2000 }, delay = 0 ms 
2026-04-13 16:40:26.001 DEBUG [nioEventLoopGroup-8-1] BaseClient [org.sunrise.game.core.client.BaseClientPulseHandler:27] - send ping, cur NodeId = { RpcNode2000-ConnectTo-RpcNode2 } 
2026-04-13 16:40:26.044 DEBUG [nioEventLoopGroup-3-4] BaseServer [org.sunrise.game.core.server.BaseServerPulseHandler:22] - recv ping, cur NodeId = { RpcNode2000 }, from NodeId = { RpcNode2-ConnectTo-RpcNode2000 }, delay = 0 ms 
2026-04-13 16:40:29.617 DEBUG [nioEventLoopGroup-3-1] BaseServer [org.sunrise.game.core.server.BaseServerPulseHandler:22] - recv ping, cur NodeId = { RpcNode2000 }, from NodeId = { RpcNode100-ConnectTo-RpcNode2000 }, delay = 0 ms 
2026-04-13 16:40:29.623 DEBUG [nioEventLoopGroup-5-1] BaseClient [org.sunrise.game.core.client.BaseClientPulseHandler:27] - send ping, cur NodeId = { RpcNode2000-ConnectTo-RpcNode100 } 
2026-04-13 16:40:32.430 DEBUG [nioEventLoopGroup-6-1] BaseClient [org.sunrise.game.core.client.BaseClientPulseHandler:27] - send ping, cur NodeId = { RpcNode2000-ConnectTo-RpcNode1000 } 
2026-04-13 16:40:33.911 DEBUG [nioEventLoopGroup-7-1] BaseClient [org.sunrise.game.core.client.BaseClientPulseHandler:27] - send ping, cur NodeId = { RpcNode2000-ConnectTo-RpcNode3 } 
2026-04-13 16:40:33.967 DEBUG [nioEventLoopGroup-3-3] BaseServer [org.sunrise.game.core.server.BaseServerPulseHandler:22] - recv ping, cur NodeId = { RpcNode2000 }, from NodeId = { RpcNode3-ConnectTo-RpcNode2000 }, delay = 0 ms 
2026-04-13 16:40:35.542 DEBUG [nioEventLoopGroup-3-2] BaseServer [org.sunrise.game.core.server.BaseServerPulseHandler:22] - recv ping, cur NodeId = { RpcNode2000 }, from NodeId = { RpcNode1000-ConnectTo-RpcNode2000 }, delay = 0 ms 
2026-04-13 16:40:36.001 DEBUG [nioEventLoopGroup-8-1] BaseClient [org.sunrise.game.core.client.BaseClientPulseHandler:27] - send ping, cur NodeId = { RpcNode2000-ConnectTo-RpcNode2 } 
2026-04-13 16:40:36.044 DEBUG [nioEventLoopGroup-3-4] BaseServer [org.sunrise.game.core.server.BaseServerPulseHandler:22] - recv ping, cur NodeId = { RpcNode2000 }, from NodeId = { RpcNode2-ConnectTo-RpcNode2000 }, delay = 0 ms 
2026-04-13 16:40:39.618 DEBUG [nioEventLoopGroup-3-1] BaseServer [org.sunrise.game.core.server.BaseServerPulseHandler:22] - recv ping, cur NodeId = { RpcNode2000 }, from NodeId = { RpcNode100-ConnectTo-RpcNode2000 }, delay = 0 ms 
2026-04-13 16:40:39.624 DEBUG [nioEventLoopGroup-5-1] BaseClient [org.sunrise.game.core.client.BaseClientPulseHandler:27] - send ping, cur NodeId = { RpcNode2000-ConnectTo-RpcNode100 } 
2026-04-13 16:40:42.431 DEBUG [nioEventLoopGroup-6-1] BaseClient [org.sunrise.game.core.client.BaseClientPulseHandler:27] - send ping, cur NodeId = { RpcNode2000-ConnectTo-RpcNode1000 } 
2026-04-13 16:40:43.911 DEBUG [nioEventLoopGroup-7-1] BaseClient [org.sunrise.game.core.client.BaseClientPulseHandler:27] - send ping, cur NodeId = { RpcNode2000-ConnectTo-RpcNode3 } 
2026-04-13 16:40:43.967 DEBUG [nioEventLoopGroup-3-3] BaseServer [org.sunrise.game.core.server.BaseServerPulseHandler:22] - recv ping, cur NodeId = { RpcNode2000 }, from NodeId = { RpcNode3-ConnectTo-RpcNode2000 }, delay = 0 ms 
2026-04-13 16:40:45.542 DEBUG [nioEventLoopGroup-3-2] BaseServer [org.sunrise.game.core.server.BaseServerPulseHandler:22] - recv ping, cur NodeId = { RpcNode2000 }, from NodeId = { RpcNode1000-ConnectTo-RpcNode2000 }, delay = 0 ms 
2026-04-13 16:40:46.003 DEBUG [nioEventLoopGroup-8-1] BaseClient [org.sunrise.game.core.client.BaseClientPulseHandler:27] - send ping, cur NodeId = { RpcNode2000-ConnectTo-RpcNode2 } 
2026-04-13 16:40:46.044 DEBUG [nioEventLoopGroup-3-4] BaseServer [org.sunrise.game.core.server.BaseServerPulseHandler:22] - recv ping, cur NodeId = { RpcNode2000 }, from NodeId = { RpcNode2-ConnectTo-RpcNode2000 }, delay = 0 ms 
2026-04-13 16:40:49.618 DEBUG [nioEventLoopGroup-3-1] BaseServer [org.sunrise.game.core.server.BaseServerPulseHandler:22] - recv ping, cur NodeId = { RpcNode2000 }, from NodeId = { RpcNode100-ConnectTo-RpcNode2000 }, delay = 0 ms 
2026-04-13 16:40:49.624 DEBUG [nioEventLoopGroup-5-1] BaseClient [org.sunrise.game.core.client.BaseClientPulseHandler:27] - send ping, cur NodeId = { RpcNode2000-ConnectTo-RpcNode100 } 
2026-04-13 16:40:52.431 DEBUG [nioEventLoopGroup-6-1] BaseClient [org.sunrise.game.core.client.BaseClientPulseHandler:27] - send ping, cur NodeId = { RpcNode2000-ConnectTo-RpcNode1000 } 
2026-04-13 16:40:53.913 DEBUG [nioEventLoopGroup-7-1] BaseClient [org.sunrise.game.core.client.BaseClientPulseHandler:27] - send ping, cur NodeId = { RpcNode2000-ConnectTo-RpcNode3 } 
2026-04-13 16:40:53.968 DEBUG [nioEventLoopGroup-3-3] BaseServer [org.sunrise.game.core.server.BaseServerPulseHandler:22] - recv ping, cur NodeId = { RpcNode2000 }, from NodeId = { RpcNode3-ConnectTo-RpcNode2000 }, delay = 0 ms 
2026-04-13 16:40:55.543 DEBUG [nioEventLoopGroup-3-2] BaseServer [org.sunrise.game.core.server.BaseServerPulseHandler:22] - recv ping, cur NodeId = { RpcNode2000 }, from NodeId = { RpcNode1000-ConnectTo-RpcNode2000 }, delay = 0 ms 
2026-04-13 16:40:56.003 DEBUG [nioEventLoopGroup-8-1] BaseClient [org.sunrise.game.core.client.BaseClientPulseHandler:27] - send ping, cur NodeId = { RpcNode2000-ConnectTo-RpcNode2 } 
2026-04-13 16:40:56.045 DEBUG [nioEventLoopGroup-3-4] BaseServer [org.sunrise.game.core.server.BaseServerPulseHandler:22] - recv ping, cur NodeId = { RpcNode2000 }, from NodeId = { RpcNode2-ConnectTo-RpcNode2000 }, delay = 0 ms 
2026-04-13 16:40:59.619 DEBUG [nioEventLoopGroup-3-1] BaseServer [org.sunrise.game.core.server.BaseServerPulseHandler:22] - recv ping, cur NodeId = { RpcNode2000 }, from NodeId = { RpcNode100-ConnectTo-RpcNode2000 }, delay = 0 ms 
2026-04-13 16:40:59.625 DEBUG [nioEventLoopGroup-5-1] BaseClient [org.sunrise.game.core.client.BaseClientPulseHandler:27] - send ping, cur NodeId = { RpcNode2000-ConnectTo-RpcNode100 } 
2026-04-13 16:41:02.431 DEBUG [nioEventLoopGroup-6-1] BaseClient [org.sunrise.game.core.client.BaseClientPulseHandler:27] - send ping, cur NodeId = { RpcNode2000-ConnectTo-RpcNode1000 } 
2026-04-13 16:41:03.913 DEBUG [nioEventLoopGroup-7-1] BaseClient [org.sunrise.game.core.client.BaseClientPulseHandler:27] - send ping, cur NodeId = { RpcNode2000-ConnectTo-RpcNode3 } 
2026-04-13 16:41:03.967 DEBUG [nioEventLoopGroup-3-3] BaseServer [org.sunrise.game.core.server.BaseServerPulseHandler:22] - recv ping, cur NodeId = { RpcNode2000 }, from NodeId = { RpcNode3-ConnectTo-RpcNode2000 }, delay = 0 ms 
2026-04-13 16:41:05.544 DEBUG [nioEventLoopGroup-3-2] BaseServer [org.sunrise.game.core.server.BaseServerPulseHandler:22] - recv ping, cur NodeId = { RpcNode2000 }, from NodeId = { RpcNode1000-ConnectTo-RpcNode2000 }, delay = 0 ms 
2026-04-13 16:41:06.004 DEBUG [nioEventLoopGroup-8-1] BaseClient [org.sunrise.game.core.client.BaseClientPulseHandler:27] - send ping, cur NodeId = { RpcNode2000-ConnectTo-RpcNode2 } 
2026-04-13 16:41:06.046 DEBUG [nioEventLoopGroup-3-4] BaseServer [org.sunrise.game.core.server.BaseServerPulseHandler:22] - recv ping, cur NodeId = { RpcNode2000 }, from NodeId = { RpcNode2-ConnectTo-RpcNode2000 }, delay = 0 ms 
2026-04-13 16:41:09.146 INFO  [CheckMemory] ServerStartUp [org.sunrise.game.utils.Utils:125] - Memory : {  total memory: 256 MB, free memory: 193 MB, used memory: 62 MB } 
2026-04-13 16:41:09.620 DEBUG [nioEventLoopGroup-3-1] BaseServer [org.sunrise.game.core.server.BaseServerPulseHandler:22] - recv ping, cur NodeId = { RpcNode2000 }, from NodeId = { RpcNode100-ConnectTo-RpcNode2000 }, delay = 0 ms 
2026-04-13 16:41:09.625 DEBUG [nioEventLoopGroup-5-1] BaseClient [org.sunrise.game.core.client.BaseClientPulseHandler:27] - send ping, cur NodeId = { RpcNode2000-ConnectTo-RpcNode100 } 
2026-04-13 16:41:12.432 DEBUG [nioEventLoopGroup-6-1] BaseClient [org.sunrise.game.core.client.BaseClientPulseHandler:27] - send ping, cur NodeId = { RpcNode2000-ConnectTo-RpcNode1000 } 
2026-04-13 16:41:13.913 DEBUG [nioEventLoopGroup-7-1] BaseClient [org.sunrise.game.core.client.BaseClientPulseHandler:27] - send ping, cur NodeId = { RpcNode2000-ConnectTo-RpcNode3 } 
2026-04-13 16:41:13.968 DEBUG [nioEventLoopGroup-3-3] BaseServer [org.sunrise.game.core.server.BaseServerPulseHandler:22] - recv ping, cur NodeId = { RpcNode2000 }, from NodeId = { RpcNode3-ConnectTo-RpcNode2000 }, delay = 0 ms 
2026-04-13 16:41:15.544 DEBUG [nioEventLoopGroup-3-2] BaseServer [org.sunrise.game.core.server.BaseServerPulseHandler:22] - recv ping, cur NodeId = { RpcNode2000 }, from NodeId = { RpcNode1000-ConnectTo-RpcNode2000 }, delay = 0 ms 
2026-04-13 16:41:16.004 DEBUG [nioEventLoopGroup-8-1] BaseClient [org.sunrise.game.core.client.BaseClientPulseHandler:27] - send ping, cur NodeId = { RpcNode2000-ConnectTo-RpcNode2 } 
2026-04-13 16:41:16.046 DEBUG [nioEventLoopGroup-3-4] BaseServer [org.sunrise.game.core.server.BaseServerPulseHandler:22] - recv ping, cur NodeId = { RpcNode2000 }, from NodeId = { RpcNode2-ConnectTo-RpcNode2000 }, delay = 0 ms 
2026-04-13 16:41:19.621 DEBUG [nioEventLoopGroup-3-1] BaseServer [org.sunrise.game.core.server.BaseServerPulseHandler:22] - recv ping, cur NodeId = { RpcNode2000 }, from NodeId = { RpcNode100-ConnectTo-RpcNode2000 }, delay = 0 ms 
2026-04-13 16:41:19.626 DEBUG [nioEventLoopGroup-5-1] BaseClient [org.sunrise.game.core.client.BaseClientPulseHandler:27] - send ping, cur NodeId = { RpcNode2000-ConnectTo-RpcNode100 } 
2026-04-13 16:41:22.433 DEBUG [nioEventLoopGroup-6-1] BaseClient [org.sunrise.game.core.client.BaseClientPulseHandler:27] - send ping, cur NodeId = { RpcNode2000-ConnectTo-RpcNode1000 } 
2026-04-13 16:41:23.914 DEBUG [nioEventLoopGroup-7-1] BaseClient [org.sunrise.game.core.client.BaseClientPulseHandler:27] - send ping, cur NodeId = { RpcNode2000-ConnectTo-RpcNode3 } 
2026-04-13 16:41:23.968 DEBUG [nioEventLoopGroup-3-3] BaseServer [org.sunrise.game.core.server.BaseServerPulseHandler:22] - recv ping, cur NodeId = { RpcNode2000 }, from NodeId = { RpcNode3-ConnectTo-RpcNode2000 }, delay = 0 ms 
2026-04-13 16:41:25.545 DEBUG [nioEventLoopGroup-3-2] BaseServer [org.sunrise.game.core.server.BaseServerPulseHandler:22] - recv ping, cur NodeId = { RpcNode2000 }, from NodeId = { RpcNode1000-ConnectTo-RpcNode2000 }, delay = 0 ms 
2026-04-13 16:41:26.004 DEBUG [nioEventLoopGroup-8-1] BaseClient [org.sunrise.game.core.client.BaseClientPulseHandler:27] - send ping, cur NodeId = { RpcNode2000-ConnectTo-RpcNode2 } 
2026-04-13 16:41:26.047 DEBUG [nioEventLoopGroup-3-4] BaseServer [org.sunrise.game.core.server.BaseServerPulseHandler:22] - recv ping, cur NodeId = { RpcNode2000 }, from NodeId = { RpcNode2-ConnectTo-RpcNode2000 }, delay = 0 ms 
2026-04-13 16:41:29.621 DEBUG [nioEventLoopGroup-3-1] BaseServer [org.sunrise.game.core.server.BaseServerPulseHandler:22] - recv ping, cur NodeId = { RpcNode2000 }, from NodeId = { RpcNode100-ConnectTo-RpcNode2000 }, delay = 0 ms 
2026-04-13 16:41:29.627 DEBUG [nioEventLoopGroup-5-1] BaseClient [org.sunrise.game.core.client.BaseClientPulseHandler:27] - send ping, cur NodeId = { RpcNode2000-ConnectTo-RpcNode100 } 
2026-04-13 16:41:32.433 DEBUG [nioEventLoopGroup-6-1] BaseClient [org.sunrise.game.core.client.BaseClientPulseHandler:27] - send ping, cur NodeId = { RpcNode2000-ConnectTo-RpcNode1000 } 
2026-04-13 16:41:33.914 DEBUG [nioEventLoopGroup-7-1] BaseClient [org.sunrise.game.core.client.BaseClientPulseHandler:27] - send ping, cur NodeId = { RpcNode2000-ConnectTo-RpcNode3 } 
2026-04-13 16:41:33.969 DEBUG [nioEventLoopGroup-3-3] BaseServer [org.sunrise.game.core.server.BaseServerPulseHandler:22] - recv ping, cur NodeId = { RpcNode2000 }, from NodeId = { RpcNode3-ConnectTo-RpcNode2000 }, delay = 0 ms 
2026-04-13 16:41:35.545 DEBUG [nioEventLoopGroup-3-2] BaseServer [org.sunrise.game.core.server.BaseServerPulseHandler:22] - recv ping, cur NodeId = { RpcNode2000 }, from NodeId = { RpcNode1000-ConnectTo-RpcNode2000 }, delay = 0 ms 
2026-04-13 16:41:36.004 DEBUG [nioEventLoopGroup-8-1] BaseClient [org.sunrise.game.core.client.BaseClientPulseHandler:27] - send ping, cur NodeId = { RpcNode2000-ConnectTo-RpcNode2 } 
2026-04-13 16:41:36.047 DEBUG [nioEventLoopGroup-3-4] BaseServer [org.sunrise.game.core.server.BaseServerPulseHandler:22] - recv ping, cur NodeId = { RpcNode2000 }, from NodeId = { RpcNode2-ConnectTo-RpcNode2000 }, delay = 0 ms 
2026-04-13 16:41:39.445 ERROR [nioEventLoopGroup-3-1] BaseServer [org.sunrise.game.core.server.BaseServerHandler:82] - disconnected, connectNode = { RpcNode100-ConnectTo-RpcNode2000 }, remoteAddress = /127.0.0.1:59407 
2026-04-13 16:41:39.627 DEBUG [nioEventLoopGroup-5-1] BaseClient [org.sunrise.game.core.client.BaseClientPulseHandler:27] - send ping, cur NodeId = { RpcNode2000-ConnectTo-RpcNode100 } 
2026-04-13 16:41:39.950 ERROR [nioEventLoopGroup-5-1] BaseClient [org.sunrise.game.core.client.BaseClientHandler:60] - Exception caught: cur nodeId = { RpcNode2000-ConnectTo-RpcNode100 },  Connection reset 
2026-04-13 16:41:39.952 ERROR [nioEventLoopGroup-5-1] BaseClient [org.sunrise.game.core.client.BaseClientHandler:55] - server disconnected, cur NodeId = { RpcNode2000-ConnectTo-RpcNode100 }, remoteAddress = /127.0.0.1:20000 
2026-04-13 16:41:42.433 DEBUG [nioEventLoopGroup-6-1] BaseClient [org.sunrise.game.core.client.BaseClientPulseHandler:27] - send ping, cur NodeId = { RpcNode2000-ConnectTo-RpcNode1000 } 
2026-04-13 16:41:43.914 DEBUG [nioEventLoopGroup-7-1] BaseClient [org.sunrise.game.core.client.BaseClientPulseHandler:27] - send ping, cur NodeId = { RpcNode2000-ConnectTo-RpcNode3 } 
2026-04-13 16:41:43.970 DEBUG [nioEventLoopGroup-3-3] BaseServer [org.sunrise.game.core.server.BaseServerPulseHandler:22] - recv ping, cur NodeId = { RpcNode2000 }, from NodeId = { RpcNode3-ConnectTo-RpcNode2000 }, delay = 0 ms 
2026-04-13 16:41:45.545 DEBUG [nioEventLoopGroup-3-2] BaseServer [org.sunrise.game.core.server.BaseServerPulseHandler:22] - recv ping, cur NodeId = { RpcNode2000 }, from NodeId = { RpcNode1000-ConnectTo-RpcNode2000 }, delay = 0 ms 
2026-04-13 16:41:46.005 DEBUG [nioEventLoopGroup-8-1] BaseClient [org.sunrise.game.core.client.BaseClientPulseHandler:27] - send ping, cur NodeId = { RpcNode2000-ConnectTo-RpcNode2 } 
2026-04-13 16:41:46.048 DEBUG [nioEventLoopGroup-3-4] BaseServer [org.sunrise.game.core.server.BaseServerPulseHandler:22] - recv ping, cur NodeId = { RpcNode2000 }, from NodeId = { RpcNode2-ConnectTo-RpcNode2000 }, delay = 0 ms 
2026-04-13 16:41:48.229 INFO  [ServerShutdown] BaseServer [org.sunrise.game.core.server.BaseServer:104] - BaseServer close, nodeId = { RpcNode2000 }, messageManager = { RpcServerMessageManager }, BaseServerHandler = { RpcServerHandler }, localAddress = { /[0:0:0:0:0:0:0:0]:20001 } 
2026-04-13 16:41:48.230 ERROR [nioEventLoopGroup-6-1] BaseClient [org.sunrise.game.core.client.BaseClientHandler:55] - server disconnected, cur NodeId = { RpcNode2000-ConnectTo-RpcNode1000 }, remoteAddress = /127.0.0.1:20002 
2026-04-13 16:41:48.230 ERROR [nioEventLoopGroup-8-1] BaseClient [org.sunrise.game.core.client.BaseClientHandler:55] - server disconnected, cur NodeId = { RpcNode2000-ConnectTo-RpcNode2 }, remoteAddress = /127.0.0.1:20004 
2026-04-13 16:41:48.230 ERROR [nioEventLoopGroup-7-1] BaseClient [org.sunrise.game.core.client.BaseClientHandler:55] - server disconnected, cur NodeId = { RpcNode2000-ConnectTo-RpcNode3 }, remoteAddress = /127.0.0.1:20003 
2026-04-13 16:41:48.230 ERROR [nioEventLoopGroup-4-1] BaseClient [org.sunrise.game.core.client.BaseClientHandler:55] - server disconnected, cur NodeId = { RpcNode2000-ReportClient }, remoteAddress = /127.0.0.1:8000 
